"352160330","POZNAÑ","2018","01","01",9.7,"",5.2,"",7.9,"",2.3,"",.1,"","W",0,"9",.0,"9",1.2,"",.7,"",.0,"9",.0,"9",.0,"9",.0,"9",.0,"9",.0,"9",.0,"9",.0,"9",.0,"9",.0,"9",.0,"9",.0,"9",.0,"9",.0,"9",.0,"9",0,"",0,"","R",0,"9",0,"9",0,"8"
"352160330","POZNAÑ","2018","01","02",5.4,"",.9,"",3.4,"",-1.7,"",2.0,"","W",0,"9",.0,"9",.0,"9",6.5,"",.0,"9",.0,"9",.0,"9",.0,"9",8.9,"",.0,"9",.0,"9",.0,"9",.0,"9",.0,"9",.0,"9",.0,"9",.0,"9",.0,"9",.0,"9",0,"",0,"","R",0,"9",0,"9",0,"8"
"352160330","POZNAÑ","2018","01","03",4.9,"",.8,"",3.1,"",-.1,"",7.3,"","S",0,"9",.0,"9",.0,"9",5.1,"",.0,"9",2.7,"",.0,"9",.0,"9",7.7,"",.0,"9",.0,"9",.0,"9",.0,"9",.0,"9",.0,"9",.0,"9",.0,"9",.0,"9",.0,"9",0,"",0,"","R",0,"9",0,"9",0,"8"
"352160330","POZNAÑ","2018","01","04",7.1,"",4.6,"",6.3,"",3.1,"",.1,"","W",0,"9",.0,"9",.0,"9",5.6,"",.0,"9",.0,"9",.0,"9",.0,"9",.0,"9",.0,"9",.0,"9",.0,"9",.0,"9",.0,"9",.3,"",.0,"9",.0,"9",.0,"9",.0,"9",0,"",0,"","R",0,"9",0,"9",0,"8"
"352160330","POZNAÑ","2018","01","05",8.9,"",5.1,"",6.9,"",3.8,"",.0,"","W",0,"9",.0,"9",1.1,"",1.1,"",.0,"9",.0,"9",.0,"9",.0,"9",.0,"9",.0,"9",.0,"9",.0,"9",.0,"9",.0,"9",.2,"",.0,"9",.0,"9",.0,"9",.0,"9",0,"",0,"","R",0,"9",0,"9",0,"8"
"352160330","POZNAÑ","2018","01","06",8.2,"",2.5,"",4.5,"",-1.1,"",.0,"9","",0,"9",.0,"9",3.8,"",.0,"9",.0,"9",.0,"9",.0,"9",.0,"9",9.3,"",.0,"9",.0,"9",.0,"9",.0,"9",.0,"9",.0,"9",.0,"9",.0,"9",.0,"9",.0,"9",0,"",0,"","R",0,"9",0,"9",0,"8"
"352160330","POZNAÑ","2018","01","07",3.5,"",-1.3,"",1.3,"",-4.7,"",.0,"9","",0,"9",.0,"9",.0,"9",.0,"9",.0,"9",.0,"9",.0,"9",.0,"9",.3,"",.0,"9",.0,"9",.0,"9",.0,"9",.0,"9",.0,"9",.0,"9",.0,"9",.0,"9",.0,"9",0,"",0,"","R",0,"9",0,"9",0,"8"
"352160330","POZNAÑ","2018","01","08",1.4,"",-7.6,"",-3.1,"",-12.6,"",.0,"9","",0,"9",.0,"9",7.6,"",.0,"9",.0,"9",.0,"9",.0,"9",.0,"9",.0,"9",.0,"9",.0,"9",.0,"9",.0,"9",.0,"9",.0,"9",.0,"9",.0,"9",.0,"9",13.0,"",0,"",0,"","Z",14,"",0,"9",0,"8"
"352160330","POZNAÑ","2018","01","09",4.2,"",-4.1,"",.7,"",-6.7,"",.0,"9","",0,"9",.0,"9",6.3,"",.0,"9",.0,"9",.0,"9",.0,"9",.0,"9",.0,"9",.0,"9",.0,"9",.0,"9",.0,"9",.0,"9",.0,"9",.0,"9",.0,"9",.0,"9",7.0,"",0,"",0,"","Z",18,"",0,"9",0,"8"
"352160330","POZNAÑ","2018","01","10",3.3,"",2.3,"",2.7,"",1.3,"",6.9,"","S",0,"9",.0,"9",.0,"9",10.0,"",.0,"9",.0,"9",.0,"9",.0,"9",11.5,"",.0,"9",.0,"9",.0,"9",.0,"9",.0,"9",.0,"9",.0,"9",.0,"9",.0,"9",.0,"9",0,"",0,"","Z",10,"",0,"9",0,"8"
"352160330","POZNAÑ","2018","01","11",2.7,"",.3,"",.9,"",.0,"",.3,"","S",0,"9",.0,"9",.0,"9",4.2,"",1.8,"",.5,"",.0,"9",.0,"9",24.0,"",.0,"9",.0,"9",.0,"9",.0,"9",.0,"9",.0,"9",.0,"9",.0,"9",.0,"9",.0,"9",0,"",0,"","R",0,"9",0,"9",0,"8"
"352160330","POZNAÑ","2018","01","12",.9,"",-.9,"",.0,"",-1.0,"",.0,"","S",0,"9",.0,"9",.0,"9",.8,"",3.2,"",.0,"9",.0,"9",.0,"9",20.6,"",.0,"9",.0,"9",.0,"9",.0,"9",.0,"9",.0,"9",.0,"9",.0,"9",.0,"9",.0,"9",0,"",0,"","",0,"9",0,"9",0,"8"
"352160330","POZNAÑ","2018","01","13",.4,"",-2.5,"",-.7,"",-4.4,"",.0,"9","",0,"9",.0,"9",1.0,"",.0,"9",.0,"9",.0,"9",.0,"9",.0,"9",.0,"9",.0,"9",.0,"9",.0,"9",.0,"9",.0,"9",.0,"9",.0,"9",.0,"9",.0,"9",.0,"9",0,"",0,"","Z",8,"",0,"9",0,"8"
"352160330","POZNAÑ","2018","01","14",-.1,"",-3.1,"",-3.0,"",-3.2,"",.0,"9","",0,"9",.0,"9",.0,"9",.0,"9",.0,"9",.0,"9",.0,"9",.0,"9",.0,"9",.0,"9",.0,"9",.0,"9",.0,"9",.0,"9",.0,"9",.0,"9",.0,"9",.0,"9",.0,"9",0,"",0,"","Z",10,"",0,"9",0,"8"
"352160330","POZNAÑ","2018","01","15",-.8,"",-6.8,"",-3.7,"",-7.8,"",.8,"","S",0,"9",.0,"9",6.7,"",.0,"9",.0,"9",.0,"9",.0,"9",.0,"9",.0,"9",.0,"9",.0,"9",.0,"9",.0,"9",.0,"9",.0,"9",.0,"9",.0,"9",.0,"9",.0,"9",0,"",0,"","Z",18,"",0,"9",0,"8"
"352160330","POZNAÑ","2018","01","16",1.6,"",-2.3,"",-.5,"",-3.9,"",6.0,"","S",1,"",.0,"9",.5,"",.0,"9",13.6,"",.6,"",.0,"9",.0,"9",13.1,"",.0,"9",.0,"9",2.0,"",.0,"9",.0,"9",.0,"9",.0,"9",.0,"9",.0,"9",.0,"9",1,"",0,"","Z",20,"",0,"9",0,"8"
"352160330","POZNAÑ","2018","01","17",2.1,"",.2,"",1.0,"",-.9,"",1.4,"","S",3,"",.0,"9",1.3,"",.2,"",5.4,"",2.3,"",.0,"9",.0,"9",2.1,"",.0,"9",.0,"9",.0,"9",.0,"9",.0,"9",.0,"9",.0,"9",.0,"9",.0,"9",.0,"9",1,"",0,"","Z",13,"",0,"9",0,"8"
"352160330","POZNAÑ","2018","01","18",2.4,"",.1,"",1.2,"",-.2,"",11.6,"","S",3,"",.0,"9",1.2,"",4.2,"",6.4,"",1.4,"",.0,"9",.0,"9",2.2,"",.0,"9",.0,"9",.0,"9",.0,"9",.0,"9",3.3,"",.0,"9",.0,"9",.0,"9",.0,"9",1,"",0,"","R",10,"",4,"",0,"8"
"352160330","POZNAÑ","2018","01","19",2.4,"",.3,"",1.1,"",.0,"",1.9,"","S",4,"",.0,"9",.3,"",.6,"",3.0,"",2.1,"",.0,"9",.0,"9",7.8,"",.0,"9",.0,"9",.0,"9",.0,"9",.0,"9",2.3,"",.0,"9",.0,"9",.0,"9",.0,"9",1,"",0,"","R",0,"9",0,"9",0,"8"
"352160330","POZNAÑ","2018","01","20",1.4,"",.0,"",.7,"",-.9,"",.5,"","S",4,"",.0,"9",.0,"9",.0,"9",4.9,"",.0,"9",.0,"9",2.8,"",21.3,"",.0,"9",.0,"9",.0,"9",.0,"9",.0,"9",.0,"9",.0,"9",.0,"9",.0,"9",.0,"9",1,"",0,"","Z",5,"",0,"9",0,"8"
"352160330","POZNAÑ","2018","01","21",.7,"",-2.1,"",-.5,"",-6.3,"",.0,"","S",4,"",.0,"9",.0,"9",.0,"9",6.5,"",.0,"9",.0,"9",.2,"",23.8,"",.0,"9",.0,"9",.0,"9",.0,"9",.0,"9",.0,"9",.0,"9",.0,"9",.0,"9",.0,"9",1,"",0,"","",8,"",0,"9",0,"8"
"352160330","POZNAÑ","2018","01","22",.1,"",-2.9,"",-2.0,"",-5.3,"",.0,"9","",3,"",.0,"9",.8,"",.0,"9",.0,"9",.0,"9",.0,"9",.8,"",23.2,"",.0,"9",.0,"9",.0,"9",.0,"9",.0,"9",.0,"9",.0,"9",.0,"9",.0,"9",.0,"9",1,"",0,"","Z",0,"9",8,"",0,"8"
"352160330","POZNAÑ","2018","01","23",-.4,"",-6.4,"",-2.8,"",-8.7,"",.0,"","W",3,"",.0,"9",5.6,"",.0,"9",.0,"9",.0,"9",.0,"9",.0,"9",24.0,"",.0,"9",.0,"9",.0,"9",.0,"9",.0,"9",.0,"9",.0,"9",.0,"9",.0,"9",.0,"9",1,"",0,"","R",15,"",4,"",0,"8"
"352160330","POZNAÑ","2018","01","24",7.2,"",-2.3,"",3.8,"",-5.8,"",.2,"","W",1,"",.0,"9",.8,"",5.4,"",.0,"9",.0,"9",.0,"9",.0,"9",13.5,"",.0,"9",.0,"9",.0,"9",.0,"9",.0,"9",.0,"9",.0,"9",.0,"9",.0,"9",.0,"9",1,"",0,"","R",10,"",4,"",0,"8"
"352160330","POZNAÑ","2018","01","25",8.8,"",4.3,"",6.6,"",1.5,"",.4,"","W",0,"9",.0,"9",.0,"9",3.9,"",.0,"9",.0,"9",.0,"9",.0,"9",7.5,"",.0,"9",.0,"9",.0,"9",.0,"9",.0,"9",.0,"9",.0,"9",.0,"9",.0,"9",.0,"9",0,"",0,"","Z",1,"",0,"9",0,"8"
"352160330","POZNAÑ","2018","01","26",6.8,"",3.1,"",4.9,"",.9,"",.0,"","W",0,"9",.0,"9",.0,"9",.4,"",.0,"9",.0,"9",.0,"9",1.4,"",22.6,"",.0,"9",.0,"9",.0,"9",.0,"9",.0,"9",.0,"9",.0,"9",.0,"9",.0,"9",.0,"9",0,"",0,"","R",0,"9",0,"9",0,"8"
"352160330","POZNAÑ","2018","01","27",5.6,"",3.3,"",4.2,"",2.4,"",.4,"","W",0,"9",.0,"9",.9,"",1.5,"",.0,"9",.0,"9",.0,"9",10.2,"",13.9,"",.0,"9",.0,"9",.0,"9",.0,"9",.0,"9",.0,"9",.0,"9",.0,"9",.0,"9",.0,"9",0,"",0,"","R",0,"9",0,"9",0,"8"
"352160330","POZNAÑ","2018","01","28",8.2,"",2.9,"",6.1,"",2.1,"",1.5,"","W",0,"9",.0,"9",.9,"",3.1,"",.0,"9",.0,"9",.0,"9",.0,"9",4.5,"",.0,"9",.0,"9",.0,"9",.0,"9",.0,"9",.0,"9",.0,"9",.0,"9",.0,"9",.0,"9",0,"",0,"","R",0,"9",0,"9",0,"8"
"352160330","POZNAÑ","2018","01","29",10.0,"",7.1,"",9.1,"",6.8,"",3.8,"","W",0,"9",.0,"9",.0,"9",10.7,"",.0,"9",.0,"9",.0,"9",.0,"9",5.3,"",.0,"9",.0,"9",.0,"9",.0,"9",.0,"9",1.1,"",.0,"9",.0,"9",.0,"9",.0,"9",0,"",0,"","R",0,"9",0,"9",0,"8"
"352160330","POZNAÑ","2018","01","30",9.7,"",3.5,"",4.6,"",2.2,"",.0,"","W",0,"9",.0,"9",1.0,"",1.2,"",.0,"9",.0,"9",.0,"9",.0,"9",.0,"9",.0,"9",.0,"9",.0,"9",.0,"9",.0,"9",4.9,"",.0,"9",.0,"9",.0,"9",.0,"9",0,"",0,"","R",0,"9",0,"9",0,"8"
"352160330","POZNAÑ","2018","01","31",6.1,"",-.5,"",3.3,"",-3.0,"",3.5,"","W",0,"9",.0,"9",.7,"",7.3,"",.0,"9",.0,"9",.0,"9",.0,"9",.0,"9",.0,"9",.0,"9",.0,"9",.0,"9",.0,"9",.0,"9",.0,"9",.0,"9",.0,"9",.0,"9",0,"",0,"","Z",5,"",0,"9",0,"8"
"352160330","POZNAÑ","2018","02","01",6.3,"",3.3,"",4.6,"",1.3,"",1.6,"","W",0,"9",.0,"9",.5,"",7.1,"",.0,"9",.0,"9",.0,"9",.0,"9",8.6,"",.0,"9",.0,"9",.0,"9",.0,"9",.0,"9",.0,"9",.0,"9",.0,"9",.0,"9",.0,"9",0,"",0,"","R",0,"9",0,"9",0,"8"
"352160330","POZNAÑ","2018","02","02",5.5,"",-.7,"",2.1,"",-3.7,"",.0,"","S",0,"9",.0,"9",6.9,"",.0,"9",.0,"9",.0,"9",.0,"9",.0,"9",2.8,"",.0,"9",.0,"9",.0,"9",.0,"9",.0,"9",.0,"9",.0,"9",.0,"9",.0,"9",.0,"9",0,"",0,"","",6,"",0,"9",0,"8"
"352160330","POZNAÑ","2018","02","03",5.1,"",.7,"",2.1,"",-.8,"",.7,"","S",0,"9",.0,"9",.9,"",1.9,"",.3,"",.0,"9",.0,"9",.0,"9",5.6,"",.0,"9",.0,"9",.0,"9",.0,"9",.0,"9",.0,"9",.0,"9",.0,"9",.0,"9",.0,"9",0,"",0,"","R",0,"9",0,"9",0,"8"
"352160330","POZNAÑ","2018","02","04",1.4,"",-.4,"",.3,"",-2.0,"",.7,"","S",0,"9",.0,"9",.0,"9",.0,"9",6.7,"",.0,"9",.0,"9",.0,"9",14.4,"",.0,"9",.0,"9",.0,"9",.0,"9",.0,"9",.0,"9",.0,"9",.0,"9",.0,"9",.0,"9",0,"",0,"","R",0,"9",0,"9",0,"8"
"352160330","POZNAÑ","2018","02","05",.0,"",-3.8,"",-2.3,"",-7.8,"",.0,"9","",1,"",.0,"9",6.6,"",.0,"9",4.5,"",.0,"9",.0,"9",.0,"9",1.0,"",.0,"9",.0,"9",.0,"9",.0,"9",.0,"9",.0,"9",.0,"9",.0,"9",.0,"9",.0,"9",1,"",0,"","Z",8,"",0,"9",0,"8"
"352160330","POZNAÑ","2018","02","06",-.2,"",-4.9,"",-3.3,"",-9.8,"",.0,"9","",0,"9",.0,"9",2.9,"",.0,"9",.0,"9",.0,"9",.0,"9",.0,"9",2.0,"",.0,"9",.0,"9",.0,"9",.0,"9",.0,"9",.0,"9",.0,"9",.0,"9",.0,"9",5.0,"",0,"",0,"","Z",14,"",0,"9",0,"8"
"352160330","POZNAÑ","2018","02","07",1.1,"",-7.0,"",-3.7,"",-11.2,"",.0,"9","",0,"9",.0,"9",7.9,"",.0,"9",.0,"9",.0,"9",.0,"9",.0,"9",14.9,"",.0,"9",.0,"9",.0,"9",.0,"9",5.5,"",.0,"9",.0,"9",.0,"9",.0,"9",8.0,"",0,"",0,"","Z",20,"",0,"9",0,"8"
"352160330","POZNAÑ","2018","02","08",.8,"",-6.0,"",-3.6,"",-9.9,"",.0,"9","",0,"9",.0,"9",5.0,"",.0,"9",.0,"9",.0,"9",.0,"9",.0,"9",19.0,"",.0,"9",.0,"9",.0,"9",.0,"9",5.0,"",.0,"9",.0,"9",.0,"9",.0,"9",4.0,"",0,"",0,"","Z",25,"",0,"9",0,"8"
"352160330","POZNAÑ","2018","02","09",-3.5,"",-10.5,"",-6.8,"",-14.1,"",.0,"","S",0,"9",.0,"9",.0,"9",.0,"9",.0,"9",.0,"9",.0,"9",.0,"9",24.0,"",.0,"9",.0,"9",.0,"9",.0,"9",.0,"9",.0,"9",.0,"9",.0,"9",.0,"9",24.0,"",0,"",0,"","",37,"",0,"9",0,"8"
"352160330","POZNAÑ","2018","02","10",-.8,"",-7.5,"",-4.0,"",-10.5,"",.0,"9","",0,"9",.0,"9",2.8,"",.0,"9",1.0,"",.0,"9",.0,"9",.0,"9",24.0,"",.0,"9",.0,"9",.0,"9",.0,"9",.0,"9",.0,"9",.0,"9",.0,"9",.0,"9",3.7,"",0,"",0,"","Z",39,"",0,"9",0,"8"
"352160330","POZNAÑ","2018","02","11",2.2,"",-4.0,"",.1,"",-6.8,"",1.4,"","S",0,"9",.0,"9",.0,"9",1.7,"",2.1,"",.0,"9",.0,"9",.0,"9",18.0,"",.0,"9",.0,"9",.0,"9",.0,"9",3.6,"",.0,"9",.0,"9",.0,"9",.0,"9",.0,"9",0,"",0,"","Z",34,"",0,"9",0,"8"
"352160330","POZNAÑ","2018","02","12",4.5,"",-.2,"",1.2,"",-4.2,"",.0,"9","",0,"",.0,"9",3.6,"",1.6,"",.8,"",.8,"",.0,"9",.0,"9",15.5,"",.0,"9",.0,"9",.0,"9",.0,"9",.0,"9",.0,"9",.0,"9",.0,"9",.0,"9",4.0,"",0,"",0,"","Z",24,"",0,"9",0,"8"
"352160330","POZNAÑ","2018","02","13",3.5,"",-5.5,"",-1.4,"",-9.2,"",.0,"","S",0,"9",.0,"9",4.6,"",.0,"9",.0,"9",.0,"9",.0,"9",.7,"",19.3,"",.0,"9",.0,"9",.0,"9",.0,"9",.0,"9",.0,"9",.0,"9",.0,"9",.0,"9",2.4,"",0,"",0,"","",24,"",0,"9",0,"8"
"352160330","POZNAÑ","2018","02","14",-1.6,"",-5.5,"",-2.7,"",-9.9,"",.0,"","S",0,"",.0,"9",.0,"9",.0,"9",1.0,"",.0,"9",.0,"9",9.8,"",14.2,"",23.3,"",.0,"9",.0,"9",.0,"9",.0,"9",.0,"9",.0,"9",.0,"9",.0,"9",.0,"9",0,"",0,"","",33,"",4,"",0,"8"
"352160330","POZNAÑ","2018","02","15",.9,"",-2.6,"",-.5,"",-2.5,"",.0,"","S",0,"",.0,"9",.1,"",.0,"9",4.4,"",.0,"9",.0,"9",.0,"9",17.6,"",8.5,"",.0,"9",.0,"9",.0,"9",.0,"9",.0,"9",.0,"9",.0,"9",.0,"9",.0,"9",0,"",0,"","",28,"",4,"",0,"8"
"352160330","POZNAÑ","2018","02","16",6.5,"",-.7,"",1.9,"",-1.1,"",.0,"","S",0,"",.0,"9",3.8,"",.2,"",3.7,"",.0,"9",.0,"9",.0,"9",6.8,"",.0,"9",.0,"9",.0,"9",.0,"9",.0,"9",.0,"9",.0,"9",.0,"9",.0,"9",1.0,"",0,"",0,"","",24,"",4,"",0,"8"
"352160330","POZNAÑ","2018","02","17",2.8,"",-.3,"",1.2,"",-2.2,"",.0,"","S",0,"9",.0,"9",.0,"9",1.5,"",1.3,"",.0,"9",.0,"9",.0,"9",8.5,"",.0,"9",.0,"9",.0,"9",.0,"9",.0,"9",.0,"9",.0,"9",.0,"9",.0,"9",1.0,"",0,"",0,"","",20,"",4,"",0,"8"
"352160330","POZNAÑ","2018","02","18",3.1,"",-2.4,"",.4,"",-6.9,"",.0,"9","",0,"9",.0,"9",.0,"9",.0,"9",.0,"9",.0,"9",.0,"9",.6,"",9.0,"",.0,"9",.0,"9",.0,"9",.0,"9",.0,"9",.0,"9",.0,"9",.0,"9",.0,"9",.0,"9",0,"",0,"","Z",20,"",0,"9",0,"8"
"352160330","POZNAÑ","2018","02","19",2.4,"",-.3,"",.8,"",-1.9,"",.0,"9","",0,"9",.0,"9",.0,"",.0,"9",.0,"9",.0,"9",.0,"9",.0,"9",7.5,"",.0,"9",.0,"9",.0,"9",.0,"9",.0,"9",.0,"9",.0,"9",.0,"9",.0,"9",.0,"9",0,"",0,"","Z",20,"",0,"9",0,"8"
"352160330","POZNAÑ","2018","02","20",3.0,"",-3.4,"",-.8,"",-6.0,"",.0,"9","",0,"9",.0,"9",7.4,"",.0,"9",.0,"9",.0,"9",.0,"9",.0,"9",2.8,"",.0,"9",.0,"9",.0,"9",.0,"9",.0,"9",.0,"9",.0,"9",.0,"9",.0,"9",1.0,"",0,"",0,"","Z",19,"",0,"9",0,"8"
"352160330","POZNAÑ","2018","02","21",2.3,"",-4.5,"",-1.8,"",-8.2,"",.0,"9","",0,"9",.0,"9",5.8,"",.0,"9",.0,"9",.0,"9",.0,"9",.0,"9",10.6,"",.0,"9",.0,"9",.0,"9",.0,"9",.0,"9",.0,"9",.0,"9",.0,"9",.0,"9",8.0,"",0,"",0,"","Z",24,"",0,"9",0,"8"
"352160330","POZNAÑ","2018","02","22",.3,"",-8.2,"",-3.8,"",-11.6,"",.0,"9","",0,"9",.0,"9",4.0,"",.0,"9",.0,"9",.0,"9",.0,"9",.0,"9",6.2,"",.0,"9",.0,"9",.0,"9",.0,"9",.0,"9",.0,"9",.0,"9",.0,"9",.0,"9",.0,"9",0,"",0,"","Z",34,"",0,"9",0,"8"
"352160330","POZNAÑ","2018","02","23",-2.3,"",-10.9,"",-6.5,"",-15.0,"",.0,"","S",0,"9",.0,"9",6.4,"",.0,"9",1.5,"",.0,"9",.0,"9",.0,"9",12.0,"",.0,"9",.0,"9",.0,"9",.0,"9",3.6,"",.0,"9",.0,"9",.0,"9",.0,"9",7.0,"",0,"",0,"","",42,"",0,"9",0,"8"
"352160330","POZNAÑ","2018","02","24",-2.6,"",-9.4,"",-5.1,"",-12.8,"",.0,"","S",0,"",.0,"9",7.3,"",.0,"9",5.4,"",.0,"9",.0,"9",.0,"9",.5,"",.0,"9",.0,"9",.0,"9",.0,"9",.2,"",.8,"",.0,"9",.0,"9",.0,"9",7.5,"",0,"",0,"","",45,"",0,"9",0,"8"
"352160330","POZNAÑ","2018","02","25",-4.7,"",-14.8,"",-9.5,"",-18.6,"",.0,"9","",0,"9",.0,"9",6.4,"",.0,"9",.0,"9",.0,"9",.0,"9",.0,"9",.0,"9",.0,"9",.0,"9",.0,"9",.0,"9",.0,"9",.0,"9",.0,"9",.0,"9",.0,"9",6.0,"",0,"",0,"","Z",48,"",0,"9",0,"8"
"352160330","POZNAÑ","2018","02","26",-7.4,"",-13.6,"",-10.8,"",-17.8,"",.0,"","S",0,"9",.0,"9",6.2,"",.0,"9",2.7,"",.0,"9",.0,"9",.0,"9",.3,"",.0,"9",.0,"9",.0,"9",.0,"9",.0,"9",.0,"9",.0,"9",.0,"9",.0,"9",12.6,"",0,"",0,"","",50,"",0,"9",0,"8"
"352160330","POZNAÑ","2018","02","27",-7.0,"",-16.4,"",-11.3,"",-20.1,"",.0,"","S",0,"9",.0,"9",3.4,"",.0,"9",10.1,"",.0,"9",.0,"9",.0,"9",8.7,"",.0,"9",.0,"9",.0,"9",.0,"9",.0,"9",.0,"9",.0,"9",.0,"9",.0,"9",9.7,"",0,"",0,"","",66,"",0,"9",0,"8"
"352160330","POZNAÑ","2018","02","28",-5.6,"",-13.4,"",-9.6,"",-14.4,"",.0,"9","",0,"",.0,"9",8.6,"",.0,"9",4.3,"",.0,"9",.0,"9",.0,"9",.0,"9",.0,"9",.0,"9",.0,"9",.0,"9",.0,"9",.0,"9",.0,"9",.0,"9",.0,"9",5.0,"",0,"",0,"","Z",74,"",0,"9",0,"8"
"352160330","POZNAÑ","2018","03","01",-7.2,"",-14.4,"",-11.2,"",-16.8,"",.0,"9","",0,"9",.0,"9",5.8,"",.0,"9",.0,"9",.0,"9",.0,"9",.0,"9",.0,"9",.0,"9",.0,"9",.0,"9",.0,"9",.0,"9",.0,"9",.0,"9",.0,"9",.0,"9",10.0,"",0,"",0,"","Z",78,"",0,"9",0,"8"
"352160330","POZNAÑ","2018","03","02",-5.1,"",-14.5,"",-10.1,"",-18.6,"",.0,"9","",0,"9",.0,"9",9.6,"",.0,"9",.0,"9",.0,"9",.0,"9",.0,"9",3.6,"",.0,"9",.0,"9",.0,"9",.0,"9",.0,"9",.0,"9",.0,"9",.0,"9",.0,"9",7.0,"",0,"",0,"","Z",83,"",0,"9",0,"8"
"352160330","POZNAÑ","2018","03","03",-3.4,"",-15.1,"",-9.1,"",-19.2,"",.0,"9","",0,"9",.0,"9",7.9,"",.0,"9",.0,"9",.0,"9",.0,"9",.0,"9",12.8,"",.0,"9",.0,"9",.0,"9",.0,"9",.0,"9",.0,"9",.0,"9",.0,"9",.0,"9",23.0,"",0,"",0,"","Z",85,"",0,"9",0,"8"
"352160330","POZNAÑ","2018","03","04",.7,"",-14.5,"",-6.1,"",-18.3,"",.0,"9","",0,"9",.0,"9",8.4,"",.0,"9",.0,"9",.0,"9",.0,"9",.0,"9",8.8,"",.0,"9",.0,"9",.0,"9",.0,"9",1.8,"",.0,"9",.0,"9",.0,"9",.0,"9",9.0,"",0,"",0,"","Z",86,"",0,"9",0,"8"
"352160330","POZNAÑ","2018","03","05",5.3,"",-5.6,"",-.4,"",-7.1,"",.0,"9","",0,"9",.0,"9",1.4,"",.0,"9",.0,"9",.0,"9",.0,"9",.0,"9",1.5,"",.0,"9",.0,"9",.0,"9",.0,"9",22.5,"",.0,"9",.0,"9",.0,"9",.0,"9",.0,"9",0,"",0,"","Z",83,"",0,"9",0,"8"
"352160330","POZNAÑ","2018","03","06",5.1,"",-2.9,"",1.1,"",-8.0,"",4.8,"","S",0,"9",.0,"9",.0,"9",7.3,"",3.7,"",.5,"",.0,"9",.0,"9",21.0,"",.0,"9",.0,"9",.0,"9",.0,"9",3.0,"",.0,"9",.0,"9",.0,"9",.0,"9",.0,"9",0,"",0,"","Z",75,"",0,"9",0,"8"
"352160330","POZNAÑ","2018","03","07",2.9,"",.4,"",1.4,"",.1,"",.4,"","W",1,"",.0,"9",.0,"9",5.7,"",1.9,"",.3,"",.0,"9",4.4,"",19.6,"",.0,"9",.0,"9",.0,"9",.0,"9",.0,"9",.0,"9",.0,"9",.0,"9",.0,"9",.0,"9",1,"",0,"","R",68,"",5,"",0,"8"
"352160330","POZNAÑ","2018","03","08",6.5,"",1.0,"",3.0,"",-.2,"",1.2,"","W",0,"9",.0,"9",.0,"9",.0,"9",.0,"9",.0,"9",.0,"9",2.1,"",14.9,"",.0,"9",.0,"9",.0,"9",.0,"9",.0,"9",.0,"9",.0,"9",.0,"9",.0,"9",.0,"9",0,"",0,"","R",65,"",4,"",0,"8"
"352160330","POZNAÑ","2018","03","09",8.2,"",1.3,"",4.5,"",-1.6,"",.1,"","W",0,"9",.0,"9",5.4,"",2.8,"",.0,"9",.0,"9",.0,"9",.0,"9",1.0,"",.0,"9",.0,"9",.0,"9",.0,"9",.0,"9",.5,"",.0,"9",.0,"9",.0,"9",.0,"9",0,"",0,"","R",61,"",10,"",0,"8"
"352160330","POZNAÑ","2018","03","10",8.6,"",-1.7,"",4.5,"",-5.1,"",.0,"","W",0,"9",.0,"9",1.0,"",.3,"",.0,"9",.0,"9",.0,"9",.0,"9",6.8,"",.0,"9",.0,"9",.0,"9",.0,"9",.0,"9",.0,"9",.0,"9",.0,"9",.0,"9",.0,"9",0,"",0,"","Z",56,"",0,"9",0,"8"
"352160330","POZNAÑ","2018","03","11",16.2,"",2.3,"",9.9,"",-1.2,"",.0,"9","",0,"9",.0,"9",6.3,"",.0,"9",.0,"9",.0,"9",.0,"9",.0,"9",7.6,"",.0,"9",.0,"9",.0,"9",.0,"9",.0,"9",.0,"9",.0,"9",.0,"9",.0,"9",.0,"9",0,"",0,"","R",56,"",5,"",0,"8"
"352160330","POZNAÑ","2018","03","12",14.1,"",4.8,"",9.4,"",2.4,"",7.7,"","W",0,"9",.0,"9",1.1,"",7.3,"",.0,"9",.0,"9",.0,"9",.0,"9",8.1,"",.0,"9",.0,"9",.0,"9",.0,"9",.0,"9",.0,"9",.0,"9",.0,"9",.0,"9",.0,"9",0,"",0,"","R",0,"9",0,"9",0,"8"
"352160330","POZNAÑ","2018","03","13",12.9,"",8.1,"",9.4,"",7.6,"",.2,"","W",0,"9",.0,"9",2.1,"",5.3,"",.0,"9",.0,"9",.0,"9",.0,"9",2.1,"",.0,"9",.0,"9",.0,"9",.0,"9",.0,"9",.0,"9",.0,"9",.0,"9",.0,"9",.0,"9",0,"",0,"","R",0,"9",0,"9",0,"8"
"352160330","POZNAÑ","2018","03","14",9.9,"",3.0,"",4.2,"",2.6,"",1.1,"","W",0,"9",.0,"9",.0,"9",5.3,"",.0,"9",.0,"9",.0,"9",.0,"9",2.3,"",.0,"9",.0,"9",.0,"9",.0,"9",.0,"9",.0,"9",.0,"9",.0,"9",.0,"9",.0,"9",0,"",0,"","R",0,"9",0,"9",0,"8"
"352160330","POZNAÑ","2018","03","15",3.1,"",.3,"",1.4,"",.0,"",.0,"9","",0,"9",.0,"9",.0,"9",.0,"9",.0,"9",.0,"9",.0,"9",.0,"9",1.2,"",.0,"9",.0,"9",.0,"9",.0,"9",.0,"9",.0,"9",.0,"9",.0,"9",.0,"9",.0,"9",0,"",0,"","R",0,"9",0,"9",0,"8"
"352160330","POZNAÑ","2018","03","16",1.4,"",-1.2,"",-.7,"",-1.4,"",.0,"","S",0,"9",.0,"9",.0,"9",.0,"9",2.8,"",.0,"9",.0,"9",.0,"9",.0,"9",.0,"9",.0,"9",.0,"9",.0,"9",.0,"9",7.0,"",.0,"9",.0,"9",.0,"9",.0,"9",0,"",0,"","",0,"9",0,"9",0,"8"
"352160330","POZNAÑ","2018","03","17",-1.0,"",-6.4,"",-4.0,"",-6.8,"",.0,"9","",0,"9",.0,"9",7.6,"",.0,"9",.0,"9",.0,"9",.0,"9",.0,"9",.0,"9",.0,"9",.0,"9",.0,"9",.0,"9",.0,"9",12.6,"",.0,"9",.0,"9",.0,"9",.0,"9",0,"",0,"","",17,"",0,"9",0,"8"
"352160330","POZNAÑ","2018","03","18",.4,"",-6.5,"",-3.4,"",-7.6,"",.0,"9","",0,"9",.0,"9",10.9,"",.0,"9",.0,"9",.0,"9",.0,"9",.0,"9",.0,"9",.0,"9",.0,"9",.0,"9",.0,"9",.0,"9",4.6,"",.0,"9",.0,"9",.0,"9",.0,"9",0,"",0,"","Z",19,"",0,"9",0,"8"
"352160330","POZNAÑ","2018","03","19",2.7,"",-9.6,"",-2.8,"",-13.4,"",.0,"9","",0,"9",.0,"9",10.9,"",.0,"9",.0,"9",.0,"9",.0,"9",.0,"9",1.8,"",.0,"9",.0,"9",.0,"9",.0,"9",3.5,"",.0,"9",.0,"9",.0,"9",.0,"9",1.0,"",0,"",0,"","Z",20,"",0,"9",0,"8"
"352160330","POZNAÑ","2018","03","20",5.5,"",-9.6,"",-1.4,"",-13.4,"",.1,"","S",0,"9",.0,"9",8.6,"",.0,"9",2.3,"",.0,"9",.0,"9",.0,"9",7.0,"",.0,"9",.0,"9",.0,"9",.0,"9",.0,"9",.0,"9",.0,"9",.0,"9",.0,"9",8.0,"",0,"",0,"","Z",20,"",0,"9",0,"8"
"352160330","POZNAÑ","2018","03","21",5.5,"",-6.6,"",.1,"",-11.5,"",.0,"","S",0,"",.0,"9",9.0,"",.0,"9",.0,"9",.0,"9",.0,"9",.0,"9",.0,"9",.0,"9",.0,"9",.0,"9",.0,"9",.0,"9",.0,"9",.0,"9",.0,"9",.0,"9",.0,"9",0,"",0,"","",19,"",0,"9",0,"8"
"352160330","POZNAÑ","2018","03","22",2.9,"",-.6,"",1.0,"",-2.6,"",1.1,"","S",0,"9",.0,"9",.0,"9",2.3,"",8.3,"",.0,"9",.0,"9",.0,"9",7.9,"",.0,"9",.0,"9",.0,"9",.0,"9",.0,"9",.0,"9",.0,"9",.0,"9",.0,"9",.0,"9",0,"",0,"","Z",8,"",0,"9",0,"8"
"352160330","POZNAÑ","2018","03","23",2.6,"",1.0,"",1.8,"",.7,"",1.1,"","W",0,"9",.0,"9",.0,"9",8.2,"",.0,"9",.0,"9",.0,"9",7.0,"",14.2,"",.0,"9",.0,"9",.0,"9",.0,"9",.0,"9",.0,"9",.0,"9",.0,"9",.0,"9",.0,"9",0,"",0,"","R",0,"9",0,"9",0,"8"
"352160330","POZNAÑ","2018","03","24",7.6,"",.6,"",3.9,"",-.4,"",.0,"9","",0,"9",.0,"9",2.1,"",.0,"9",.0,"9",.0,"9",.0,"9",1.6,"",11.9,"",.0,"9",.0,"9",.0,"9",.0,"9",.0,"9",.0,"9",.0,"9",.0,"9",.0,"9",.0,"9",0,"",0,"","R",0,"9",0,"9",0,"8"
"352160330","POZNAÑ","2018","03","25",11.4,"",-2.1,"",5.2,"",-6.5,"",.0,"9","",0,"9",.0,"9",10.0,"",.0,"9",.0,"9",.0,"9",.0,"9",.0,"9",7.7,"",.0,"9",.0,"9",.0,"9",.0,"9",3.4,"",.0,"9",.0,"9",.0,"9",.0,"9",.0,"9",0,"",0,"","Z",7,"",0,"9",0,"8"
"352160330","POZNAÑ","2018","03","26",10.6,"",.2,"",4.1,"",-3.6,"",.7,"","W",0,"9",.0,"9",3.9,"",4.0,"",.0,"9",.0,"9",.0,"9",.0,"9",12.6,"",.0,"9",.0,"9",.0,"9",.0,"9",.0,"9",.0,"9",.0,"9",.0,"9",.0,"9",3.0,"",0,"",0,"","R",0,"9",0,"9",0,"8"
"352160330","POZNAÑ","2018","03","27",4.3,"",1.0,"",1.8,"",-.3,"",.0,"9","",0,"9",.0,"9",.1,"",4.6,"",.0,"9",.0,"9",.0,"9",.0,"9",9.1,"",.0,"9",.0,"9",.0,"9",.0,"9",.0,"9",.0,"9",.0,"9",.0,"9",.0,"9",4.0,"",0,"",0,"","R",0,"9",0,"9",0,"8"
"352160330","POZNAÑ","2018","03","28",2.9,"",-3.3,"",.5,"",-7.1,"",4.1,"","S",0,"9",.0,"9",.0,"9",4.8,"",2.0,"",3.8,"",.0,"9",.0,"9",19.9,"",.0,"9",.0,"9",.0,"9",.0,"9",.0,"9",.0,"9",.0,"9",.0,"9",.0,"9",8.0,"",0,"",0,"","Z",8,"",0,"9",0,"8"
"352160330","POZNAÑ","2018","03","29",7.1,"",1.5,"",4.4,"",1.0,"",.4,"","W",0,"9",.0,"9",.0,"9",7.5,"",.0,"9",.0,"9",.0,"9",.0,"9",8.3,"",.0,"9",.0,"9",.0,"9",.0,"9",.0,"9",.0,"9",.0,"9",.0,"9",.0,"9",.0,"9",0,"",0,"","R",0,"9",0,"9",0,"8"
"352160330","POZNAÑ","2018","03","30",9.8,"",.5,"",4.3,"",-1.2,"",.0,"9","",0,"9",.0,"9",9.1,"",.0,"9",.0,"9",.0,"9",.0,"9",.0,"9",.0,"9",.0,"9",.0,"9",.0,"9",.0,"9",.0,"9",.0,"9",.0,"9",.0,"9",.0,"9",.0,"9",0,"",0,"","R",0,"9",0,"9",0,"8"
"352160330","POZNAÑ","2018","03","31",7.8,"",.3,"",4.3,"",-.7,"",6.4,"","W",0,"9",.0,"9",.0,"9",10.0,"",.0,"9",.0,"9",.0,"9",.0,"9",10.7,"",.0,"9",.0,"9",.0,"9",.0,"9",.0,"9",.0,"9",.0,"9",.0,"9",.0,"9",.0,"9",0,"",0,"","R",0,"9",0,"9",0,"8"
"352160330","POZNAÑ","2018","04","01",6.8,"",1.4,"",3.1,"",1.3,"",.0,"","S",0,"9",.0,"9",.0,"9",4.6,"",.3,"",.0,"9",.0,"9",.0,"9",2.3,"",.0,"9",.0,"9",.0,"9",.0,"9",.0,"9",10.9,"",.0,"9",.0,"9",.0,"9",.0,"9",0,"",0,"","",0,"9",0,"9",0,"8"
"352160330","POZNAÑ","2018","04","02",9.0,"",.8,"",3.7,"",-1.7,"",.0,"","W",0,"9",.0,"9",9.7,"",.0,"9",.8,"",.0,"9",.0,"9",.0,"9",2.7,"",.0,"9",.0,"9",.0,"9",.0,"9",.0,"9",1.7,"",.0,"9",.0,"9",.0,"9",.0,"9",0,"",0,"","R",0,"9",0,"9",0,"8"
"352160330","POZNAÑ","2018","04","03",17.5,"",.5,"",9.2,"",-3.9,"",.3,"","W",0,"9",.0,"9",4.9,"",2.4,"",.0,"9",.0,"9",.0,"9",.0,"9",1.0,"",.0,"9",.0,"9",.0,"9",.0,"9",.0,"9",.0,"9",.0,"9",.0,"9",.0,"9",.0,"9",0,"",0,"","R",0,"9",0,"9",0,"8"
"352160330","POZNAÑ","2018","04","04",21.9,"",6.6,"",15.2,"",2.0,"",.0,"","W",0,"9",.0,"9",9.0,"",.1,"",.0,"9",.0,"9",.0,"9",.0,"9",.0,"9",.0,"9",.0,"9",.0,"9",.0,"9",.0,"9",.0,"9",.0,"9",.0,"9",.0,"9",.0,"9",0,"",0,"","R",0,"9",0,"9",0,"8"
"352160330","POZNAÑ","2018","04","05",17.8,"",9.8,"",12.8,"",7.1,"",.6,"","W",0,"9",.0,"9",8.9,"",.9,"",.0,"9",.0,"9",.0,"9",.0,"9",.0,"9",.0,"9",.0,"9",.0,"9",.0,"9",.0,"9",.2,"",.0,"9",.0,"9",.0,"9",.0,"9",0,"",0,"","R",0,"9",0,"9",0,"8"
"352160330","POZNAÑ","2018","04","06",12.1,"",1.8,"",7.2,"",.8,"",.0,"9","",0,"9",.0,"9",12.3,"",.7,"",.0,"9",.0,"9",.0,"9",.0,"9",2.8,"",.0,"9",.0,"9",.0,"9",.0,"9",1.3,"",.5,"",.0,"9",.0,"9",.0,"9",.0,"9",0,"",0,"","R",0,"9",0,"9",0,"8"
"352160330","POZNAÑ","2018","04","07",17.6,"",.8,"",10.3,"",-4.3,"",.0,"9","",0,"9",.0,"9",12.1,"",.0,"9",.0,"9",.0,"9",.0,"9",.0,"9",.0,"9",.0,"9",.0,"9",.0,"9",.0,"9",.0,"9",.0,"9",.0,"9",.0,"9",.0,"9",.0,"9",0,"",0,"","R",0,"9",0,"9",0,"8"
"352160330","POZNAÑ","2018","04","08",21.9,"",8.7,"",14.5,"",5.6,"",7.1,"","W",0,"9",.0,"9",11.1,"",4.0,"",.0,"9",.0,"9",.0,"9",.0,"9",.0,"9",.0,"9",.0,"9",.0,"9",.0,"9",.0,"9",.0,"9",.0,"9",4.2,"",.0,"9",.0,"9",0,"",0,"","R",0,"9",0,"9",0,"8"
"352160330","POZNAÑ","2018","04","09",20.8,"",7.9,"",13.7,"",3.9,"",.0,"9","",0,"9",.0,"9",10.0,"",.0,"9",.0,"9",.0,"9",.0,"9",.3,"",4.4,"",.0,"9",.0,"9",.0,"9",.0,"9",.0,"9",.0,"9",.0,"9",.0,"9",.0,"9",.0,"9",0,"",0,"","R",0,"9",0,"9",0,"8"
"352160330","POZNAÑ","2018","04","10",24.0,"",10.5,"",16.7,"",5.5,"",5.3,"","W",0,"9",.0,"9",11.3,"",.8,"",.0,"9",.0,"9",.0,"9",.0,"9",.0,"9",.0,"9",.0,"9",.0,"9",.0,"9",.0,"9",.0,"9",.0,"9",1.6,"",.0,"9",.0,"9",0,"",0,"","R",0,"9",0,"9",0,"8"
"352160330","POZNAÑ","2018","04","11",17.8,"",9.3,"",13.1,"",7.5,"",.7,"","W",0,"9",.0,"9",2.8,"",.4,"",.0,"9",.0,"9",.0,"9",.0,"9",2.0,"",.0,"9",.0,"9",.0,"9",.0,"9",.0,"9",.0,"9",.0,"9",.0,"9",.0,"9",.0,"9",0,"",0,"","R",0,"9",0,"9",0,"8"
"352160330","POZNAÑ","2018","04","12",21.0,"",8.5,"",15.1,"",7.5,"",.0,"9","",0,"9",.0,"9",7.6,"",.0,"9",.0,"9",.0,"9",.0,"9",.0,"9",.0,"9",.0,"9",.0,"9",.0,"9",.0,"9",.0,"9",.0,"9",.0,"9",.0,"9",.0,"9",.0,"9",0,"",0,"","R",0,"9",0,"9",0,"8"
"352160330","POZNAÑ","2018","04","13",22.1,"",12.9,"",17.1,"",11.9,"",.0,"","W",0,"9",.0,"9",9.4,"",.1,"",.0,"9",.0,"9",.0,"9",.0,"9",.0,"9",.0,"9",.0,"9",.0,"9",.0,"9",.0,"9",.0,"9",.0,"9",.7,"",.0,"9",.0,"9",0,"",0,"","R",0,"9",0,"9",0,"8"
"352160330","POZNAÑ","2018","04","14",19.5,"",10.1,"",14.2,"",7.8,"",.0,"9","",0,"9",.0,"9",7.8,"",.0,"9",.0,"9",.0,"9",.0,"9",.0,"9",.0,"9",.0,"9",.0,"9",.0,"9",.0,"9",.0,"9",.0,"9",.0,"9",.0,"9",.0,"9",.0,"9",0,"",0,"","R",0,"9",0,"9",0,"8"
"352160330","POZNAÑ","2018","04","15",23.4,"",7.9,"",16.5,"",3.8,"",1.6,"","W",0,"9",.0,"9",6.0,"",.0,"9",.0,"9",.0,"9",.0,"9",.0,"9",.0,"9",.0,"9",.0,"9",.0,"9",.0,"9",.0,"9",.0,"9",.0,"9",.0,"9",.0,"9",.0,"9",0,"",0,"","R",0,"9",0,"9",0,"8"
"352160330","POZNAÑ","2018","04","16",20.2,"",13.4,"",15.2,"",10.7,"",2.5,"","W",0,"9",.0,"9",.0,"9",6.0,"",.0,"9",.0,"9",.0,"9",.0,"9",8.9,"",.0,"9",.0,"9",.0,"9",.0,"9",.0,"9",.0,"9",.0,"9",.0,"9",.0,"9",.0,"9",0,"",0,"","R",0,"9",0,"9",0,"8"
"352160330","POZNAÑ","2018","04","17",18.1,"",9.0,"",12.7,"",8.7,"",.0,"9","",0,"9",.0,"9",9.2,"",.8,"",.0,"9",.0,"9",.0,"9",.0,"9",7.3,"",.0,"9",.0,"9",.0,"9",.0,"9",.0,"9",.0,"9",.0,"9",.0,"9",5.0,"",.0,"9",0,"",0,"","R",0,"9",0,"9",0,"8"
"352160330","POZNAÑ","2018","04","18",20.9,"",4.6,"",13.7,"",1.2,"",.0,"9","",0,"9",.0,"9",12.5,"",.0,"9",.0,"9",.0,"9",.0,"9",.0,"9",.0,"9",.0,"9",.0,"9",.0,"9",.0,"9",.0,"9",.0,"9",.0,"9",.0,"9",7.0,"",.0,"9",0,"",0,"","R",0,"9",0,"9",0,"8"
"352160330","POZNAÑ","2018","04","19",23.5,"",8.4,"",16.5,"",4.4,"",.0,"9","",0,"9",.0,"9",14.3,"",.0,"9",.0,"9",.0,"9",.0,"9",.0,"9",2.1,"",.0,"9",.0,"9",.0,"9",.0,"9",.0,"9",.0,"9",.0,"9",.0,"9",.0,"9",.0,"9",0,"",0,"","R",0,"9",0,"9",0,"8"
"352160330","POZNAÑ","2018","04","20",23.6,"",10.8,"",17.7,"",5.2,"",.0,"9","",0,"9",.0,"9",13.6,"",.0,"9",.0,"9",.0,"9",.0,"9",.0,"9",.0,"9",.0,"9",.0,"9",.0,"9",.0,"9",.0,"9",.0,"9",.0,"9",.0,"9",.0,"9",.0,"9",0,"",0,"","R",0,"9",0,"9",0,"8"
"352160330","POZNAÑ","2018","04","21",22.1,"",10.9,"",16.4,"",6.6,"",.0,"9","",0,"9",.0,"9",13.3,"",.0,"9",.0,"9",.0,"9",.0,"9",.0,"9",.0,"9",.0,"9",.0,"9",.0,"9",.0,"9",.0,"9",.0,"9",.0,"9",.0,"9",.0,"9",.0,"9",0,"",0,"","R",0,"9",0,"9",0,"8"
"352160330","POZNAÑ","2018","04","22",19.7,"",3.5,"",13.1,"",-.2,"",.7,"","W",0,"9",.0,"9",13.4,"",.0,"9",.0,"9",.0,"9",.0,"9",.0,"9",.0,"9",.0,"9",.0,"9",.0,"9",.0,"9",.0,"9",.0,"9",.0,"9",.0,"9",3.0,"",.0,"9",0,"",0,"","R",0,"9",0,"9",0,"8"
"352160330","POZNAÑ","2018","04","23",22.1,"",10.4,"",15.6,"",5.8,"",1.7,"","W",0,"9",.0,"9",8.0,"",2.6,"",.0,"9",.0,"9",.0,"9",.0,"9",1.8,"",.0,"9",.0,"9",.0,"9",.0,"9",.0,"9",.0,"9",.0,"9",.6,"",3.9,"",.0,"9",0,"",0,"","R",0,"9",0,"9",0,"8"
"352160330","POZNAÑ","2018","04","24",17.7,"",10.4,"",12.9,"",8.1,"",2.3,"","W",0,"9",.0,"9",4.7,"",3.6,"",.0,"9",.0,"9",.0,"9",.0,"9",6.3,"",.0,"9",.0,"9",.0,"9",.0,"9",.0,"9",.0,"9",.0,"9",.0,"9",.0,"9",.0,"9",0,"",0,"","R",0,"9",0,"9",0,"8"
"352160330","POZNAÑ","2018","04","25",20.1,"",9.7,"",13.2,"",8.4,"",.4,"","W",0,"9",.0,"9",6.3,"",4.0,"",.0,"9",.0,"9",.0,"9",.0,"9",5.7,"",.0,"9",.0,"9",.0,"9",.0,"9",.0,"9",3.3,"",.0,"9",1.3,"",.0,"9",.0,"9",0,"",0,"","R",0,"9",0,"9",0,"8"
"352160330","POZNAÑ","2018","04","26",14.6,"",4.9,"",9.1,"",.8,"",4.0,"","W",0,"9",.0,"9",9.8,"",2.0,"",.0,"9",.0,"9",.0,"9",.0,"9",.0,"9",.0,"9",.0,"9",.0,"9",.0,"9",.0,"9",.3,"",.0,"9",1.3,"",.0,"9",.0,"9",0,"",0,"","R",0,"9",0,"9",0,"8"
"352160330","POZNAÑ","2018","04","27",15.5,"",4.1,"",10.1,"",2.5,"",.0,"9","",0,"9",.0,"9",9.0,"",.0,"9",.0,"9",.0,"9",.0,"9",.0,"9",.0,"9",.0,"9",.0,"9",.0,"9",.0,"9",.0,"9",.0,"9",.0,"9",.0,"9",.0,"9",.0,"9",0,"",0,"","R",0,"9",0,"9",0,"8"
"352160330","POZNAÑ","2018","04","28",22.5,"",7.6,"",15.7,"",5.6,"",.9,"","W",0,"9",.0,"9",11.4,"",1.3,"",.0,"9",.0,"9",.0,"9",.0,"9",.0,"9",.0,"9",.0,"9",.0,"9",.0,"9",.0,"9",.0,"9",.0,"9",.9,"",.0,"9",.0,"9",0,"",0,"","R",0,"9",0,"9",0,"8"
"352160330","POZNAÑ","2018","04","29",24.8,"",10.8,"",18.7,"",7.3,"",.0,"9","",0,"9",.0,"9",12.9,"",.2,"",.0,"9",.0,"9",.0,"9",.0,"9",.0,"9",.0,"9",.0,"9",.0,"9",.0,"9",.0,"9",.0,"9",.0,"9",.0,"9",.0,"9",.0,"9",0,"",0,"","R",0,"9",0,"9",0,"8"
"352160330","POZNAÑ","2018","04","30",28.3,"",12.7,"",19.7,"",11.1,"",.0,"","W",0,"9",.0,"9",11.4,"",.3,"",.0,"9",.0,"9",.0,"9",.0,"9",.0,"9",.0,"9",.0,"9",.0,"9",.0,"9",.0,"9",.3,"",.0,"9",.4,"",.0,"9",.0,"9",0,"",0,"","R",0,"9",0,"9",0,"8"
"352160330","POZNAÑ","2018","05","01",20.5,"",7.1,"",14.5,"",3.2,"",.0,"9","",0,"9",.0,"9",11.4,"",.0,"9",.0,"9",.0,"9",.0,"9",.0,"9",.0,"9",.0,"9",.0,"9",.0,"9",.0,"9",.0,"9",.0,"9",.0,"9",.0,"9",.0,"9",.0,"9",0,"",0,"","R",0,"9",0,"9",0,"8"
"352160330","POZNAÑ","2018","05","02",16.7,"",4.4,"",11.8,"",-.3,"",2.6,"","W",0,"9",.0,"9",1.9,"",.4,"",.0,"9",.0,"9",.0,"9",.0,"9",.0,"9",.0,"9",.0,"9",.0,"9",.0,"9",.0,"9",.0,"9",.0,"9",1.3,"",.0,"9",.0,"9",0,"",0,"","R",0,"9",0,"9",0,"8"
"352160330","POZNAÑ","2018","05","03",20.3,"",12.3,"",15.7,"",11.2,"",.9,"","W",0,"9",.0,"9",5.8,"",2.6,"",.0,"9",.0,"9",.0,"9",.0,"9",.0,"9",.0,"9",.0,"9",.0,"9",.0,"9",.0,"9",.0,"9",.0,"9",1.7,"",.0,"9",.0,"9",0,"",0,"","R",0,"9",0,"9",0,"8"
"352160330","POZNAÑ","2018","05","04",17.7,"",7.0,"",12.7,"",6.3,"",.0,"9","",0,"9",.0,"9",13.7,"",.0,"9",.0,"9",.0,"9",.0,"9",.0,"9",.0,"9",.0,"9",.0,"9",.0,"9",.0,"9",.0,"9",.0,"9",.0,"9",.0,"9",.0,"9",.0,"9",0,"",0,"","R",0,"9",0,"9",0,"8"
"352160330","POZNAÑ","2018","05","05",19.2,"",3.1,"",12.5,"",-.3,"",.0,"9","",0,"9",.0,"9",14.1,"",.0,"9",.0,"9",.0,"9",.0,"9",.0,"9",.0,"9",.0,"9",.0,"9",.0,"9",.0,"9",.0,"9",.0,"9",.0,"9",.0,"9",.0,"9",.0,"9",0,"",0,"","R",0,"9",0,"9",0,"8"
"352160330","POZNAÑ","2018","05","06",20.5,"",5.9,"",13.9,"",2.4,"",.0,"9","",0,"9",.0,"9",13.9,"",.0,"9",.0,"9",.0,"9",.0,"9",.0,"9",.0,"9",.0,"9",.0,"9",.0,"9",.0,"9",.0,"9",.0,"9",.0,"9",.0,"9",.0,"9",.0,"9",0,"",0,"","R",0,"9",0,"9",0,"8"
"352160330","POZNAÑ","2018","05","07",23.3,"",7.3,"",16.6,"",2.7,"",.0,"9","",0,"9",.0,"9",14.7,"",.0,"9",.0,"9",.0,"9",.0,"9",.0,"9",.0,"9",.0,"9",.0,"9",.0,"9",.0,"9",.0,"9",.0,"9",.0,"9",.0,"9",.0,"9",.0,"9",0,"",0,"","R",0,"9",0,"9",0,"8"
"352160330","POZNAÑ","2018","05","08",25.2,"",10.6,"",18.9,"",6.5,"",.0,"9","",0,"9",.0,"9",14.7,"",.0,"9",.0,"9",.0,"9",.0,"9",.0,"9",.0,"9",.0,"9",.0,"9",.0,"9",.0,"9",.0,"9",.0,"9",.0,"9",.0,"9",.0,"9",.0,"9",0,"",0,"","R",0,"9",0,"9",0,"8"
"352160330","POZNAÑ","2018","05","09",27.2,"",13.0,"",20.8,"",9.7,"",.9,"","W",0,"9",.0,"9",14.3,"",1.8,"",.0,"9",.0,"9",.0,"9",.0,"9",.0,"9",.0,"9",.0,"9",.0,"9",.0,"9",.0,"9",.0,"9",.0,"9",.8,"",.0,"9",.0,"9",0,"",0,"","R",0,"9",0,"9",0,"8"
"352160330","POZNAÑ","2018","05","10",26.7,"",14.8,"",20.4,"",11.8,"",9.5,"","W",0,"9",.0,"9",10.9,"",2.9,"",.0,"9",.0,"9",.0,"9",.0,"9",.0,"9",.0,"9",.0,"9",.0,"9",.0,"9",.0,"9",.0,"9",.0,"9",5.0,"",.0,"9",.0,"9",0,"",0,"","R",0,"9",0,"9",0,"8"
"352160330","POZNAÑ","2018","05","11",20.7,"",15.6,"",17.5,"",14.2,"",.0,"9","",0,"9",.0,"9",2.3,"",2.6,"",.0,"9",.0,"9",.0,"9",.0,"9",2.7,"",.0,"9",.0,"9",.0,"9",.0,"9",.0,"9",.0,"9",.0,"9",.0,"9",.0,"9",.0,"9",0,"",0,"","R",0,"9",0,"9",0,"8"
"352160330","POZNAÑ","2018","05","12",24.1,"",13.1,"",18.2,"",10.5,"",1.0,"","W",0,"9",.0,"9",5.3,"",.4,"",.0,"9",.0,"9",.0,"9",2.7,"",5.2,"",.0,"9",.0,"9",.0,"9",.0,"9",.0,"9",.0,"9",.0,"9",.3,"",.0,"9",.0,"9",0,"",0,"","R",0,"9",0,"9",0,"8"
"352160330","POZNAÑ","2018","05","13",24.9,"",11.2,"",19.2,"",6.7,"",.0,"9","",0,"9",.0,"9",15.0,"",.0,"9",.0,"9",.0,"9",.0,"9",.0,"9",.0,"9",.0,"9",.0,"9",.0,"9",.0,"9",.0,"9",.0,"9",.0,"9",.0,"9",.0,"9",.0,"9",0,"",0,"","R",0,"9",0,"9",0,"8"
"352160330","POZNAÑ","2018","05","14",22.2,"",14.9,"",18.1,"",11.8,"",.0,"","W",0,"9",.0,"9",13.1,"",.0,"9",.0,"9",.0,"9",.0,"9",.0,"9",.0,"9",.0,"9",.0,"9",.0,"9",.0,"9",.0,"9",.2,"",.0,"9",.0,"9",.0,"9",.0,"9",0,"",0,"","R",0,"9",0,"9",0,"8"
"352160330","POZNAÑ","2018","05","15",20.3,"",11.8,"",16.0,"",8.3,"",.1,"","W",0,"9",.0,"9",8.5,"",1.0,"",.0,"9",.0,"9",.0,"9",.0,"9",.0,"9",.0,"9",.0,"9",.0,"9",.0,"9",.0,"9",.0,"9",.0,"9",.0,"9",.0,"9",.0,"9",0,"",0,"","R",0,"9",0,"9",0,"8"
"352160330","POZNAÑ","2018","05","16",21.9,"",14.5,"",17.7,"",13.0,"",.5,"","W",0,"9",.0,"9",3.3,"",3.0,"",.0,"9",.0,"9",.0,"9",.0,"9",.0,"9",.0,"9",.0,"9",.0,"9",.0,"9",.0,"9",.0,"9",.0,"9",.0,"9",.0,"9",.0,"9",0,"",0,"","R",0,"9",0,"9",0,"8"
"352160330","POZNAÑ","2018","05","17",18.2,"",13.3,"",15.3,"",12.5,"",1.1,"","W",0,"9",.0,"9",.1,"",3.5,"",.0,"9",.0,"9",.0,"9",.0,"9",.0,"9",.0,"9",.0,"9",.0,"9",.0,"9",.0,"9",.0,"9",.0,"9",.0,"9",.0,"9",.0,"9",0,"",0,"","R",0,"9",0,"9",0,"8"
"352160330","POZNAÑ","2018","05","18",22.3,"",10.6,"",15.8,"",10.0,"",.0,"9","",0,"9",.0,"9",10.9,"",.0,"9",.0,"9",.0,"9",.0,"9",.0,"9",.0,"9",.0,"9",.0,"9",.0,"9",.0,"9",.0,"9",.0,"9",.0,"9",.0,"9",.0,"9",.0,"9",0,"",0,"","R",0,"9",0,"9",0,"8"
"352160330","POZNAÑ","2018","05","19",20.5,"",7.0,"",14.4,"",4.8,"",.0,"9","",0,"9",.0,"9",15.2,"",.0,"9",.0,"9",.0,"9",.0,"9",.0,"9",.0,"9",.0,"9",.0,"9",.0,"9",.0,"9",.0,"9",.0,"9",.0,"9",.0,"9",.0,"9",.0,"9",0,"",0,"","R",0,"9",0,"9",0,"8"
"352160330","POZNAÑ","2018","05","20",21.5,"",5.6,"",15.4,"",1.1,"",.0,"9","",0,"9",.0,"9",15.5,"",.0,"9",.0,"9",.0,"9",.0,"9",.0,"9",.0,"9",.0,"9",.0,"9",.0,"9",.0,"9",.0,"9",.0,"9",.0,"9",.0,"9",.0,"9",.0,"9",0,"",0,"","R",0,"9",0,"9",0,"8"
"352160330","POZNAÑ","2018","05","21",22.5,"",9.9,"",16.8,"",7.1,"",.0,"9","",0,"9",.0,"9",14.7,"",.0,"9",.0,"9",.0,"9",.0,"9",.0,"9",.0,"9",.0,"9",.0,"9",.0,"9",.0,"9",.0,"9",.0,"9",.0,"9",.0,"9",.0,"9",.0,"9",0,"",0,"","R",0,"9",0,"9",0,"8"
"352160330","POZNAÑ","2018","05","22",23.7,"",9.7,"",17.0,"",5.2,"",.0,"9","",0,"9",.0,"9",12.0,"",.0,"9",.0,"9",.0,"9",.0,"9",.0,"9",.0,"9",.0,"9",.0,"9",.0,"9",.0,"9",.0,"9",.0,"9",.0,"9",.0,"9",.0,"9",.0,"9",0,"",0,"","R",0,"9",0,"9",0,"8"
"352160330","POZNAÑ","2018","05","23",25.6,"",8.8,"",18.6,"",4.7,"",.0,"9","",0,"9",.0,"9",13.7,"",.0,"9",.0,"9",.0,"9",.0,"9",.0,"9",.0,"9",.0,"9",.0,"9",.0,"9",.0,"9",.0,"9",.0,"9",.0,"9",.0,"9",.0,"9",.0,"9",0,"",0,"","R",0,"9",0,"9",0,"8"
"352160330","POZNAÑ","2018","05","24",25.0,"",12.8,"",19.4,"",11.6,"",.0,"9","",0,"9",.0,"9",14.9,"",.0,"9",.0,"9",.0,"9",.0,"9",.0,"9",.0,"9",.0,"9",.0,"9",.0,"9",.0,"9",.0,"9",.0,"9",.0,"9",.0,"9",.0,"9",.0,"9",0,"",0,"","R",0,"9",0,"9",0,"8"
"352160330","POZNAÑ","2018","05","25",26.4,"",12.9,"",18.6,"",11.0,"",.0,"","W",0,"9",.0,"9",11.9,"",.2,"",.0,"9",.0,"9",.0,"9",.0,"9",.0,"9",.0,"9",.0,"9",.0,"9",.0,"9",.0,"9",.2,"",.0,"9",.0,"9",.0,"9",.0,"9",0,"",0,"","R",0,"9",0,"9",0,"8"
"352160330","POZNAÑ","2018","05","26",27.9,"",10.2,"",20.1,"",7.0,"",.0,"9","",0,"9",.0,"9",12.3,"",.0,"9",.0,"9",.0,"9",.0,"9",.0,"9",2.5,"",.0,"9",.0,"9",.0,"9",.0,"9",.0,"9",.0,"9",.0,"9",.0,"9",.0,"9",.0,"9",0,"",0,"","R",0,"9",0,"9",0,"8"
"352160330","POZNAÑ","2018","05","27",28.1,"",14.5,"",22.1,"",12.8,"",.0,"9","",0,"9",.0,"9",11.3,"",.0,"9",.0,"9",.0,"9",.0,"9",1.1,"",2.2,"",.0,"9",.0,"9",.0,"9",.0,"9",.0,"9",.0,"9",.0,"9",.0,"9",.0,"9",.0,"9",0,"",0,"","R",0,"9",0,"9",0,"8"
"352160330","POZNAÑ","2018","05","28",30.0,"",16.1,"",24.2,"",13.5,"",.0,"9","",0,"9",.0,"9",15.2,"",.0,"9",.0,"9",.0,"9",.0,"9",.0,"9",.0,"9",.0,"9",.0,"9",.0,"9",.0,"9",.0,"9",.0,"9",.0,"9",.0,"9",.0,"9",.0,"9",0,"",0,"","R",0,"9",0,"9",0,"8"
"352160330","POZNAÑ","2018","05","29",29.8,"",16.0,"",24.2,"",12.9,"",.0,"9","",0,"9",.0,"9",15.7,"",.0,"9",.0,"9",.0,"9",.0,"9",.0,"9",.0,"9",.0,"9",.0,"9",.0,"9",.0,"9",.0,"9",.0,"9",.0,"9",.0,"9",.0,"9",.0,"9",0,"",0,"","R",0,"9",0,"9",0,"8"
"352160330","POZNAÑ","2018","05","30",29.7,"",17.3,"",23.5,"",13.3,"",.0,"","W",0,"9",.0,"9",10.1,"",.8,"",.0,"9",.0,"9",.0,"9",.0,"9",.0,"9",.0,"9",.0,"9",.0,"9",.0,"9",.0,"9",.0,"9",.0,"9",1.8,"",.0,"9",.0,"9",0,"",0,"","R",0,"9",0,"9",0,"8"
"352160330","POZNAÑ","2018","05","31",31.2,"",16.1,"",24.9,"",13.1,"",.0,"9","",0,"9",.0,"9",14.0,"",.0,"9",.0,"9",.0,"9",.0,"9",.0,"9",.0,"9",.0,"9",.0,"9",.0,"9",.0,"9",.0,"9",.0,"9",.0,"9",.0,"9",.0,"9",.0,"9",0,"",0,"","R",0,"9",0,"9",0,"8"
"352160330","POZNAÑ","2018","06","01",31.3,"",17.9,"",23.4,"",15.0,"",.1,"","W",0,"9",.0,"9",5.7,"",3.1,"",.0,"9",.0,"9",.0,"9",.0,"9",.0,"9",.0,"9",.0,"9",.0,"9",.0,"9",.0,"9",.0,"9",.0,"9",1.2,"",.0,"9",.0,"9",0,"",0,"","R",0,"9",0,"9",0,"8"
"352160330","POZNAÑ","2018","06","02",29.7,"",17.2,"",22.1,"",14.6,"",.2,"","W",0,"9",.0,"9",7.9,"",.6,"",.0,"9",.0,"9",.0,"9",.0,"9",.0,"9",.0,"9",.0,"9",.0,"9",.0,"9",.0,"9",.0,"9",.0,"9",5.0,"",.0,"9",.0,"9",0,"",0,"","R",0,"9",0,"9",0,"8"
"352160330","POZNAÑ","2018","06","03",29.0,"",17.7,"",22.8,"",15.8,"",.0,"9","",0,"9",.0,"9",11.5,"",.0,"9",.0,"9",.0,"9",.0,"9",.0,"9",5.6,"",.0,"9",.0,"9",.0,"9",.0,"9",.0,"9",.0,"9",.0,"9",.0,"9",.0,"9",.0,"9",0,"",0,"","R",0,"9",0,"9",0,"8"
"352160330","POZNAÑ","2018","06","04",28.0,"",15.0,"",22.0,"",12.0,"",.0,"9","",0,"9",.0,"9",15.2,"",.0,"9",.0,"9",.0,"9",.0,"9",.0,"9",.0,"9",.0,"9",.0,"9",.0,"9",.0,"9",.0,"9",.0,"9",.0,"9",.0,"9",.0,"9",.0,"9",0,"",0,"","R",0,"9",0,"9",0,"8"
"352160330","POZNAÑ","2018","06","05",25.4,"",15.2,"",19.7,"",12.2,"",.0,"9","",0,"9",.0,"9",13.7,"",.0,"9",.0,"9",.0,"9",.0,"9",.0,"9",.0,"9",.0,"9",.0,"9",.0,"9",.0,"9",.0,"9",.0,"9",.0,"9",.0,"9",.0,"9",.0,"9",0,"",0,"","R",0,"9",0,"9",0,"8"
"352160330","POZNAÑ","2018","06","06",23.1,"",9.0,"",15.2,"",8.1,"",.0,"9","",0,"9",.0,"9",16.2,"",.0,"9",.0,"9",.0,"9",.0,"9",.0,"9",.0,"9",.0,"9",.0,"9",.0,"9",.0,"9",.0,"9",.0,"9",.0,"9",.0,"9",.0,"9",.0,"9",0,"",0,"","R",0,"9",0,"9",0,"8"
"352160330","POZNAÑ","2018","06","07",23.9,"",8.9,"",17.8,"",5.2,"",.0,"9","",0,"9",.0,"9",15.8,"",.0,"9",.0,"9",.0,"9",.0,"9",.0,"9",.0,"9",.0,"9",.0,"9",.0,"9",.0,"9",.0,"9",.0,"9",.0,"9",.0,"9",.0,"9",.0,"9",0,"",0,"","R",0,"9",0,"9",0,"8"
"352160330","POZNAÑ","2018","06","08",30.0,"",12.4,"",22.5,"",7.8,"",.0,"9","",0,"9",.0,"9",15.6,"",.0,"9",.0,"9",.0,"9",.0,"9",.0,"9",.0,"9",.0,"9",.0,"9",.0,"9",.0,"9",.0,"9",.0,"9",.0,"9",.0,"9",.0,"9",.0,"9",0,"",0,"","R",0,"9",0,"9",0,"8"
"352160330","POZNAÑ","2018","06","09",30.6,"",16.3,"",24.7,"",12.6,"",.0,"9","",0,"9",.0,"9",14.8,"",.0,"9",.0,"9",.0,"9",.0,"9",.0,"9",.0,"9",.0,"9",.0,"9",.0,"9",.0,"9",.0,"9",.0,"9",.0,"9",.0,"9",.0,"9",.0,"9",0,"",0,"","R",0,"9",0,"9",0,"8"
"352160330","POZNAÑ","2018","06","10",29.7,"",19.0,"",23.0,"",16.4,"",7.1,"","W",0,"9",.0,"9",3.0,"",2.7,"",.0,"9",.0,"9",.0,"9",.0,"9",.7,"",.0,"9",.0,"9",.0,"9",.0,"9",.0,"9",.0,"9",.0,"9",1.7,"",.0,"9",.0,"9",0,"",0,"","R",0,"9",0,"9",0,"8"
"352160330","POZNAÑ","2018","06","11",26.0,"",16.5,"",20.4,"",14.8,"",.0,"","W",0,"9",.0,"9",8.5,"",.4,"",.0,"9",.0,"9",.0,"9",.5,"",3.7,"",.0,"9",.0,"9",.0,"9",.0,"9",.0,"9",.0,"9",.0,"9",.0,"9",.0,"9",.0,"9",0,"",0,"","R",0,"9",0,"9",0,"8"
"352160330","POZNAÑ","2018","06","12",23.6,"",13.3,"",17.5,"",11.2,"",.0,"9","",0,"9",.0,"9",13.3,"",.0,"9",.0,"9",.0,"9",.0,"9",.0,"9",.0,"9",.0,"9",.0,"9",.0,"9",.0,"9",.0,"9",.0,"9",.0,"9",.0,"9",.0,"9",.0,"9",0,"",0,"","R",0,"9",0,"9",0,"8"
"352160330","POZNAÑ","2018","06","13",20.8,"",11.7,"",16.1,"",8.0,"",.0,"","W",0,"9",.0,"9",.0,"9",.2,"",.0,"9",.0,"9",.0,"9",.0,"9",.0,"9",.0,"9",.0,"9",.0,"9",.0,"9",.0,"9",.0,"9",.0,"9",.0,"9",.0,"9",.0,"9",0,"",0,"","R",0,"9",0,"9",0,"8"
"352160330","POZNAÑ","2018","06","14",22.0,"",13.9,"",17.4,"",13.8,"",.0,"9","",0,"9",.0,"9",7.7,"",.0,"9",.0,"9",.0,"9",.0,"9",.0,"9",.0,"9",.0,"9",.0,"9",.0,"9",.0,"9",.0,"9",.0,"9",.0,"9",.0,"9",.0,"9",.0,"9",0,"",0,"","R",0,"9",0,"9",0,"8"
"352160330","POZNAÑ","2018","06","15",24.9,"",11.0,"",18.8,"",7.3,"",.0,"9","",0,"9",.0,"9",7.2,"",.0,"9",.0,"9",.0,"9",.0,"9",.0,"9",.0,"9",.0,"9",.0,"9",.0,"9",.0,"9",.0,"9",.0,"9",.0,"9",.0,"9",.0,"9",.0,"9",0,"",0,"","R",0,"9",0,"9",0,"8"
"352160330","POZNAÑ","2018","06","16",26.7,"",16.3,"",20.8,"",12.8,"",.0,"9","",0,"9",.0,"9",5.0,"",.0,"9",.0,"9",.0,"9",.0,"9",.0,"9",.0,"9",.0,"9",.0,"9",.0,"9",.0,"9",.0,"9",.0,"9",.0,"9",.0,"9",.0,"9",.0,"9",0,"",0,"","R",0,"9",0,"9",0,"8"
"352160330","POZNAÑ","2018","06","17",30.1,"",17.2,"",23.9,"",13.0,"",2.2,"","W",0,"9",.0,"9",11.4,"",1.1,"",.0,"9",.0,"9",.0,"9",.0,"9",.8,"",.0,"9",.0,"9",.0,"9",.0,"9",.0,"9",.0,"9",.0,"9",.0,"9",.0,"9",.0,"9",0,"",0,"","R",0,"9",0,"9",0,"8"
"352160330","POZNAÑ","2018","06","18",25.8,"",15.9,"",20.1,"",15.6,"",.0,"","W",0,"9",.0,"9",5.9,"",2.9,"",.0,"9",.0,"9",.0,"9",.0,"9",.0,"9",.0,"9",.0,"9",.0,"9",.0,"9",.0,"9",.0,"9",.0,"9",.0,"9",.0,"9",.0,"9",0,"",0,"","R",0,"9",0,"9",0,"8"
"352160330","POZNAÑ","2018","06","19",25.9,"",17.7,"",21.5,"",16.0,"",.0,"9","",0,"9",.0,"9",6.4,"",.0,"9",.0,"9",.0,"9",.0,"9",.0,"9",.0,"9",.0,"9",.0,"9",.0,"9",.0,"9",.0,"9",.0,"9",.0,"9",.0,"9",.0,"9",.0,"9",0,"",0,"","R",0,"9",0,"9",0,"8"
"352160330","POZNAÑ","2018","06","20",27.5,"",15.0,"",21.8,"",10.9,"",.0,"9","",0,"9",.0,"9",12.5,"",.0,"9",.0,"9",.0,"9",.0,"9",.0,"9",.0,"9",.0,"9",.0,"9",.0,"9",.0,"9",.0,"9",.0,"9",.0,"9",.0,"9",.0,"9",.0,"9",0,"",0,"","R",0,"9",0,"9",0,"8"
"352160330","POZNAÑ","2018","06","21",31.3,"",14.4,"",20.8,"",14.5,"",.7,"","W",0,"9",.0,"9",10.9,"",.3,"",.0,"9",.0,"9",.0,"9",.0,"9",.0,"9",.0,"9",.0,"9",.0,"9",.0,"9",.0,"9",3.0,"",.5,"",.0,"9",.0,"9",.0,"9",0,"",0,"","R",0,"9",0,"9",0,"8"
"352160330","POZNAÑ","2018","06","22",17.6,"",9.4,"",13.2,"",8.3,"",.0,"9","",0,"9",.0,"9",8.1,"",.0,"9",.0,"9",.0,"9",.0,"9",.0,"9",.0,"9",.0,"9",.0,"9",.0,"9",.0,"9",.0,"9",.0,"9",.0,"9",.0,"9",.0,"9",.0,"9",0,"",0,"","R",0,"9",0,"9",0,"8"
"352160330","POZNAÑ","2018","06","23",18.8,"",9.6,"",13.8,"",8.4,"",.7,"","W",0,"9",.0,"9",2.8,"",1.9,"",.0,"9",.0,"9",.0,"9",.0,"9",.0,"9",.0,"9",.0,"9",.0,"9",.0,"9",.0,"9",.0,"9",.0,"9",.0,"9",.0,"9",.0,"9",0,"",0,"","R",0,"9",0,"9",0,"8"
"352160330","POZNAÑ","2018","06","24",18.9,"",11.3,"",13.4,"",10.9,"",3.8,"","W",0,"9",.0,"9",2.9,"",4.9,"",.0,"9",.0,"9",.0,"9",.0,"9",1.8,"",.0,"9",.0,"9",.0,"9",.0,"9",.0,"9",.0,"9",.0,"9",.0,"9",.0,"9",.0,"9",0,"",0,"","R",0,"9",0,"9",0,"8"
"352160330","POZNAÑ","2018","06","25",22.4,"",10.2,"",15.0,"",6.7,"",3.5,"","W",0,"9",.0,"9",4.3,"",2.3,"",.0,"9",.0,"9",.0,"9",.0,"9",4.3,"",.0,"9",.0,"9",.0,"9",.0,"9",.0,"9",.0,"9",.0,"9",.7,"",.0,"9",.0,"9",0,"",0,"","R",0,"9",0,"9",0,"8"
"352160330","POZNAÑ","2018","06","26",22.4,"",12.3,"",16.2,"",10.7,"",4.5,"","W",0,"9",.0,"9",6.7,"",2.4,"",.0,"9",.0,"9",.0,"9",.0,"9",.0,"9",.0,"9",.0,"9",.0,"9",.0,"9",.0,"9",.0,"9",.0,"9",1.3,"",.0,"9",.0,"9",0,"",0,"","R",0,"9",0,"9",0,"8"
"352160330","POZNAÑ","2018","06","27",25.3,"",10.9,"",18.9,"",7.4,"",.0,"9","",0,"9",.0,"9",11.5,"",.0,"9",.0,"9",.0,"9",.0,"9",.0,"9",.0,"9",.0,"9",.0,"9",.0,"9",.0,"9",.0,"9",.0,"9",.0,"9",.0,"9",.0,"9",.0,"9",0,"",0,"","R",0,"9",0,"9",0,"8"
"352160330","POZNAÑ","2018","06","28",27.1,"",16.3,"",21.8,"",15.3,"",.0,"9","",0,"9",.0,"9",3.6,"",.0,"9",.0,"9",.0,"9",.0,"9",.0,"9",.0,"9",.0,"9",.0,"9",.0,"9",.0,"9",.0,"9",.0,"9",.0,"9",.0,"9",.0,"9",.0,"9",0,"",0,"","R",0,"9",0,"9",0,"8"
"352160330","POZNAÑ","2018","06","29",28.9,"",16.5,"",21.5,"",15.0,"",.0,"9","",0,"9",.0,"9",12.9,"",.0,"9",.0,"9",.0,"9",.0,"9",.0,"9",.0,"9",.0,"9",.0,"9",.0,"9",.0,"9",.0,"9",.0,"9",.0,"9",.0,"9",.0,"9",.0,"9",0,"",0,"","R",0,"9",0,"9",0,"8"
"352160330","POZNAÑ","2018","06","30",20.7,"",9.1,"",14.8,"",7.9,"",.0,"9","",0,"9",.0,"9",10.8,"",.0,"9",.0,"9",.0,"9",.0,"9",.0,"9",.0,"9",.0,"9",.0,"9",.0,"9",.0,"9",.0,"9",.2,"",.0,"9",.0,"9",.0,"9",.0,"9",0,"",0,"","",0,"9",0,"9",0,"8"
"352160330","POZNAÑ","2018","07","01",18.9,"",7.8,"",14.2,"",6.1,"",.0,"","W",0,"9",.0,"9",8.2,"",.4,"",.0,"9",.0,"9",.0,"9",.0,"9",.0,"9",.0,"9",.0,"9",.0,"9",.0,"9",.0,"9",.0,"9",.0,"9",.0,"9",.0,"9",.0,"9",0,"",0,"","R",0,"9",0,"9",0,"8"
"352160330","POZNAÑ","2018","07","02",21.9,"",7.2,"",16.0,"",4.1,"",.0,"9","",0,"9",.0,"9",7.7,"",.0,"9",.0,"9",.0,"9",.0,"9",.0,"9",.0,"9",.0,"9",.0,"9",.0,"9",.0,"9",.0,"9",.0,"9",.0,"9",.0,"9",.0,"9",.0,"9",0,"",0,"","R",0,"9",0,"9",0,"8"
"352160330","POZNAÑ","2018","07","03",26.5,"",10.8,"",20.3,"",7.7,"",.0,"9","",0,"9",.0,"9",13.3,"",.0,"9",.0,"9",.0,"9",.0,"9",.0,"9",.0,"9",.0,"9",.0,"9",.0,"9",.0,"9",.0,"9",.0,"9",.0,"9",.0,"9",.0,"9",.0,"9",0,"",0,"","R",0,"9",0,"9",0,"8"
"352160330","POZNAÑ","2018","07","04",29.4,"",13.8,"",23.0,"",10.1,"",.0,"9","",0,"9",.0,"9",16.0,"",.0,"9",.0,"9",.0,"9",.0,"9",.0,"9",.0,"9",.0,"9",.0,"9",.0,"9",.0,"9",.0,"9",.0,"9",.0,"9",.0,"9",.0,"9",.0,"9",0,"",0,"","R",0,"9",0,"9",0,"8"
"352160330","POZNAÑ","2018","07","05",31.0,"",13.2,"",23.9,"",9.8,"",.0,"9","",0,"9",.0,"9",11.8,"",.0,"9",.0,"9",.0,"9",.0,"9",.0,"9",.0,"9",.0,"9",.0,"9",.0,"9",.0,"9",.0,"9",.0,"9",.0,"9",.0,"9",.0,"9",.0,"9",0,"",0,"","R",0,"9",0,"9",0,"8"
"352160330","POZNAÑ","2018","07","06",27.9,"",14.9,"",19.5,"",13.0,"",.0,"9","",0,"9",.0,"9",9.8,"",.0,"9",.0,"9",.0,"9",.0,"9",.0,"9",.0,"9",.0,"9",.0,"9",.0,"9",.0,"9",.0,"9",.0,"9",.0,"9",.0,"9",.0,"9",.0,"9",0,"",0,"","R",0,"9",0,"9",0,"8"
"352160330","POZNAÑ","2018","07","07",24.3,"",12.2,"",18.8,"",9.3,"",.3,"","W",0,"9",.0,"9",12.1,"",.0,"9",.0,"9",.0,"9",.0,"9",.0,"9",.0,"9",.0,"9",.0,"9",.0,"9",.0,"9",.0,"9",.0,"9",.0,"9",.0,"9",.0,"9",.0,"9",0,"",0,"","R",0,"9",0,"9",0,"8"
"352160330","POZNAÑ","2018","07","08",27.2,"",14.7,"",21.1,"",12.1,"",.0,"9","",0,"9",.0,"9",12.3,"",1.6,"",.0,"9",.0,"9",.0,"9",.0,"9",.0,"9",.0,"9",.0,"9",.0,"9",.0,"9",.0,"9",.0,"9",.0,"9",.0,"9",.0,"9",.0,"9",0,"",0,"","R",0,"9",0,"9",0,"8"
"352160330","POZNAÑ","2018","07","09",27.5,"",14.3,"",21.4,"",11.5,"",.0,"9","",0,"9",.0,"9",13.0,"",.0,"9",.0,"9",.0,"9",.0,"9",.0,"9",.0,"9",.0,"9",.0,"9",.0,"9",.0,"9",.0,"9",.0,"9",.0,"9",.0,"9",.0,"9",.0,"9",0,"",0,"","R",0,"9",0,"9",0,"8"
"352160330","POZNAÑ","2018","07","10",24.7,"",14.6,"",19.9,"",12.0,"",1.7,"","W",0,"9",.0,"9",4.9,"",1.7,"",.0,"9",.0,"9",.0,"9",.0,"9",.0,"9",.0,"9",.0,"9",.0,"9",.0,"9",.0,"9",.0,"9",.0,"9",.0,"9",.0,"9",.0,"9",0,"",0,"","R",0,"9",0,"9",0,"8"
"352160330","POZNAÑ","2018","07","11",21.8,"",16.0,"",17.6,"",15.8,"",45.5,"","W",0,"9",.0,"9",1.8,"",13.4,"",.0,"9",.0,"9",.0,"9",.0,"9",5.3,"",.0,"9",.0,"9",.0,"9",.0,"9",.0,"9",.0,"9",.0,"9",2.0,"",.0,"9",.0,"9",0,"",0,"","R",0,"9",0,"9",0,"8"
"352160330","POZNAÑ","2018","07","12",21.7,"",14.4,"",17.4,"",13.9,"",.4,"","W",0,"9",.0,"9",6.8,"",2.5,"",.0,"9",.0,"9",.0,"9",.0,"9",3.7,"",.0,"9",.0,"9",.0,"9",.0,"9",.0,"9",.0,"9",.0,"9",.0,"9",.0,"9",.0,"9",0,"",0,"","R",0,"9",0,"9",0,"8"
"352160330","POZNAÑ","2018","07","13",25.0,"",14.2,"",18.5,"",13.0,"",3.4,"","W",0,"9",.0,"9",3.6,"",1.6,"",.0,"9",.0,"9",.0,"9",.0,"9",3.8,"",.0,"9",.0,"9",.0,"9",.0,"9",.0,"9",.0,"9",.0,"9",1.0,"",.0,"9",.0,"9",0,"",0,"","R",0,"9",0,"9",0,"8"
"352160330","POZNAÑ","2018","07","14",26.4,"",17.3,"",21.4,"",16.7,"",.0,"9","",0,"9",.0,"9",12.4,"",.4,"",.0,"9",.0,"9",.0,"9",.0,"9",.0,"9",.0,"9",.0,"9",.0,"9",.0,"9",.0,"9",.0,"9",.0,"9",.0,"9",.0,"9",.0,"9",0,"",0,"","R",0,"9",0,"9",0,"8"
"352160330","POZNAÑ","2018","07","15",26.3,"",13.2,"",20.1,"",12.9,"",.0,"9","",0,"9",.0,"9",15.8,"",.0,"9",.0,"9",.0,"9",.0,"9",.0,"9",.0,"9",.0,"9",.0,"9",.0,"9",.0,"9",.0,"9",.0,"9",.0,"9",.0,"9",.0,"9",.0,"9",0,"",0,"","R",0,"9",0,"9",0,"8"
"352160330","POZNAÑ","2018","07","16",28.3,"",14.6,"",19.7,"",13.6,"",4.5,"","W",0,"9",.0,"9",6.3,"",2.4,"",.0,"9",.0,"9",.0,"9",.0,"9",.0,"9",.0,"9",.0,"9",.0,"9",.0,"9",.0,"9",.3,"",.0,"9",.7,"",.0,"9",.0,"9",0,"",0,"","R",0,"9",0,"9",0,"8"
"352160330","POZNAÑ","2018","07","17",21.0,"",17.7,"",18.9,"",17.4,"",21.4,"","W",0,"9",.0,"9",.0,"9",12.2,"",.0,"9",.0,"9",.0,"9",.0,"9",2.2,"",.0,"9",.0,"9",.0,"9",.0,"9",.0,"9",.0,"9",.0,"9",.8,"",.0,"9",.0,"9",0,"",0,"","R",0,"9",0,"9",0,"8"
"352160330","POZNAÑ","2018","07","18",19.6,"",18.1,"",18.4,"",18.0,"",3.3,"","W",0,"9",.0,"9",.0,"9",13.1,"",.0,"9",.0,"9",.0,"9",.0,"9",2.8,"",.0,"9",.0,"9",.0,"9",.0,"9",.0,"9",.0,"9",.0,"9",.0,"9",.0,"9",.0,"9",0,"",0,"","R",0,"9",0,"9",0,"8"
"352160330","POZNAÑ","2018","07","19",21.5,"",17.7,"",19.2,"",17.7,"",.4,"","W",0,"9",.0,"9",.0,"9",3.8,"",.0,"9",.0,"9",.0,"9",.0,"9",2.3,"",.0,"9",.0,"9",.0,"9",.0,"9",.0,"9",.0,"9",.0,"9",.0,"9",.0,"9",.0,"9",0,"",0,"","R",0,"9",0,"9",0,"8"
"352160330","POZNAÑ","2018","07","20",25.6,"",14.3,"",20.1,"",13.3,"",.0,"9","",0,"9",.0,"9",12.6,"",.0,"9",.0,"9",.0,"9",.0,"9",.0,"9",.0,"9",.0,"9",.0,"9",.0,"9",.0,"9",.0,"9",.0,"9",.0,"9",.0,"9",.0,"9",.0,"9",0,"",0,"","R",0,"9",0,"9",0,"8"
"352160330","POZNAÑ","2018","07","21",26.3,"",12.2,"",20.1,"",9.6,"",.0,"9","",0,"9",.0,"9",14.6,"",.0,"9",.0,"9",.0,"9",.0,"9",.0,"9",.0,"9",.0,"9",.0,"9",.0,"9",.0,"9",.0,"9",.0,"9",.0,"9",.0,"9",.0,"9",.0,"9",0,"",0,"","R",0,"9",0,"9",0,"8"
"352160330","POZNAÑ","2018","07","22",27.2,"",13.8,"",21.0,"",11.8,"",.0,"9","",0,"9",.0,"9",13.0,"",.0,"9",.0,"9",.0,"9",.0,"9",.0,"9",.0,"9",.0,"9",.0,"9",.0,"9",.0,"9",.0,"9",.0,"9",.0,"9",.0,"9",.0,"9",.0,"9",0,"",0,"","R",0,"9",0,"9",0,"8"
"352160330","POZNAÑ","2018","07","23",28.8,"",15.4,"",22.6,"",13.6,"",.0,"9","",0,"9",.0,"9",12.4,"",.0,"9",.0,"9",.0,"9",.0,"9",.0,"9",.0,"9",.0,"9",.0,"9",.0,"9",.0,"9",.0,"9",.0,"9",.0,"9",.0,"9",.0,"9",.0,"9",0,"",0,"","R",0,"9",0,"9",0,"8"
"352160330","POZNAÑ","2018","07","24",28.4,"",16.2,"",22.6,"",14.9,"",.0,"9","",0,"9",.0,"9",14.8,"",.0,"9",.0,"9",.0,"9",.0,"9",.0,"9",.0,"9",.0,"9",.0,"9",.0,"9",.0,"9",.0,"9",.0,"9",.0,"9",.0,"9",.0,"9",.0,"9",0,"",0,"","R",0,"9",0,"9",0,"8"
"352160330","POZNAÑ","2018","07","25",28.4,"",16.1,"",22.4,"",13.9,"",.0,"9","",0,"9",.0,"9",12.5,"",.0,"9",.0,"9",.0,"9",.0,"9",.0,"9",.0,"9",.0,"9",.0,"9",.0,"9",.0,"9",.0,"9",.0,"9",.0,"9",.0,"9",.0,"9",.0,"9",0,"",0,"","R",0,"9",0,"9",0,"8"
"352160330","POZNAÑ","2018","07","26",29.9,"",16.1,"",23.5,"",13.6,"",.0,"9","",0,"9",.0,"9",9.5,"",.0,"9",.0,"9",.0,"9",.0,"9",.0,"9",.0,"9",.0,"9",.0,"9",.0,"9",.0,"9",.0,"9",.0,"9",.0,"9",.0,"9",.0,"9",.0,"9",0,"",0,"","R",0,"9",0,"9",0,"8"
"352160330","POZNAÑ","2018","07","27",30.2,"",19.2,"",24.4,"",18.5,"",.4,"","W",0,"9",.0,"9",11.9,"",.4,"",.0,"9",.0,"9",.0,"9",.0,"9",.0,"9",.0,"9",.0,"9",.0,"9",.0,"9",.0,"9",.0,"9",.0,"9",.0,"9",.0,"9",.0,"9",0,"",0,"","R",0,"9",0,"9",0,"8"
"352160330","POZNAÑ","2018","07","28",30.5,"",18.4,"",25.1,"",16.0,"",.0,"","W",0,"9",.0,"9",13.6,"",.0,"9",.0,"9",.0,"9",.0,"9",.0,"9",.0,"9",.0,"9",.0,"9",.0,"9",.0,"9",.0,"9",.0,"9",.0,"9",.2,"",.0,"9",.0,"9",0,"",0,"","R",0,"9",0,"9",0,"8"
"352160330","POZNAÑ","2018","07","29",29.1,"",19.7,"",23.8,"",19.5,"",.0,"9","",0,"9",.0,"9",10.7,"",.2,"",.0,"9",.0,"9",.0,"9",.0,"9",.0,"9",.0,"9",.0,"9",.0,"9",.0,"9",.0,"9",.0,"9",.0,"9",1.1,"",.0,"9",.0,"9",0,"",0,"","R",0,"9",0,"9",0,"8"
"352160330","POZNAÑ","2018","07","30",30.8,"",16.4,"",24.4,"",13.7,"",.0,"9","",0,"9",.0,"9",14.1,"",.0,"9",.0,"9",.0,"9",.0,"9",.0,"9",2.0,"",.0,"9",.0,"9",.0,"9",.0,"9",.0,"9",.0,"9",.0,"9",.0,"9",.0,"9",.0,"9",0,"",0,"","R",0,"9",0,"9",0,"8"
"352160330","POZNAÑ","2018","07","31",33.2,"",18.5,"",27.2,"",16.0,"",.0,"9","",0,"9",.0,"9",14.7,"",.0,"9",.0,"9",.0,"9",.0,"9",.0,"9",.0,"9",.0,"9",.0,"9",.0,"9",.0,"9",.0,"9",.0,"9",.0,"9",.0,"9",.0,"9",.0,"9",0,"",0,"","R",0,"9",0,"9",0,"8"
"352160330","POZNAÑ","2018","08","01",33.9,"",20.8,"",28.0,"",17.7,"",.0,"9","",0,"9",.0,"9",14.2,"",.0,"9",.0,"9",.0,"9",.0,"9",.0,"9",.0,"9",.0,"9",.0,"9",.0,"9",.0,"9",.0,"9",.0,"9",.0,"9",.0,"9",.0,"9",.0,"9",0,"",0,"","R",0,"9",0,"9",0,"8"
"352160330","POZNAÑ","2018","08","02",32.7,"",20.7,"",26.8,"",17.9,"",.0,"9","",0,"9",.0,"9",11.0,"",.0,"9",.0,"9",.0,"9",.0,"9",.0,"9",.0,"9",.0,"9",.0,"9",.0,"9",.0,"9",.0,"9",.0,"9",.0,"9",.0,"9",.0,"9",.0,"9",0,"",0,"","R",0,"9",0,"9",0,"8"
"352160330","POZNAÑ","2018","08","03",32.2,"",19.6,"",25.8,"",19.1,"",.0,"9","",0,"9",.0,"9",14.3,"",.0,"9",.0,"9",.0,"9",.0,"9",.0,"9",.0,"9",.0,"9",.0,"9",.0,"9",.0,"9",.0,"9",.0,"9",.0,"9",.0,"9",.0,"9",.0,"9",0,"",0,"","R",0,"9",0,"9",0,"8"
"352160330","POZNAÑ","2018","08","04",32.7,"",16.1,"",25.0,"",13.5,"",.4,"","W",0,"9",.0,"9",12.7,"",.3,"",.0,"9",.0,"9",.0,"9",.0,"9",.0,"9",.0,"9",.0,"9",.0,"9",.0,"9",.0,"9",.0,"9",.0,"9",.0,"9",.0,"9",.0,"9",0,"",1,"","R",0,"9",0,"9",0,"8"
"352160330","POZNAÑ","2018","08","05",28.0,"",18.1,"",22.4,"",16.8,"",.0,"9","",0,"9",.0,"9",13.3,"",.6,"",.0,"9",.0,"9",.0,"9",.0,"9",.0,"9",.0,"9",.0,"9",.0,"9",.0,"9",.0,"9",.0,"9",.0,"9",.0,"9",.0,"9",.0,"9",0,"",1,"","R",0,"9",0,"9",0,"8"
"352160330","POZNAÑ","2018","08","06",26.6,"",14.6,"",20.7,"",12.0,"",.0,"9","",0,"9",.0,"9",13.1,"",.0,"9",.0,"9",.0,"9",.0,"9",.0,"9",.0,"9",.0,"9",.0,"9",.0,"9",.0,"9",.0,"9",.0,"9",.0,"9",.0,"9",.0,"9",.0,"9",0,"",0,"","R",0,"9",0,"9",0,"8"
"352160330","POZNAÑ","2018","08","07",31.2,"",14.4,"",24.1,"",11.4,"",.0,"9","",0,"9",.0,"9",14.6,"",.0,"9",.0,"9",.0,"9",.0,"9",.0,"9",.0,"9",.0,"9",.0,"9",.0,"9",.0,"9",.0,"9",.0,"9",.0,"9",.0,"9",.0,"9",.0,"9",0,"",0,"","R",0,"9",0,"9",0,"8"
"352160330","POZNAÑ","2018","08","08",34.2,"",19.8,"",27.1,"",19.1,"",.0,"9","",0,"9",.0,"9",12.8,"",.0,"9",.0,"9",.0,"9",.0,"9",.0,"9",.0,"9",.0,"9",.0,"9",.0,"9",.0,"9",.0,"9",.0,"9",.0,"9",.0,"9",.0,"9",.0,"9",0,"",0,"","R",0,"9",0,"9",0,"8"
"352160330","POZNAÑ","2018","08","09",34.3,"",21.9,"",28.1,"",20.9,"",.0,"9","",0,"9",.0,"9",12.1,"",.0,"9",.0,"9",.0,"9",.0,"9",.0,"9",.0,"9",.0,"9",.0,"9",.0,"9",.0,"9",.0,"9",.0,"9",.0,"9",.0,"9",.0,"9",.0,"9",0,"",0,"","R",0,"9",0,"9",0,"8"
"352160330","POZNAÑ","2018","08","10",31.5,"",19.3,"",22.0,"",18.5,"",1.5,"","W",0,"9",.0,"9",2.1,"",5.4,"",.0,"9",.0,"9",.0,"9",.0,"9",.0,"9",.0,"9",.0,"9",.0,"9",.0,"9",.0,"9",.0,"9",.0,"9",1.7,"",.0,"9",.0,"9",0,"",0,"","R",0,"9",0,"9",0,"8"
"352160330","POZNAÑ","2018","08","11",24.3,"",13.4,"",18.3,"",11.7,"",1.3,"","W",0,"9",.0,"9",9.0,"",1.8,"",.0,"9",.0,"9",.0,"9",.0,"9",2.0,"",.0,"9",.0,"9",.0,"9",.0,"9",.0,"9",.0,"9",.0,"9",.2,"",.0,"9",.0,"9",0,"",0,"","R",0,"9",0,"9",0,"8"
"352160330","POZNAÑ","2018","08","12",25.1,"",11.0,"",18.9,"",8.8,"",.0,"9","",0,"9",.0,"9",14.0,"",.0,"9",.0,"9",.0,"9",.0,"9",.0,"9",.0,"9",.0,"9",.0,"9",.0,"9",.0,"9",.0,"9",.0,"9",.0,"9",.0,"9",.0,"9",.0,"9",0,"",0,"","R",0,"9",0,"9",0,"8"
"352160330","POZNAÑ","2018","08","13",32.0,"",13.7,"",24.1,"",10.7,"",1.0,"","W",0,"9",.0,"9",13.0,"",1.2,"",.0,"9",.0,"9",.0,"9",.0,"9",.0,"9",.0,"9",.0,"9",.0,"9",.0,"9",.0,"9",.0,"9",.0,"9",.0,"9",.0,"9",.0,"9",0,"",0,"","R",0,"9",0,"9",0,"8"
"352160330","POZNAÑ","2018","08","14",29.1,"",18.1,"",21.8,"",18.0,"",.2,"","W",0,"9",.0,"9",7.6,"",4.5,"",.0,"9",.0,"9",.0,"9",.0,"9",.0,"9",.0,"9",.0,"9",.0,"9",.0,"9",.0,"9",.0,"9",.0,"9",.0,"9",.0,"9",.0,"9",0,"",0,"","R",0,"9",0,"9",0,"8"
"352160330","POZNAÑ","2018","08","15",24.7,"",17.3,"",20.2,"",16.9,"",1.0,"","W",0,"9",.0,"9",4.6,"",.5,"",.0,"9",.0,"9",.0,"9",.0,"9",.0,"9",.0,"9",.0,"9",.0,"9",.0,"9",.0,"9",.0,"9",.0,"9",.0,"9",.0,"9",.0,"9",0,"",0,"","R",0,"9",0,"9",0,"8"
"352160330","POZNAÑ","2018","08","16",27.5,"",16.4,"",22.0,"",14.8,"",.0,"9","",0,"9",.0,"9",9.3,"",.0,"9",.0,"9",.0,"9",.0,"9",.0,"9",.0,"9",.0,"9",.0,"9",.0,"9",.0,"9",.0,"9",.0,"9",.0,"9",.0,"9",.0,"9",.0,"9",0,"",0,"","R",0,"9",0,"9",0,"8"
"352160330","POZNAÑ","2018","08","17",29.5,"",15.5,"",23.0,"",13.4,"",.0,"9","",0,"9",.0,"9",12.2,"",.0,"9",.0,"9",.0,"9",.0,"9",.0,"9",.0,"9",.0,"9",.0,"9",.0,"9",.0,"9",.0,"9",.0,"9",.0,"9",.0,"9",.0,"9",.0,"9",0,"",0,"","R",0,"9",0,"9",0,"8"
"352160330","POZNAÑ","2018","08","18",28.1,"",16.5,"",21.6,"",14.5,"",.0,"9","",0,"9",.0,"9",8.3,"",.0,"9",.0,"9",.0,"9",.0,"9",.0,"9",.0,"9",.0,"9",.0,"9",.0,"9",.0,"9",.0,"9",.0,"9",.0,"9",.0,"9",.0,"9",.0,"9",0,"",0,"","R",0,"9",0,"9",0,"8"
"352160330","POZNAÑ","2018","08","19",29.6,"",17.1,"",23.7,"",14.4,"",.0,"9","",0,"9",.0,"9",12.8,"",.0,"9",.0,"9",.0,"9",.0,"9",.0,"9",.0,"9",.0,"9",.0,"9",.0,"9",.0,"9",.0,"9",.0,"9",.0,"9",.0,"9",.0,"9",.0,"9",0,"",0,"","R",0,"9",0,"9",0,"8"
"352160330","POZNAÑ","2018","08","20",28.5,"",16.1,"",22.6,"",13.1,"",.0,"9","",0,"9",.0,"9",10.9,"",.0,"9",.0,"9",.0,"9",.0,"9",.0,"9",.0,"9",.0,"9",.0,"9",.0,"9",.0,"9",.0,"9",.0,"9",.0,"9",.0,"9",.0,"9",.0,"9",0,"",0,"","R",0,"9",0,"9",0,"8"
"352160330","POZNAÑ","2018","08","21",23.9,"",16.0,"",19.4,"",13.5,"",.0,"9","",0,"9",.0,"9",11.7,"",.0,"9",.0,"9",.0,"9",.0,"9",.0,"9",.0,"9",.0,"9",.0,"9",.0,"9",.0,"9",.0,"9",.0,"9",.0,"9",.0,"9",.0,"9",.0,"9",0,"",0,"","R",0,"9",0,"9",0,"8"
"352160330","POZNAÑ","2018","08","22",27.4,"",11.4,"",20.8,"",8.0,"",.0,"9","",0,"9",.0,"9",13.2,"",.0,"9",.0,"9",.0,"9",.0,"9",.0,"9",.0,"9",.0,"9",.0,"9",.0,"9",.0,"9",.0,"9",.0,"9",.0,"9",.0,"9",.0,"9",.0,"9",0,"",0,"","R",0,"9",0,"9",0,"8"
"352160330","POZNAÑ","2018","08","23",32.0,"",17.0,"",24.5,"",15.5,"",.0,"9","",0,"9",.0,"9",13.1,"",.0,"9",.0,"9",.0,"9",.0,"9",.0,"9",.0,"9",.0,"9",.0,"9",.0,"9",.0,"9",.0,"9",.0,"9",.0,"9",.0,"9",.0,"9",.0,"9",0,"",0,"","R",0,"9",0,"9",0,"8"
"352160330","POZNAÑ","2018","08","24",27.1,"",19.2,"",21.2,"",16.6,"",2.9,"","W",0,"9",.0,"9",3.2,"",2.0,"",.0,"9",.0,"9",.0,"9",.0,"9",.0,"9",.0,"9",.0,"9",.0,"9",.0,"9",.0,"9",.5,"",.0,"9",.3,"",.0,"9",.0,"9",0,"",0,"","R",0,"9",0,"9",0,"8"
"352160330","POZNAÑ","2018","08","25",21.8,"",15.0,"",17.1,"",14.4,"",.7,"","W",0,"9",.0,"9",4.4,"",3.9,"",.0,"9",.0,"9",.0,"9",.0,"9",.0,"9",.0,"9",.0,"9",.0,"9",.0,"9",.0,"9",.0,"9",.0,"9",.0,"9",.0,"9",.0,"9",0,"",0,"","R",0,"9",0,"9",0,"8"
"352160330","POZNAÑ","2018","08","26",19.5,"",11.4,"",14.4,"",11.1,"",.0,"9","",0,"9",.0,"9",8.9,"",.0,"9",.0,"9",.0,"9",.0,"9",.0,"9",.0,"9",.0,"9",.0,"9",.0,"9",.0,"9",.0,"9",.0,"9",.0,"9",.0,"9",.0,"9",.0,"9",0,"",0,"","R",0,"9",0,"9",0,"8"
"352160330","POZNAÑ","2018","08","27",23.1,"",7.0,"",16.4,"",4.4,"",.0,"9","",0,"9",.0,"9",8.4,"",.0,"9",.0,"9",.0,"9",.0,"9",.0,"9",.0,"9",.0,"9",.0,"9",.0,"9",.0,"9",.0,"9",.0,"9",.0,"9",.0,"9",.0,"9",.0,"9",0,"",0,"","R",0,"9",0,"9",0,"8"
"352160330","POZNAÑ","2018","08","28",22.8,"",15.3,"",18.3,"",14.1,"",.0,"9","",0,"9",.0,"9",6.3,"",.0,"9",.0,"9",.0,"9",.0,"9",.0,"9",.0,"9",.0,"9",.0,"9",.0,"9",.0,"9",.0,"9",.0,"9",.0,"9",.0,"9",.0,"9",.0,"9",0,"",0,"","R",0,"9",0,"9",0,"8"
"352160330","POZNAÑ","2018","08","29",25.2,"",10.3,"",18.4,"",6.6,"",.0,"9","",0,"9",.0,"9",12.2,"",.0,"9",.0,"9",.0,"9",.0,"9",.0,"9",.0,"9",.0,"9",.0,"9",.0,"9",.0,"9",.0,"9",.0,"9",.0,"9",.0,"9",.0,"9",.0,"9",0,"",0,"","R",0,"9",0,"9",0,"8"
"352160330","POZNAÑ","2018","08","30",27.0,"",14.6,"",18.9,"",13.8,"",.8,"","W",0,"9",.0,"9",5.5,"",1.7,"",.0,"9",.0,"9",.0,"9",.0,"9",.0,"9",.0,"9",.0,"9",.0,"9",.0,"9",.0,"9",.0,"9",.0,"9",.0,"9",.0,"9",.0,"9",0,"",0,"","R",0,"9",0,"9",0,"8"
"352160330","POZNAÑ","2018","08","31",20.4,"",15.0,"",17.0,"",14.3,"",.0,"9","",0,"9",.0,"9",4.3,"",1.6,"",.0,"9",.0,"9",.0,"9",.0,"9",.0,"9",.0,"9",.0,"9",.0,"9",.0,"9",.0,"9",.0,"9",.0,"9",.0,"9",.0,"9",.0,"9",0,"",0,"","R",0,"9",0,"9",0,"8"
"352160330","POZNAÑ","2018","09","01",21.1,"",13.7,"",16.5,"",11.7,"",3.5,"","W",0,"9",.0,"9",.1,"",9.2,"",.0,"9",.0,"9",.0,"9",.0,"9",.0,"9",.0,"9",.0,"9",.0,"9",.0,"9",.0,"9",.0,"9",.0,"9",.0,"9",.0,"9",.0,"9",0,"",0,"","R",0,"9",0,"9",0,"8"
"352160330","POZNAÑ","2018","09","02",27.2,"",14.4,"",20.6,"",14.5,"",.0,"9","",0,"9",.0,"9",5.3,"",.8,"",.0,"9",.0,"9",.0,"9",.0,"9",.0,"9",.0,"9",.0,"9",.0,"9",.0,"9",.0,"9",.0,"9",.0,"9",.0,"9",.0,"9",.0,"9",0,"",0,"","R",0,"9",0,"9",0,"8"
"352160330","POZNAÑ","2018","09","03",26.7,"",16.1,"",21.3,"",15.3,"",.0,"9","",0,"9",.0,"9",9.7,"",.0,"9",.0,"9",.0,"9",.0,"9",.0,"9",.0,"9",.0,"9",.0,"9",.0,"9",.0,"9",.0,"9",.0,"9",.0,"9",.0,"9",.0,"9",.0,"9",0,"",0,"","R",0,"9",0,"9",0,"8"
"352160330","POZNAÑ","2018","09","04",25.7,"",14.4,"",19.8,"",13.2,"",.0,"9","",0,"9",.0,"9",11.6,"",.0,"9",.0,"9",.0,"9",.0,"9",.0,"9",.0,"9",.0,"9",.0,"9",.0,"9",.0,"9",.0,"9",.0,"9",.0,"9",.0,"9",.0,"9",.0,"9",0,"",0,"","R",0,"9",0,"9",0,"8"
"352160330","POZNAÑ","2018","09","05",23.5,"",12.5,"",17.7,"",9.8,"",.0,"9","",0,"9",.0,"9",10.1,"",.0,"9",.0,"9",.0,"9",.0,"9",.0,"9",1.9,"",.0,"9",.0,"9",.0,"9",.0,"9",.0,"9",.0,"9",.0,"9",.0,"9",.0,"9",.0,"9",0,"",0,"","R",0,"9",0,"9",0,"8"
"352160330","POZNAÑ","2018","09","06",23.6,"",12.9,"",17.0,"",9.8,"",.0,"9","",0,"9",.0,"9",6.3,"",.0,"9",.0,"9",.0,"9",.0,"9",2.5,"",3.6,"",.0,"9",.0,"9",.0,"9",.0,"9",.0,"9",.0,"9",.0,"9",.0,"9",.0,"9",.0,"9",0,"",0,"","R",0,"9",0,"9",0,"8"
"352160330","POZNAÑ","2018","09","07",26.6,"",11.4,"",19.3,"",8.3,"",.2,"","W",0,"9",.0,"9",8.9,"",.1,"",.0,"9",.0,"9",.0,"9",.0,"9",1.9,"",.0,"9",.0,"9",.0,"9",.0,"9",.0,"9",.0,"9",.0,"9",.0,"9",.0,"9",.0,"9",0,"",0,"","R",0,"9",0,"9",0,"8"
"352160330","POZNAÑ","2018","09","08",21.7,"",14.8,"",17.0,"",11.4,"",.0,"","W",0,"9",.0,"9",9.6,"",.8,"",.0,"9",.0,"9",.0,"9",.0,"9",.5,"",.0,"9",.0,"9",.0,"9",.0,"9",.0,"9",.0,"9",.0,"9",.0,"9",.0,"9",.0,"9",0,"",0,"","R",0,"9",0,"9",0,"8"
"352160330","POZNAÑ","2018","09","09",23.6,"",7.9,"",16.2,"",4.7,"",.0,"9","",0,"9",.0,"9",4.4,"",.0,"9",.0,"9",.0,"9",.0,"9",.0,"9",.0,"9",.0,"9",.0,"9",.0,"9",.0,"9",.0,"9",.0,"9",.0,"9",.0,"9",.0,"9",.0,"9",0,"",0,"","R",0,"9",0,"9",0,"8"
"352160330","POZNAÑ","2018","09","10",26.1,"",9.7,"",19.2,"",6.5,"",.0,"","W",0,"9",.0,"9",9.0,"",1.1,"",.0,"9",.0,"9",.0,"9",.0,"9",.0,"9",.0,"9",.0,"9",.0,"9",.0,"9",.0,"9",.0,"9",.0,"9",.0,"9",.0,"9",.0,"9",0,"",0,"","R",0,"9",0,"9",0,"8"
"352160330","POZNAÑ","2018","09","11",24.6,"",15.7,"",19.7,"",14.1,"",.0,"","W",0,"9",.0,"9",2.2,"",1.1,"",.0,"9",.0,"9",.0,"9",.0,"9",.0,"9",.0,"9",.0,"9",.0,"9",.0,"9",.0,"9",.0,"9",.0,"9",.0,"9",.0,"9",.0,"9",0,"",0,"","R",0,"9",0,"9",0,"8"
"352160330","POZNAÑ","2018","09","12",29.2,"",15.6,"",21.6,"",14.5,"",.0,"9","",0,"9",.0,"9",11.2,"",.0,"9",.0,"9",.0,"9",.0,"9",.0,"9",.0,"9",.0,"9",.0,"9",.0,"9",.0,"9",.0,"9",.0,"9",.0,"9",.0,"9",.0,"9",.0,"9",0,"",0,"","R",0,"9",0,"9",0,"8"
"352160330","POZNAÑ","2018","09","13",22.1,"",11.8,"",14.1,"",9.9,"",4.8,"","W",0,"9",.0,"9",.0,"9",7.1,"",.0,"9",.0,"9",.0,"9",.0,"9",.0,"9",.0,"9",.0,"9",.0,"9",.0,"9",.0,"9",.0,"9",.0,"9",.0,"9",.0,"9",.0,"9",0,"",0,"","R",0,"9",0,"9",0,"8"
"352160330","POZNAÑ","2018","09","14",16.9,"",12.5,"",14.7,"",12.6,"",.1,"","W",0,"9",.0,"9",.0,"9",6.4,"",.0,"9",.0,"9",.0,"9",.0,"9",2.7,"",.0,"9",.0,"9",.0,"9",.0,"9",.0,"9",.0,"9",.0,"9",.0,"9",.0,"9",.0,"9",0,"",0,"","R",0,"9",0,"9",0,"8"
"352160330","POZNAÑ","2018","09","15",20.0,"",11.9,"",15.6,"",12.1,"",.0,"","W",0,"9",.0,"9",7.7,"",.1,"",.0,"9",.0,"9",.0,"9",4.8,"",3.0,"",.0,"9",.0,"9",.0,"9",.0,"9",.0,"9",.0,"9",.0,"9",.0,"9",.0,"9",.0,"9",0,"",0,"","R",0,"9",0,"9",0,"8"
"352160330","POZNAÑ","2018","09","16",21.2,"",10.5,"",15.3,"",6.9,"",.0,"9","",0,"9",.0,"9",9.5,"",.0,"9",.0,"9",.0,"9",.0,"9",.0,"9",.0,"9",.0,"9",.0,"9",.0,"9",.0,"9",.0,"9",.0,"9",.0,"9",.0,"9",.0,"9",.0,"9",0,"",0,"","R",0,"9",0,"9",0,"8"
"352160330","POZNAÑ","2018","09","17",26.1,"",11.3,"",17.7,"",9.0,"",.0,"9","",0,"9",.0,"9",10.0,"",.0,"9",.0,"9",.0,"9",.0,"9",.0,"9",.0,"9",.0,"9",.0,"9",.0,"9",.0,"9",.0,"9",.0,"9",.0,"9",.0,"9",.0,"9",.0,"9",0,"",0,"","R",0,"9",0,"9",0,"8"
"352160330","POZNAÑ","2018","09","18",28.2,"",11.3,"",19.7,"",8.9,"",.0,"9","",0,"9",.0,"9",9.8,"",.0,"9",.0,"9",.0,"9",.0,"9",.0,"9",.0,"9",.0,"9",.0,"9",.0,"9",.0,"9",.0,"9",.0,"9",.0,"9",.0,"9",.0,"9",.0,"9",0,"",0,"","R",0,"9",0,"9",0,"8"
"352160330","POZNAÑ","2018","09","19",27.9,"",15.0,"",21.2,"",11.9,"",.0,"9","",0,"9",.0,"9",9.8,"",.0,"9",.0,"9",.0,"9",.0,"9",.0,"9",.0,"9",.0,"9",.0,"9",.0,"9",.0,"9",.0,"9",.0,"9",.0,"9",.0,"9",.0,"9",.0,"9",0,"",0,"","R",0,"9",0,"9",0,"8"
"352160330","POZNAÑ","2018","09","20",29.7,"",15.6,"",22.4,"",12.4,"",.0,"9","",0,"9",.0,"9",10.0,"",.0,"9",.0,"9",.0,"9",.0,"9",.0,"9",.0,"9",.0,"9",.0,"9",.0,"9",.0,"9",.0,"9",.0,"9",.0,"9",.0,"9",.0,"9",.0,"9",0,"",0,"","R",0,"9",0,"9",0,"8"
"352160330","POZNAÑ","2018","09","21",29.2,"",17.8,"",22.2,"",16.1,"",6.7,"","W",0,"9",.0,"9",9.1,"",3.8,"",.0,"9",.0,"9",.0,"9",.0,"9",.9,"",.0,"9",.0,"9",.0,"9",.0,"9",.0,"9",.8,"",.0,"9",.0,"9",.0,"9",.0,"9",0,"",0,"","R",0,"9",0,"9",0,"8"
"352160330","POZNAÑ","2018","09","22",25.9,"",10.8,"",13.0,"",10.0,"",.2,"","W",0,"9",.0,"9",4.9,"",.0,"9",.0,"9",.0,"9",.0,"9",.0,"9",.0,"9",.0,"9",.0,"9",.0,"9",.0,"9",.0,"9",.5,"",.0,"9",.0,"9",.0,"9",.0,"9",0,"",0,"","R",0,"9",0,"9",0,"8"
"352160330","POZNAÑ","2018","09","23",14.3,"",9.9,"",11.3,"",7.1,"",18.2,"","W",0,"9",.0,"9",3.4,"",12.6,"",.0,"9",.0,"9",.0,"9",.0,"9",2.5,"",.0,"9",.0,"9",.0,"9",.0,"9",.0,"9",.0,"9",.0,"9",.0,"9",.0,"9",.0,"9",0,"",0,"","R",0,"9",0,"9",0,"8"
"352160330","POZNAÑ","2018","09","24",11.6,"",6.3,"",7.9,"",5.2,"",7.0,"","W",0,"9",.0,"9",2.0,"",5.5,"",.0,"9",.0,"9",.0,"",.0,"9",.0,"9",.0,"9",.0,"9",.0,"9",.0,"9",.0,"9",1.6,"",.0,"9",.1,"",.0,"9",.0,"9",0,"",0,"","R",0,"9",0,"9",0,"8"
"352160330","POZNAÑ","2018","09","25",14.4,"",3.9,"",8.0,"",2.2,"",.0,"9","",0,"9",.0,"9",8.6,"",.0,"9",.0,"9",.0,"9",.0,"9",.0,"9",.0,"9",.0,"9",.0,"9",.0,"9",.0,"9",.0,"9",.0,"9",.0,"9",.0,"9",.0,"9",.0,"9",0,"",0,"","R",0,"9",0,"9",0,"8"
"352160330","POZNAÑ","2018","09","26",13.3,"",3.3,"",9.3,"",1.6,"",.0,"9","",0,"9",.0,"9",3.0,"",.0,"9",.0,"9",.0,"9",.0,"9",.0,"9",.0,"9",.0,"9",.0,"9",.0,"9",.0,"9",.0,"9",.0,"9",.0,"9",.0,"9",.0,"9",.0,"9",0,"",0,"","R",0,"9",0,"9",0,"8"
"352160330","POZNAÑ","2018","09","27",19.0,"",12.2,"",15.2,"",12.0,"",.0,"9","",0,"9",.0,"9",2.3,"",.0,"9",.0,"9",.0,"9",.0,"9",.0,"9",.0,"9",.0,"9",.0,"9",.0,"9",.0,"9",.0,"9",.0,"9",.0,"9",.0,"9",.0,"9",.0,"9",0,"",0,"","R",0,"9",0,"9",0,"8"
"352160330","POZNAÑ","2018","09","28",16.4,"",10.6,"",12.4,"",9.5,"",.0,"9","",0,"9",.0,"9",6.8,"",.0,"9",.0,"9",.0,"9",.0,"9",.0,"9",.0,"9",.0,"9",.0,"9",.0,"9",.0,"9",.0,"9",.0,"9",.0,"9",.0,"9",4.0,"",.0,"9",0,"",0,"","R",0,"9",0,"9",0,"8"
"352160330","POZNAÑ","2018","09","29",14.5,"",3.5,"",8.6,"",.7,"",.0,"9","",0,"9",.0,"9",10.3,"",.0,"9",.0,"9",.0,"9",.0,"9",.0,"9",1.4,"",.0,"9",.0,"9",.0,"9",.0,"9",.0,"9",.0,"9",.0,"9",.0,"9",.0,"9",.0,"9",0,"",0,"","R",0,"9",0,"9",0,"8"
"352160330","POZNAÑ","2018","09","30",16.1,"",3.0,"",8.7,"",.1,"",.0,"9","",0,"9",.0,"9",10.3,"",.0,"9",.0,"9",.0,"9",.0,"9",.0,"9",2.2,"",.0,"9",.0,"9",.0,"9",.0,"9",.0,"9",.0,"9",.0,"9",.0,"9",4.0,"",.0,"9",0,"",0,"","R",0,"9",0,"9",0,"8"
"352160330","POZNAÑ","2018","10","01",16.9,"",1.4,"",9.4,"",-1.4,"",.0,"","W",0,"9",.0,"9",6.7,"",.9,"",.0,"9",.0,"9",.0,"9",.0,"9",.0,"9",.0,"9",.0,"9",.0,"9",.0,"9",.0,"9",.0,"9",.0,"9",.0,"9",.0,"9",.0,"9",0,"",0,"","R",0,"9",0,"9",0,"8"
"352160330","POZNAÑ","2018","10","02",12.6,"",6.8,"",9.0,"",6.9,"",.7,"","W",0,"9",.0,"9",4.6,"",3.7,"",.0,"9",.0,"9",.0,"9",.0,"9",.0,"9",.0,"9",.0,"9",.0,"9",.0,"9",.0,"9",.0,"9",.0,"9",.0,"9",.0,"9",.0,"9",0,"",0,"","R",0,"9",0,"9",0,"8"
"352160330","POZNAÑ","2018","10","03",12.6,"",7.7,"",9.6,"",6.2,"",1.0,"","W",0,"9",.0,"9",4.3,"",2.9,"",.0,"9",.0,"9",.0,"9",.0,"9",.0,"9",.0,"9",.0,"9",.0,"9",.0,"9",.0,"9",3.8,"",.0,"9",.0,"9",.0,"9",.0,"9",0,"",0,"","R",0,"9",0,"9",0,"8"
"352160330","POZNAÑ","2018","10","04",13.4,"",4.6,"",9.9,"",3.7,"",.0,"9","",0,"9",.0,"9",5.7,"",.0,"9",.0,"9",.0,"9",.0,"9",.0,"9",.0,"9",.0,"9",.0,"9",.0,"9",.0,"9",.0,"9",.0,"9",.0,"9",.0,"9",.0,"9",.0,"9",0,"",0,"","R",0,"9",0,"9",0,"8"
"352160330","POZNAÑ","2018","10","05",18.8,"",8.4,"",13.3,"",7.2,"",.0,"9","",0,"9",.0,"9",5.1,"",.0,"9",.0,"9",.0,"9",.0,"9",.0,"9",.0,"9",.0,"9",.0,"9",.0,"9",.0,"9",.0,"9",.0,"9",.0,"9",.0,"9",.0,"9",.0,"9",0,"",0,"","R",0,"9",0,"9",0,"8"
"352160330","POZNAÑ","2018","10","06",19.6,"",6.1,"",13.3,"",2.5,"",.0,"9","",0,"9",.0,"9",8.6,"",.0,"9",.0,"9",.0,"9",.0,"9",.0,"9",.3,"",.0,"9",.0,"9",.0,"9",.0,"9",.0,"9",.0,"9",.0,"9",.0,"9",.0,"9",.0,"9",0,"",0,"","R",0,"9",0,"9",0,"8"
"352160330","POZNAÑ","2018","10","07",19.3,"",10.2,"",12.1,"",7.7,"",.0,"9","",0,"9",.0,"9",4.1,"",.0,"9",.0,"9",.0,"9",.0,"9",.0,"9",.0,"9",.0,"9",.0,"9",.0,"9",.0,"9",.0,"9",.3,"",.0,"9",.0,"9",.0,"9",.0,"9",0,"",0,"","R",0,"9",0,"9",0,"8"
"352160330","POZNAÑ","2018","10","08",14.2,"",3.3,"",8.9,"",1.1,"",.0,"9","",0,"9",.0,"9",6.3,"",.0,"9",.0,"9",.0,"9",.0,"9",.0,"9",2.9,"",.0,"9",.0,"9",.0,"9",.0,"9",.0,"9",.0,"9",.0,"9",.0,"9",.0,"9",.0,"9",0,"",0,"","R",0,"9",0,"9",0,"8"
"352160330","POZNAÑ","2018","10","09",16.6,"",4.7,"",9.8,"",1.3,"",.0,"9","",0,"9",.0,"9",4.6,"",.0,"9",.0,"9",.0,"9",.0,"9",2.1,"",7.6,"",.0,"9",.0,"9",.0,"9",.0,"9",.0,"9",.0,"9",.0,"9",.0,"9",.0,"9",.0,"9",0,"",0,"","R",0,"9",0,"9",0,"8"
"352160330","POZNAÑ","2018","10","10",22.6,"",5.9,"",14.1,"",3.6,"",.0,"9","",0,"9",.0,"9",8.9,"",.0,"9",.0,"9",.0,"9",.0,"9",3.8,"",6.0,"",.0,"9",.0,"9",.0,"9",.0,"9",.0,"9",.0,"9",.0,"9",.0,"9",.0,"9",.0,"9",0,"",0,"","R",0,"9",0,"9",0,"8"
"352160330","POZNAÑ","2018","10","11",22.8,"",11.0,"",16.3,"",10.0,"",.0,"9","",0,"9",.0,"9",9.7,"",.0,"9",.0,"9",.0,"9",.0,"9",.0,"9",.0,"9",.0,"9",.0,"9",.0,"9",.0,"9",.0,"9",.0,"9",.0,"9",.0,"9",.0,"9",.0,"9",0,"",0,"","R",0,"9",0,"9",0,"8"
"352160330","POZNAÑ","2018","10","12",23.1,"",11.3,"",16.7,"",10.0,"",.0,"9","",0,"9",.0,"9",9.4,"",.0,"9",.0,"9",.0,"9",.0,"9",.0,"9",2.2,"",.0,"9",.0,"9",.0,"9",.0,"9",.0,"9",.0,"9",.0,"9",.0,"9",.0,"9",.0,"9",0,"",0,"","R",0,"9",0,"9",0,"8"
"352160330","POZNAÑ","2018","10","13",22.9,"",8.0,"",15.1,"",4.2,"",.0,"9","",0,"9",.0,"9",9.1,"",.0,"9",.0,"9",.0,"9",.0,"9",.0,"9",7.0,"",.0,"9",.0,"9",.0,"9",.0,"9",.0,"9",.0,"9",.0,"9",.0,"9",.0,"9",.0,"9",0,"",0,"","R",0,"9",0,"9",0,"8"
"352160330","POZNAÑ","2018","10","14",23.6,"",11.0,"",16.7,"",9.6,"",.0,"9","",0,"9",.0,"9",9.7,"",.0,"9",.0,"9",.0,"9",.0,"9",.0,"9",3.0,"",.0,"9",.0,"9",.0,"9",.0,"9",.0,"9",.0,"9",.0,"9",.0,"9",.0,"9",.0,"9",0,"",0,"","R",0,"9",0,"9",0,"8"
"352160330","POZNAÑ","2018","10","15",22.7,"",11.1,"",16.4,"",7.4,"",.0,"9","",0,"9",.0,"9",8.8,"",.0,"9",.0,"9",.0,"9",.0,"9",.0,"9",.0,"9",.0,"9",.0,"9",.0,"9",.0,"9",.0,"9",.0,"9",.0,"9",.0,"9",.0,"9",.0,"9",0,"",0,"","R",0,"9",0,"9",0,"8"
"352160330","POZNAÑ","2018","10","16",22.2,"",6.9,"",13.8,"",3.8,"",.0,"9","",0,"9",.0,"9",7.7,"",.0,"9",.0,"9",.0,"9",.0,"9",.0,"9",.0,"9",.0,"9",.0,"9",.0,"9",.0,"9",.0,"9",.0,"9",.0,"9",.0,"9",.0,"9",.0,"9",0,"",0,"","R",0,"9",0,"9",0,"8"
"352160330","POZNAÑ","2018","10","17",20.3,"",6.2,"",12.5,"",3.2,"",.0,"9","",0,"9",.0,"9",9.6,"",.0,"9",.0,"9",.0,"9",.0,"9",.0,"9",7.4,"",.0,"9",.0,"9",.0,"9",.0,"9",.0,"9",.0,"9",.0,"9",.0,"9",4.7,"",.0,"9",0,"",0,"","R",0,"9",0,"9",0,"8"
"352160330","POZNAÑ","2018","10","18",20.4,"",4.9,"",11.8,"",2.5,"",.0,"9","",0,"9",.0,"9",8.1,"",.0,"9",.0,"9",.0,"9",.0,"9",1.0,"",15.8,"",.0,"9",.0,"9",.0,"9",.0,"9",.0,"9",.0,"9",.0,"9",.0,"9",.0,"9",.0,"9",0,"",0,"","R",0,"9",0,"9",0,"8"
"352160330","POZNAÑ","2018","10","19",13.2,"",8.8,"",11.9,"",5.9,"",.1,"","W",0,"9",.0,"9",.0,"9",1.2,"",.0,"9",.0,"9",.0,"9",6.7,"",17.3,"",.0,"9",.0,"9",.0,"9",.0,"9",.0,"9",.0,"9",.0,"9",.0,"9",.0,"9",.0,"9",0,"",0,"","R",0,"9",0,"9",0,"8"
"352160330","POZNAÑ","2018","10","20",12.5,"",7.9,"",10.1,"",7.9,"",.3,"","W",0,"9",.0,"9",5.3,"",1.1,"",.0,"9",.0,"9",.0,"9",.0,"9",5.7,"",.0,"9",.0,"9",.0,"9",.0,"9",.0,"9",.0,"9",.0,"9",.0,"9",.0,"9",.0,"9",0,"",0,"","R",0,"9",0,"9",0,"8"
"352160330","POZNAÑ","2018","10","21",10.4,"",5.0,"",6.9,"",1.2,"",.0,"9","",0,"9",.0,"9",2.8,"",.0,"9",.0,"9",.0,"9",.0,"9",.7,"",14.1,"",.0,"9",.0,"9",.0,"9",.0,"9",.0,"9",.0,"9",.0,"9",.0,"9",.0,"9",.0,"9",0,"",0,"","R",0,"9",0,"9",0,"8"
"352160330","POZNAÑ","2018","10","22",11.7,"",.4,"",5.8,"",-2.3,"",.8,"","W",0,"9",.0,"9",.7,"",1.9,"",.0,"9",.0,"9",.0,"9",3.3,"",6.5,"",.0,"9",.0,"9",.0,"9",.0,"9",.0,"9",.0,"9",.0,"9",.0,"9",.0,"9",.0,"9",0,"",0,"","R",0,"9",0,"9",0,"8"
"352160330","POZNAÑ","2018","10","23",10.1,"",3.0,"",6.9,"",2.1,"",10.7,"","W",0,"9",.0,"9",.0,"9",10.2,"",.0,"9",.0,"9",.0,"9",.0,"9",1.4,"",.0,"9",.0,"9",.0,"9",.0,"9",.0,"9",10.7,"",.0,"9",.0,"9",.0,"9",.0,"9",0,"",0,"","R",0,"9",0,"9",0,"8"
"352160330","POZNAÑ","2018","10","24",10.6,"",5.3,"",7.3,"",4.4,"",.3,"","W",0,"9",.0,"9",8.0,"",1.5,"",.0,"9",.0,"9",.0,"9",.0,"9",.0,"9",.0,"9",.0,"9",.0,"9",.0,"9",.0,"9",8.1,"",.0,"9",.0,"9",.0,"9",.0,"9",0,"",0,"","R",0,"9",0,"9",0,"8"
"352160330","POZNAÑ","2018","10","25",11.8,"",4.0,"",8.6,"",2.9,"",2.1,"","W",0,"9",.0,"9",1.1,"",6.1,"",.0,"9",.0,"9",.0,"9",.0,"9",2.0,"",.0,"9",.0,"9",.0,"9",.0,"9",.0,"9",3.7,"",.0,"9",.0,"9",.0,"9",.0,"9",0,"",0,"","R",0,"9",0,"9",0,"8"
"352160330","POZNAÑ","2018","10","26",11.4,"",7.6,"",9.6,"",6.5,"",.0,"9","",0,"9",.0,"9",.3,"",.3,"",.0,"9",.0,"9",.0,"9",.0,"9",.0,"9",.0,"9",.0,"9",.0,"9",.0,"9",.0,"9",.0,"9",.0,"9",.0,"9",.0,"9",.0,"9",0,"",0,"","R",0,"9",0,"9",0,"8"
"352160330","POZNAÑ","2018","10","27",10.4,"",6.9,"",8.3,"",6.1,"",.0,"9","",0,"9",.0,"9",.0,"9",.0,"9",.0,"9",.0,"9",.0,"9",.0,"9",.0,"9",.0,"9",.0,"9",.0,"9",.0,"9",.0,"9",.0,"9",.0,"9",.0,"9",.0,"9",.0,"9",0,"",0,"","R",0,"9",0,"9",0,"8"
"352160330","POZNAÑ","2018","10","28",7.2,"",3.7,"",5.2,"",3.0,"",7.4,"","W",0,"9",.0,"9",.0,"9",11.7,"",.0,"9",.0,"9",.0,"9",.0,"9",.0,"9",.0,"9",.0,"9",.0,"9",.0,"9",.0,"9",.0,"9",.0,"9",.0,"9",.0,"9",.0,"9",0,"",0,"","R",0,"9",0,"9",0,"8"
"352160330","POZNAÑ","2018","10","29",5.5,"",2.7,"",4.2,"",2.6,"",.0,"","W",0,"9",.0,"9",.0,"9",3.1,"",.0,"9",.0,"9",.0,"9",.0,"9",9.0,"",.0,"9",.0,"9",.0,"9",.0,"9",.0,"9",.0,"9",.0,"9",.0,"9",.0,"9",.0,"9",0,"",0,"","R",0,"9",0,"9",0,"8"
"352160330","POZNAÑ","2018","10","30",19.6,"",5.5,"",15.7,"",5.5,"",.0,"9","",0,"9",.0,"9",2.7,"",.0,"9",.0,"9",.0,"9",.0,"9",.0,"9",.0,"9",.0,"9",.0,"9",.0,"9",.0,"9",.0,"9",1.0,"",.0,"9",.0,"9",.0,"9",.0,"9",0,"",0,"","R",0,"9",0,"9",0,"8"
"352160330","POZNAÑ","2018","10","31",15.6,"",5.5,"",9.6,"",1.9,"",.0,"9","",0,"9",.0,"9",9.2,"",.0,"9",.0,"9",.0,"9",.0,"9",.0,"9",.0,"9",.0,"9",.0,"9",.0,"9",.0,"9",.0,"9",.0,"9",.0,"9",.0,"9",.0,"9",.0,"9",0,"",0,"","R",0,"9",0,"9",0,"8"
"352160330","POZNAÑ","2018","11","01",17.8,"",5.0,"",12.2,"",1.9,"",.0,"9","",0,"9",.0,"9",3.1,"",.0,"9",.0,"9",.0,"9",.0,"9",.0,"9",.0,"9",.0,"9",.0,"9",.0,"9",.0,"9",.0,"9",.0,"9",.0,"9",.0,"9",.0,"9",.0,"9",0,"",0,"","R",0,"9",0,"9",0,"8"
"352160330","POZNAÑ","2018","11","02",14.0,"",7.0,"",10.8,"",4.0,"",3.2,"","W",0,"9",.0,"9",3.5,"",.2,"",.0,"9",.0,"9",.0,"9",.0,"9",2.3,"",.0,"9",.0,"9",.0,"9",.0,"9",.0,"9",.0,"9",.0,"9",.0,"9",.0,"9",.0,"9",0,"",0,"","R",0,"9",0,"9",0,"8"
"352160330","POZNAÑ","2018","11","03",10.5,"",8.1,"",9.2,"",7.1,"",.2,"","W",0,"9",.0,"9",.0,"9",10.2,"",.0,"9",.0,"9",.0,"9",.0,"9",17.7,"",.0,"9",.0,"9",.0,"9",.0,"9",.0,"9",.0,"9",.0,"9",.0,"9",.0,"9",.0,"9",0,"",0,"","R",0,"9",0,"9",0,"8"
"352160330","POZNAÑ","2018","11","04",10.7,"",8.4,"",9.6,"",8.3,"",.0,"","W",0,"9",.0,"9",.0,"9",2.9,"",.0,"9",.0,"9",.0,"9",.0,"9",19.0,"",.0,"9",.0,"9",.0,"9",.0,"9",.0,"9",.0,"9",.0,"9",.0,"9",.0,"9",.0,"9",0,"",0,"","R",0,"9",0,"9",0,"8"
"352160330","POZNAÑ","2018","11","05",16.5,"",10.6,"",12.6,"",10.4,"",.0,"9","",0,"9",.0,"9",5.2,"",.0,"9",.0,"9",.0,"9",.0,"9",.0,"9",8.7,"",.0,"9",.0,"9",.0,"9",.0,"9",.0,"9",.0,"9",.0,"9",.0,"9",.0,"9",.0,"9",0,"",0,"","R",0,"9",0,"9",0,"8"
"352160330","POZNAÑ","2018","11","06",18.3,"",8.8,"",13.5,"",6.7,"",.0,"9","",0,"9",.0,"9",8.5,"",.0,"9",.0,"9",.0,"9",.0,"9",.0,"9",.0,"9",.0,"9",.0,"9",.0,"9",.0,"9",.0,"9",.0,"9",.0,"9",.0,"9",.0,"9",.0,"9",0,"",0,"","R",0,"9",0,"9",0,"8"
"352160330","POZNAÑ","2018","11","07",16.8,"",8.7,"",11.8,"",5.2,"",.0,"9","",0,"9",.0,"9",7.9,"",.0,"9",.0,"9",.0,"9",.0,"9",.0,"9",6.7,"",.0,"9",.0,"9",.0,"9",.0,"9",.0,"9",.0,"9",.0,"9",.0,"9",5.0,"",.0,"9",0,"",0,"","R",0,"9",0,"9",0,"8"
"352160330","POZNAÑ","2018","11","08",11.6,"",3.5,"",7.9,"",.7,"",.0,"9","",0,"9",.0,"9",.8,"",.0,"9",.0,"9",.0,"9",.0,"9",10.9,"",13.2,"",.0,"9",.0,"9",.0,"9",.0,"9",.0,"9",.0,"9",.0,"9",.0,"9",1.4,"",.0,"9",0,"",0,"","R",0,"9",0,"9",0,"8"
"352160330","POZNAÑ","2018","11","09",9.4,"",7.0,"",8.2,"",6.3,"",.1,"","W",0,"9",.0,"9",.0,"9",2.5,"",.0,"9",.0,"9",.0,"9",7.7,"",16.3,"",.0,"9",.0,"9",.0,"9",.0,"9",.0,"9",.0,"9",.0,"9",.0,"9",.0,"9",.0,"9",0,"",0,"","R",0,"9",0,"9",0,"8"
"352160330","POZNAÑ","2018","11","10",11.8,"",7.7,"",9.3,"",5.2,"",.0,"9","",0,"9",.0,"9",2.2,"",.0,"9",.0,"9",.0,"9",.0,"9",3.7,"",20.3,"",.0,"9",.0,"9",.0,"9",.0,"9",.0,"9",.0,"9",.0,"9",.0,"9",.0,"9",.0,"9",0,"",0,"","R",0,"9",0,"9",0,"8"
"352160330","POZNAÑ","2018","11","11",10.2,"",4.0,"",7.1,"",.7,"",.0,"9","",0,"9",.0,"9",3.6,"",.0,"9",.0,"9",.0,"9",.0,"9",4.8,"",19.2,"",.0,"9",.0,"9",.0,"9",.0,"9",.0,"9",.0,"9",.0,"9",.0,"9",.0,"9",.0,"9",0,"",0,"","R",0,"9",0,"9",0,"8"
"352160330","POZNAÑ","2018","11","12",14.8,"",3.8,"",9.0,"",.8,"",.0,"9","",0,"9",.0,"9",4.3,"",.0,"9",.0,"9",.0,"9",.0,"9",.0,"9",18.2,"",.0,"9",.0,"9",.0,"9",.0,"9",.0,"9",.0,"9",.0,"9",.0,"9",.0,"9",.0,"9",0,"",0,"","R",0,"9",0,"9",0,"8"
"352160330","POZNAÑ","2018","11","13",11.0,"",7.9,"",9.5,"",4.5,"",2.4,"","W",0,"9",.0,"9",.0,"9",8.8,"",.0,"9",.0,"9",.0,"9",.0,"9",10.0,"",.0,"9",.0,"9",.0,"9",.0,"9",.0,"9",.0,"9",.0,"9",.0,"9",.0,"9",.0,"9",0,"",0,"","R",0,"9",0,"9",0,"8"
"352160330","POZNAÑ","2018","11","14",10.1,"",6.8,"",7.6,"",6.2,"",.1,"","W",0,"9",.0,"9",.0,"9",1.6,"",.0,"9",.0,"9",.0,"9",2.7,"",3.0,"",.0,"9",.0,"9",.0,"9",.0,"9",.0,"9",.0,"9",.0,"9",.0,"9",.0,"9",.0,"9",0,"",0,"","R",0,"9",0,"9",0,"8"
"352160330","POZNAÑ","2018","11","15",10.4,"",2.9,"",7.2,"",.4,"",.0,"9","",0,"9",.0,"9",.0,"9",.0,"9",.0,"9",.0,"9",.0,"9",2.3,"",7.5,"",.0,"9",.0,"9",.0,"9",.0,"9",.0,"9",.0,"9",.0,"9",.0,"9",.0,"9",.0,"9",0,"",0,"","R",0,"9",0,"9",0,"8"
"352160330","POZNAÑ","2018","11","16",9.0,"",1.2,"",3.7,"",-2.8,"",.0,"9","",0,"9",.0,"9",3.0,"",.0,"9",.0,"9",.0,"9",.0,"9",.0,"9",.0,"9",.0,"9",.0,"9",.0,"9",.0,"9",.0,"9",.0,"9",.0,"9",.0,"9",.0,"9",.0,"9",0,"",0,"","R",0,"9",0,"9",0,"8"
"352160330","POZNAÑ","2018","11","17",3.7,"",-1.6,"",.2,"",-4.4,"",.0,"9","",0,"9",.0,"9",3.9,"",.0,"9",.0,"9",.0,"9",.0,"9",.0,"9",17.3,"",.0,"9",.0,"9",.0,"9",.0,"9",.0,"9",.0,"9",.0,"9",.0,"9",.0,"9",13.0,"",0,"",0,"","Z",7,"",0,"9",0,"8"
"352160330","POZNAÑ","2018","11","18",2.2,"",-6.0,"",-.9,"",-8.3,"",.7,"","W",0,"9",.0,"9",.0,"9",3.7,"",.0,"9",.0,"9",.0,"9",2.9,"",17.4,"",.0,"9",.0,"9",.0,"9",.0,"9",.0,"9",.0,"9",.0,"9",.0,"9",.0,"9",6.1,"",0,"",0,"","Z",12,"",0,"9",0,"8"
"352160330","POZNAÑ","2018","11","19",4.5,"",2.2,"",3.2,"",2.2,"",1.1,"","W",0,"9",.0,"9",.0,"9",4.5,"",.0,"9",.0,"9",.0,"9",.0,"9",.0,"9",.0,"9",.0,"9",.0,"9",.0,"9",.0,"9",.0,"9",.0,"9",.0,"9",.0,"9",.0,"9",0,"",0,"","R",0,"9",0,"9",0,"8"
"352160330","POZNAÑ","2018","11","20",3.1,"",.5,"",1.5,"",-.1,"",.0,"","S",0,"9",.0,"9",4.0,"",.3,"",.0,"9",.0,"9",.0,"9",.0,"9",.0,"9",.0,"9",.0,"9",.0,"9",.0,"9",.0,"9",1.1,"",.0,"9",.0,"9",.0,"9",.0,"9",0,"",0,"","",0,"9",0,"9",0,"8"
"352160330","POZNAÑ","2018","11","21",.6,"",-.4,"",.2,"",-.4,"",.0,"9","",0,"",.0,"9",.0,"9",.0,"9",1.1,"",.0,"9",.0,"9",.0,"9",.0,"9",.0,"9",.0,"9",.0,"9",.0,"9",.0,"9",.0,"9",.0,"9",.0,"9",.0,"9",.0,"9",0,"",0,"","R",0,"9",0,"9",0,"8"
"352160330","POZNAÑ","2018","11","22",.9,"",-.4,"",-.1,"",-.4,"",.0,"9","",0,"9",.0,"9",.0,"9",.0,"9",.0,"9",.0,"9",.0,"9",.0,"9",5.2,"",.0,"9",.0,"9",.0,"9",.0,"9",.0,"9",.0,"9",.0,"9",.0,"9",.0,"9",.0,"9",0,"",0,"","R",0,"9",0,"9",0,"8"
"352160330","POZNAÑ","2018","11","23",2.8,"",-.2,"",1.3,"",-.2,"",.0,"9","",0,"9",.0,"9",.0,"9",.0,"9",.0,"9",.0,"9",.0,"9",.0,"9",24.0,"",.0,"9",.0,"9",.0,"9",.0,"9",.0,"9",.0,"9",.0,"9",.0,"9",.0,"9",.0,"9",0,"",0,"","Z",0,"9",0,"9",0,"8"
"352160330","POZNAÑ","2018","11","24",6.0,"",2.8,"",4.4,"",2.7,"",.0,"","W",0,"9",.0,"9",.0,"9",1.3,"",.0,"9",.0,"9",.0,"9",.0,"9",24.0,"",.0,"9",.0,"9",.0,"9",.0,"9",.0,"9",.0,"9",.0,"9",.0,"9",.0,"9",.0,"9",0,"",0,"","R",0,"9",0,"9",0,"8"
"352160330","POZNAÑ","2018","11","25",5.9,"",3.1,"",4.2,"",2.0,"",.0,"9","",0,"9",.0,"9",.0,"9",.7,"",.0,"9",.0,"9",.0,"9",5.2,"",18.8,"",.0,"9",.0,"9",.0,"9",.0,"9",.0,"9",.0,"9",.0,"9",.0,"9",.0,"9",.0,"9",0,"",0,"","R",0,"9",0,"9",0,"8"
"352160330","POZNAÑ","2018","11","26",3.9,"",-.6,"",1.3,"",-1.7,"",.0,"9","",0,"9",.0,"9",.0,"9",.0,"9",.0,"9",.0,"9",.0,"9",.0,"9",12.7,"",.0,"9",.0,"9",.0,"9",.0,"9",.0,"9",.0,"9",.0,"9",.0,"9",.0,"9",4.0,"",0,"",0,"","R",0,"9",0,"9",0,"8"
"352160330","POZNAÑ","2018","11","27",1.1,"",-6.2,"",-1.7,"",-8.4,"",.0,"9","",0,"9",.0,"9",.0,"9",.0,"9",.0,"9",.0,"9",.0,"9",.0,"9",20.0,"",.0,"9",.0,"9",.0,"9",.0,"9",.0,"9",.0,"9",.0,"9",.0,"9",.0,"9",8.0,"",0,"",0,"","Z",11,"",0,"9",0,"8"
"352160330","POZNAÑ","2018","11","28",1.4,"",-4.5,"",-1.1,"",-7.5,"",.0,"9","",0,"9",.0,"9",1.2,"",.0,"9",.0,"9",.0,"9",.0,"9",2.0,"",11.4,"",.0,"9",.0,"9",.0,"9",.0,"9",.0,"9",.0,"9",.0,"9",.0,"9",.0,"9",3.0,"",0,"",0,"","Z",10,"",0,"9",0,"8"
"352160330","POZNAÑ","2018","11","29",-.1,"",-5.2,"",-3.0,"",-5.8,"",.0,"9","",0,"9",.0,"9",7.0,"",.0,"9",.0,"9",.0,"9",.0,"9",.0,"9",1.8,"",.0,"9",.0,"9",.0,"9",.0,"9",.0,"9",.0,"9",.0,"9",.0,"9",.0,"9",10.0,"",0,"",0,"","Z",15,"",0,"9",0,"8"
"352160330","POZNAÑ","2018","11","30",1.3,"",-3.9,"",-1.7,"",-4.6,"",.0,"9","",0,"9",.0,"9",1.9,"",.0,"9",.0,"9",.0,"9",.0,"9",.0,"9",.0,"9",.0,"9",.0,"9",.0,"9",.0,"9",.0,"9",.0,"9",.0,"9",.0,"9",.0,"9",.0,"9",0,"",0,"","Z",19,"",0,"9",0,"8"
"352160330","POZNAÑ","2018","12","01",-1.0,"",-6.5,"",-3.3,"",-7.0,"",.0,"","S",0,"9",.0,"9",.0,"9",.3,"",.9,"",.0,"9",.0,"9",4.9,"",9.7,"",.0,"9",.0,"9",.0,"9",.0,"9",.0,"9",.0,"9",.0,"9",.0,"9",.0,"9",.0,"9",0,"",0,"","",21,"",0,"9",0,"8"
"352160330","POZNAÑ","2018","12","02",3.5,"",-1.1,"",1.9,"",-1.1,"",5.7,"","W",0,"9",.0,"9",.6,"",8.7,"",.0,"9",.0,"9",.0,"9",.0,"9",15.6,"",.0,"9",.0,"9",.0,"9",.0,"9",.0,"9",.0,"9",.0,"9",.0,"9",.0,"9",5.0,"",0,"",0,"","Z",17,"",0,"9",0,"8"
"352160330","POZNAÑ","2018","12","03",9.2,"",2.4,"",7.0,"",2.1,"",1.5,"","W",0,"9",.0,"9",.0,"9",4.5,"",.0,"9",.0,"9",.0,"9",.0,"9",12.9,"",.0,"9",.0,"9",.0,"9",.0,"9",.0,"9",.0,"9",.0,"9",.0,"9",.0,"9",.0,"9",0,"",0,"","R",0,"9",0,"9",0,"8"
"352160330","POZNAÑ","2018","12","04",8.8,"",3.5,"",5.5,"",2.6,"",.6,"","W",0,"9",.0,"9",2.0,"",2.8,"",.0,"9",.0,"9",.0,"9",.0,"9",7.7,"",.0,"9",.0,"9",.0,"9",.0,"9",.0,"9",.0,"9",.0,"9",.0,"9",.0,"9",.0,"9",0,"",0,"","R",0,"9",0,"9",0,"8"
"352160330","POZNAÑ","2018","12","05",4.5,"",-1.8,"",.7,"",-4.8,"",.0,"9","",0,"9",.0,"9",5.9,"",.0,"9",.0,"9",.0,"9",.0,"9",5.3,"",3.3,"",.0,"9",.0,"9",.0,"9",.0,"9",.0,"9",.0,"9",.0,"9",.0,"9",.0,"9",8.0,"",0,"",0,"","Z",7,"",0,"9",0,"8"
"352160330","POZNAÑ","2018","12","06",2.9,"",-3.6,"",1.6,"",-6.8,"",.3,"","W",0,"9",.0,"9",.0,"9",2.3,"",.0,"9",.0,"9",.0,"9",.0,"9",6.3,"",.0,"9",.0,"9",.0,"9",.0,"9",.0,"9",.0,"9",.0,"9",.0,"9",.0,"9",8.0,"",0,"",0,"","R",9,"",4,"",0,"8"
"352160330","POZNAÑ","2018","12","07",9.9,"",2.6,"",8.0,"",2.1,"",11.0,"","W",0,"9",.0,"9",.0,"9",16.8,"",.0,"9",.0,"9",.0,"9",.0,"9",21.8,"",.0,"9",.0,"9",.0,"9",.0,"9",.0,"9",.0,"9",.0,"9",.0,"9",.0,"9",.0,"9",0,"",0,"","R",0,"9",0,"9",0,"8"
"352160330","POZNAÑ","2018","12","08",9.8,"",5.8,"",7.2,"",5.3,"",3.4,"","W",0,"9",.0,"9",3.4,"",3.2,"",.0,"9",.0,"9",.0,"9",.0,"9",.0,"9",.0,"9",.0,"9",.0,"9",.0,"9",.0,"9",.5,"",.0,"9",.0,"9",.0,"9",.0,"9",0,"",0,"","R",0,"9",0,"9",0,"8"
"352160330","POZNAÑ","2018","12","09",7.6,"",4.6,"",6.2,"",3.3,"",5.6,"","W",0,"9",.0,"9",.0,"9",10.1,"",.0,"9",.0,"9",.0,"9",.0,"9",.3,"",.0,"9",.0,"9",.0,"9",.0,"9",.0,"9",.0,"9",.0,"9",.0,"9",.0,"9",.0,"9",0,"",0,"","R",0,"9",0,"9",0,"8"
"352160330","POZNAÑ","2018","12","10",6.1,"",2.8,"",4.0,"",2.0,"",2.7,"","W",0,"9",.0,"9",.0,"9",5.0,"",.0,"9",.0,"9",.0,"9",.0,"9",.0,"9",.0,"9",.0,"9",.0,"9",.0,"9",.0,"9",1.3,"",.0,"9",.0,"9",.0,"9",.0,"9",0,"",0,"","R",0,"9",0,"9",0,"8"
"352160330","POZNAÑ","2018","12","11",3.4,"",1.6,"",2.4,"",1.7,"",1.0,"","W",0,"9",.0,"9",.0,"9",10.3,"",.0,"9",.0,"9",.0,"9",.0,"9",.0,"9",.0,"9",.0,"9",.0,"9",.0,"9",.0,"9",.0,"9",.0,"9",.0,"9",.0,"9",.0,"9",0,"",0,"","R",0,"9",0,"9",0,"8"
"352160330","POZNAÑ","2018","12","12",2.6,"",-.2,"",1.0,"",-2.3,"",.0,"9","",0,"9",.0,"9",2.0,"",.3,"",.0,"9",.0,"9",.0,"9",.0,"9",14.6,"",.0,"9",.0,"9",.0,"9",.0,"9",.0,"9",.0,"9",.0,"9",.0,"9",.0,"9",.0,"9",0,"",0,"","R",0,"9",0,"9",0,"8"
"352160330","POZNAÑ","2018","12","13",1.2,"",-.7,"",.4,"",-1.9,"",.0,"9","",0,"9",.0,"9",.0,"9",.0,"9",.0,"9",.0,"9",.0,"9",.0,"9",3.3,"",.0,"9",.0,"9",.0,"9",.0,"9",.0,"9",.0,"9",.0,"9",.0,"9",.0,"9",.0,"9",0,"",0,"","R",0,"9",0,"9",0,"8"
"352160330","POZNAÑ","2018","12","14",.1,"",-.8,"",-.4,"",-1.1,"",.1,"","S",0,"9",.0,"9",.0,"9",.0,"9",1.2,"",.0,"9",.0,"9",.0,"9",3.6,"",.0,"9",.0,"9",.0,"9",.0,"9",.0,"9",.0,"9",.0,"9",.0,"9",.0,"9",.0,"9",0,"",0,"","Z",1,"",0,"9",0,"8"
"352160330","POZNAÑ","2018","12","15",1.0,"",-.9,"",-.1,"",-1.4,"",.1,"","S",1,"",.0,"9",.0,"9",.2,"",12.3,"",.0,"9",.0,"9",.0,"9",18.5,"",.0,"9",.0,"9",.0,"9",.0,"9",.0,"9",.0,"9",.0,"9",.0,"9",.0,"9",.0,"9",1,"",0,"","R",0,"9",0,"9",0,"8"
"352160330","POZNAÑ","2018","12","16",-.1,"",-2.0,"",-1.1,"",-2.7,"",.0,"","S",1,"",.0,"9",.0,"9",.0,"9",3.3,"",.0,"9",.0,"9",.0,"9",5.2,"",.0,"9",.0,"9",.0,"9",.0,"9",.0,"9",.0,"9",.0,"9",.0,"9",.0,"9",.0,"9",1,"",0,"","",8,"",0,"9",0,"8"
"352160330","POZNAÑ","2018","12","17",-.3,"",-3.9,"",-1.7,"",-5.4,"",.1,"","S",0,"9",.0,"9",.0,"9",.0,"9",4.9,"",.0,"9",.0,"9",1.0,"",23.0,"",.0,"9",.0,"9",.0,"9",.0,"9",.0,"9",.0,"9",.0,"9",.0,"9",.0,"9",.0,"9",0,"",0,"","Z",10,"",0,"9",0,"8"
"352160330","POZNAÑ","2018","12","18",2.4,"",-2.8,"",1.2,"",-5.5,"",.5,"","S",0,"",.0,"9",.0,"9",4.5,"",.7,"",.0,"9",.0,"9",1.6,"",22.4,"",.0,"9",.0,"9",.0,"9",.0,"9",.0,"9",.0,"9",.0,"9",.0,"9",.0,"9",.0,"9",0,"",0,"","Z",8,"",0,"9",0,"8"
"352160330","POZNAÑ","2018","12","19",2.8,"",-.9,"",.0,"",-1.4,"",2.8,"","S",0,"9",.0,"9",1.6,"",.0,"9",.2,"",.0,"9",.0,"9",.0,"9",24.0,"",.0,"9",.0,"9",.0,"9",.0,"9",.0,"9",.0,"9",.0,"9",.0,"9",.0,"9",.0,"9",0,"",0,"","R",8,"",4,"",0,"8"
"352160330","POZNAÑ","2018","12","20",.2,"",-1.2,"",-.3,"",-1.2,"",5.1,"","S",2,"",.0,"9",.0,"9",4.0,"",14.2,"",1.1,"",.0,"9",.0,"9",24.0,"",.0,"9",.0,"9",.0,"9",.0,"9",.0,"9",.0,"9",.0,"9",.0,"9",.0,"9",.0,"9",1,"",0,"","Z",6,"",0,"9",0,"8"
"352160330","POZNAÑ","2018","12","21",4.6,"",.0,"",3.2,"",.1,"",7.6,"","W",2,"",.0,"9",.0,"9",12.1,"",.0,"9",.0,"9",.0,"9",.0,"9",17.9,"",.0,"9",.0,"9",.0,"9",.0,"9",.0,"9",.0,"9",.0,"9",.0,"9",.0,"9",.0,"9",1,"",0,"","R",0,"9",0,"9",0,"8"
"352160330","POZNAÑ","2018","12","22",9.2,"",3.9,"",6.1,"",3.7,"",.2,"","W",0,"9",.0,"9",.0,"9",3.7,"",.0,"9",.0,"9",.0,"9",.0,"9",.0,"9",.0,"9",.0,"9",.0,"9",.0,"9",.0,"9",3.0,"",.0,"9",.0,"9",.0,"9",.0,"9",0,"",0,"","R",0,"9",0,"9",0,"8"
"352160330","POZNAÑ","2018","12","23",6.2,"",2.7,"",4.3,"",2.4,"",1.4,"","W",0,"9",.0,"9",.0,"9",8.2,"",.0,"9",.0,"9",.0,"9",.0,"9",6.3,"",.0,"9",.0,"9",.0,"9",.0,"9",.0,"9",.0,"9",.0,"9",.0,"9",.0,"9",.0,"9",0,"",0,"","R",0,"9",0,"9",0,"8"
"352160330","POZNAÑ","2018","12","24",5.7,"",-.7,"",.6,"",-.6,"",.0,"","S",0,"9",.0,"9",.0,"9",.1,"",.8,"",.0,"9",.0,"9",.0,"9",.4,"",.0,"9",.0,"9",.0,"9",.0,"9",.0,"9",.0,"9",.0,"9",.0,"9",.0,"9",.0,"9",0,"",0,"","",0,"9",0,"9",0,"8"
"352160330","POZNAÑ","2018","12","25",4.7,"",-.8,"",3.0,"",-.8,"",.6,"","W",0,"9",.0,"9",.0,"9",6.4,"",.0,"9",.0,"9",.0,"9",.0,"9",1.2,"",.0,"9",.0,"9",.0,"9",.0,"9",.0,"9",.0,"9",.0,"9",.0,"9",.0,"9",.0,"9",0,"",0,"","R",0,"9",0,"9",0,"8"
"352160330","POZNAÑ","2018","12","26",5.6,"",4.3,"",5.0,"",3.9,"",.0,"","W",0,"9",.0,"9",.0,"9",.3,"",.0,"9",.0,"9",.0,"9",.0,"9",.6,"",.0,"9",.0,"9",.0,"9",.0,"9",.0,"9",.0,"9",.0,"9",.0,"9",.0,"9",.0,"9",0,"",0,"","R",0,"9",0,"9",0,"8"
"352160330","POZNAÑ","2018","12","27",7.1,"",4.4,"",5.8,"",3.7,"",.0,"","W",0,"9",.0,"9",.0,"9",9.0,"",.0,"9",.0,"9",.0,"9",.0,"9",18.3,"",.0,"9",.0,"9",.0,"9",.0,"9",.0,"9",.0,"9",.0,"9",.0,"9",.0,"9",.0,"9",0,"",0,"","R",0,"9",0,"9",0,"8"
"352160330","POZNAÑ","2018","12","28",6.9,"",5.0,"",5.7,"",5.0,"",1.8,"","W",0,"9",.0,"9",.0,"9",10.6,"",.0,"9",.0,"9",.0,"9",.0,"9",6.8,"",.0,"9",.0,"9",.0,"9",.0,"9",.0,"9",.0,"9",.0,"9",.0,"9",.0,"9",.0,"9",0,"",0,"","R",0,"9",0,"9",0,"8"
"352160330","POZNAÑ","2018","12","29",6.0,"",4.4,"",5.3,"",4.3,"",4.2,"","W",0,"9",.0,"9",.0,"9",11.5,"",.0,"9",.0,"9",.0,"9",.0,"9",18.3,"",.0,"9",.0,"9",.0,"9",.0,"9",.0,"9",.0,"9",.0,"9",.0,"9",.0,"9",.0,"9",0,"",0,"","R",0,"9",0,"9",0,"8"
"352160330","POZNAÑ","2018","12","30",6.7,"",3.9,"",4.4,"",3.4,"",3.2,"","W",0,"9",.0,"9",.0,"9",12.9,"",.0,"9",.0,"9",.0,"9",.0,"9",9.4,"",.0,"9",.0,"9",.0,"9",.0,"9",.0,"9",1.1,"",.0,"9",.0,"9",.0,"9",.0,"9",0,"",0,"","R",0,"9",0,"9",0,"8"
"352160330","POZNAÑ","2018","12","31",4.0,"",1.2,"",2.0,"",1.1,"",.0,"","W",0,"9",.0,"9",.0,"9",.0,"9",.0,"9",.0,"9",.0,"9",.0,"9",2.4,"",.0,"9",.0,"9",.0,"9",.0,"9",.0,"9",.0,"9",.0,"9",.0,"9",.0,"9",.0,"9",0,"",0,"","R",0,"9",0,"9",0,"8"
