"352150300","GORZÓW WIELKOPOLSKI","2018","01","01",10.0,"",4.6,"",7.8,"",1.3,"",.3,"","S",0,"9",.0,"9",3.0,"",.4,"",.0,"9",.0,"9",.0,"9",.0,"9",.0,"9",.0,"9",.0,"9",.0,"9",.0,"9",.0,"9",.0,"9",.0,"9",.0,"9",4.0,"",.0,"9",0,"",0,"","R",0,"9",0,"9",0,"8"
"352150300","GORZÓW WIELKOPOLSKI","2018","01","02",4.8,"",1.6,"",2.9,"",-2.3,"",1.4,"","W",0,"9",.0,"9",.0,"9",6.3,"",.0,"9",.4,"",.0,"9",.0,"9",.8,"",.0,"9",.0,"9",.0,"9",.0,"9",.0,"9",.0,"9",.0,"9",.0,"9",3.4,"",.0,"9",0,"",0,"","R",0,"9",0,"9",0,"8"
"352150300","GORZÓW WIELKOPOLSKI","2018","01","03",5.4,"",1.0,"",3.2,"",.0,"",7.5,"","S",0,"9",.0,"9",.2,"",8.2,"",.7,"",1.0,"",.0,"9",.0,"9",4.0,"",.0,"9",.0,"9",.0,"9",.0,"9",.0,"9",.0,"9",.0,"9",.0,"9",.0,"9",.0,"9",0,"",0,"","R",0,"9",0,"9",0,"8"
"352150300","GORZÓW WIELKOPOLSKI","2018","01","04",6.6,"",4.8,"",5.6,"",4.2,"",2.9,"","W",0,"9",.0,"9",.0,"9",10.3,"",.0,"9",.0,"9",.0,"9",.0,"9",.0,"9",.0,"9",.0,"9",.0,"9",.0,"9",.0,"9",.0,"9",.0,"9",.0,"9",.0,"9",.0,"9",0,"",0,"","R",0,"9",0,"9",0,"8"
"352150300","GORZÓW WIELKOPOLSKI","2018","01","05",7.7,"",4.6,"",6.1,"",3.7,"",.0,"","W",0,"9",.0,"9",.0,"9",4.6,"",.0,"9",.0,"9",.0,"9",.0,"9",.0,"9",.0,"9",.0,"9",.0,"9",.0,"9",.0,"9",.0,"9",.0,"9",.0,"9",.0,"9",.0,"9",0,"",0,"","R",0,"9",0,"9",0,"8"
"352150300","GORZÓW WIELKOPOLSKI","2018","01","06",7.3,"",2.0,"",4.2,"",-1.1,"",.0,"9","",0,"9",.0,"9",3.8,"",.0,"9",.0,"9",.0,"9",.0,"9",.0,"9",1.2,"",.0,"9",.0,"9",.0,"9",.0,"9",.0,"9",.0,"9",.0,"9",.0,"9",.0,"9",.0,"9",0,"",0,"","R",0,"9",0,"9",0,"8"
"352150300","GORZÓW WIELKOPOLSKI","2018","01","07",5.2,"",-1.8,"",.6,"",-3.3,"",.0,"9","",0,"9",.0,"9",.0,"9",.0,"9",.0,"9",.0,"9",.0,"9",.0,"9",.0,"9",.0,"9",.0,"9",.0,"9",.0,"9",.0,"9",.0,"9",.0,"9",.0,"9",.0,"9",6.0,"",0,"",0,"","R",0,"9",0,"9",0,"8"
"352150300","GORZÓW WIELKOPOLSKI","2018","01","08",-.1,"",-4.9,"",-2.7,"",-7.0,"",.0,"9","",0,"9",.0,"9",7.0,"",.0,"9",.0,"9",.0,"9",.0,"9",.0,"9",1.5,"",.0,"9",.0,"9",.0,"9",.0,"9",.0,"9",.0,"9",.0,"9",.0,"9",.0,"9",24.0,"",0,"",0,"","Z",11,"",0,"9",0,"8"
"352150300","GORZÓW WIELKOPOLSKI","2018","01","09",3.6,"",-4.0,"",.2,"",-4.4,"",2.0,"","W",0,"9",.0,"9",6.7,"",.0,"9",.0,"9",.0,"9",.0,"9",.0,"9",1.5,"",.0,"9",.0,"9",.0,"9",.0,"9",.0,"9",.0,"9",.0,"9",.0,"9",.0,"9",11.0,"",0,"",0,"","Z",16,"",0,"9",0,"8"
"352150300","GORZÓW WIELKOPOLSKI","2018","01","10",2.7,"",1.0,"",1.6,"",.3,"",7.2,"","W",0,"9",.0,"9",.0,"9",8.9,"",.0,"9",.0,"9",.0,"9",.0,"9",13.8,"",.0,"9",.0,"9",.0,"9",.0,"9",.0,"9",.0,"9",.0,"9",.0,"9",.0,"9",.0,"9",0,"",0,"","R",11,"",4,"",0,"8"
"352150300","GORZÓW WIELKOPOLSKI","2018","01","11",1.5,"",.1,"",.7,"",.1,"",.4,"","S",0,"9",.0,"9",.0,"9",8.3,"",.4,"",.5,"",.0,"9",5.9,"",18.1,"",.0,"9",.0,"9",.0,"9",.0,"9",.0,"9",.0,"9",.0,"9",.0,"9",.0,"9",.0,"9",0,"",0,"","R",10,"",4,"",0,"8"
"352150300","GORZÓW WIELKOPOLSKI","2018","01","12",.6,"",-.5,"",.0,"",-.6,"",.0,"","S",0,"9",.0,"9",.0,"9",2.4,"",1.6,"",1.5,"",.0,"9",.0,"9",24.0,"",.0,"9",.0,"9",.0,"9",.0,"9",.0,"9",.0,"9",.0,"9",.0,"9",.0,"9",.0,"9",0,"",0,"","",0,"9",0,"9",0,"8"
"352150300","GORZÓW WIELKOPOLSKI","2018","01","13",-.2,"",-2.1,"",-1.0,"",-2.5,"",.0,"9","",0,"9",.0,"9",.0,"9",.0,"9",.0,"9",.0,"9",.0,"9",.0,"9",5.8,"",.0,"9",.0,"9",.0,"9",.0,"9",.0,"9",.0,"9",.0,"9",.0,"9",.0,"9",.0,"9",0,"",0,"","Z",6,"",0,"9",0,"8"
"352150300","GORZÓW WIELKOPOLSKI","2018","01","14",-.3,"",-2.7,"",-2.0,"",-3.3,"",.0,"9","",0,"9",.0,"9",.0,"9",.0,"9",.0,"9",.0,"9",.0,"9",.0,"9",.0,"9",.0,"9",.0,"9",.0,"9",.0,"9",.0,"9",.0,"9",.0,"9",.0,"9",.0,"9",.0,"9",0,"",0,"","Z",9,"",0,"9",0,"8"
"352150300","GORZÓW WIELKOPOLSKI","2018","01","15",-.7,"",-6.3,"",-3.2,"",-6.3,"",.9,"","S",0,"9",.0,"9",6.7,"",.0,"9",.0,"9",.0,"9",.0,"9",.0,"9",14.0,"",.0,"9",.0,"9",.0,"9",.0,"9",.0,"9",.0,"9",.0,"9",.0,"9",.0,"9",4.0,"",0,"",0,"","Z",15,"",0,"9",0,"8"
"352150300","GORZÓW WIELKOPOLSKI","2018","01","16",2.5,"",-1.7,"",.6,"",-2.4,"",5.2,"","S",2,"",.0,"9",.0,"9",1.8,"",7.6,"",1.3,"",.0,"9",.0,"9",5.4,"",.0,"9",.0,"9",.0,"9",.0,"9",.0,"9",.0,"9",.0,"9",.0,"9",.0,"9",.0,"9",1,"",0,"","Z",14,"",0,"9",0,"8"
"352150300","GORZÓW WIELKOPOLSKI","2018","01","17",1.6,"",.0,"",.7,"",-.2,"",1.8,"","S",2,"",.0,"9",.4,"",.0,"9",7.0,"",.8,"",.0,"9",.0,"9",11.8,"",.0,"9",.0,"9",.0,"9",.0,"9",.0,"9",.0,"9",.0,"9",.0,"9",.0,"9",.0,"9",1,"",0,"","Z",12,"",0,"9",0,"8"
"352150300","GORZÓW WIELKOPOLSKI","2018","01","18",2.2,"",-.2,"",.8,"",-1.5,"",12.3,"","S",3,"",.0,"9",.0,"9",3.7,"",5.5,"",2.2,"",.0,"9",.0,"9",3.3,"",.0,"9",.0,"9",.0,"9",.0,"9",.0,"9",.0,"9",.0,"9",.0,"9",.0,"9",.0,"9",1,"",0,"","Z",10,"",0,"9",0,"8"
"352150300","GORZÓW WIELKOPOLSKI","2018","01","19",2.4,"",.4,"",1.3,"",.0,"",.0,"","S",6,"",1.7,"",.0,"9",2.4,"",.0,"9",.0,"9",.0,"9",.0,"9",7.8,"",.0,"9",.0,"9",.0,"9",.0,"9",.0,"9",.0,"9",.0,"9",.0,"9",.0,"9",.0,"9",1,"",0,"","",8,"",0,"9",0,"8"
"352150300","GORZÓW WIELKOPOLSKI","2018","01","20",1.6,"",.1,"",.6,"",-.2,"",.0,"","S",6,"",2.0,"",.0,"9",.2,"",1.1,"",.8,"",.0,"9",.9,"",23.1,"",.0,"9",.0,"9",.0,"9",.0,"9",.0,"9",.0,"9",.0,"9",.0,"9",.0,"9",.0,"9",1,"",0,"","",8,"",0,"9",0,"8"
"352150300","GORZÓW WIELKOPOLSKI","2018","01","21",.7,"",-.7,"",-.1,"",-.8,"",.0,"","S",4,"",.0,"9",.0,"9",.0,"9",1.6,"",.0,"9",.0,"9",3.8,"",19.7,"",.0,"9",.0,"9",.0,"9",.0,"9",.0,"9",.0,"9",.0,"9",.0,"9",.0,"9",.0,"9",1,"",0,"","",7,"",0,"9",0,"8"
"352150300","GORZÓW WIELKOPOLSKI","2018","01","22",.1,"",-3.1,"",-1.2,"",-3.8,"",.0,"","S",4,"",.0,"9",.2,"",.0,"9",1.7,"",.0,"9",.0,"9",.0,"9",17.5,"",.0,"9",.0,"9",.0,"9",.0,"9",.0,"9",.0,"9",.0,"9",.0,"9",.0,"9",.0,"9",1,"",0,"","",8,"",0,"9",0,"8"
"352150300","GORZÓW WIELKOPOLSKI","2018","01","23",-.2,"",-3.8,"",-1.7,"",-3.8,"",.2,"","W",4,"",.0,"9",2.2,"",.0,"9",.0,"9",.0,"9",.0,"9",.0,"9",24.0,"",.0,"9",.0,"9",.0,"9",.0,"9",.0,"9",.0,"9",.0,"9",.0,"9",.0,"9",.0,"9",1,"",0,"","Z",8,"",0,"9",0,"8"
"352150300","GORZÓW WIELKOPOLSKI","2018","01","24",10.3,"",-.2,"",6.2,"",-.2,"",.1,"","W",3,"",.0,"9",2.1,"",5.0,"",.0,"9",.0,"9",.0,"9",1.5,"",7.8,"",.0,"9",.0,"9",.0,"9",.0,"9",.0,"9",.0,"9",.0,"9",.0,"9",.0,"9",.0,"9",1,"",0,"","R",0,"9",0,"9",0,"8"
"352150300","GORZÓW WIELKOPOLSKI","2018","01","25",9.4,"",6.3,"",8.1,"",4.8,"",4.3,"","W",0,"9",.0,"9",.0,"9",6.4,"",.0,"9",.0,"9",.0,"9",2.3,"",5.2,"",.0,"9",.0,"9",.0,"9",.0,"9",.0,"9",.0,"9",.0,"9",.0,"9",.0,"9",.0,"9",0,"",0,"","R",0,"9",0,"9",0,"8"
"352150300","GORZÓW WIELKOPOLSKI","2018","01","26",7.5,"",4.2,"",5.1,"",4.3,"",1.7,"","W",0,"9",.0,"9",.0,"9",12.4,"",.0,"9",.0,"9",.0,"9",6.7,"",17.3,"",.0,"9",.0,"9",.0,"9",.0,"9",.0,"9",.0,"9",.0,"9",.0,"9",.0,"9",.0,"9",0,"",0,"","R",0,"9",0,"9",0,"8"
"352150300","GORZÓW WIELKOPOLSKI","2018","01","27",6.6,"",2.6,"",4.6,"",1.1,"",.4,"","W",0,"9",.0,"9",.1,"",.0,"9",.0,"9",.0,"9",.0,"9",6.0,"",18.0,"",.0,"9",.0,"9",.0,"9",.0,"9",.0,"9",.0,"9",.0,"9",.0,"9",.0,"9",.0,"9",0,"",0,"","R",0,"9",0,"9",0,"8"
"352150300","GORZÓW WIELKOPOLSKI","2018","01","28",8.4,"",1.8,"",6.2,"",.2,"",.3,"","W",0,"9",.0,"9",.4,"",4.7,"",.0,"9",.0,"9",.0,"9",.0,"9",1.5,"",.0,"9",.0,"9",.0,"9",.0,"9",.0,"9",.0,"9",.0,"9",.0,"9",.0,"9",.0,"9",0,"",0,"","R",0,"9",0,"9",0,"8"
"352150300","GORZÓW WIELKOPOLSKI","2018","01","29",10.4,"",6.8,"",8.6,"",6.5,"",6.0,"","W",0,"9",.0,"9",.0,"9",13.9,"",.0,"9",.0,"9",.0,"9",.0,"9",2.7,"",.0,"9",.0,"9",.0,"9",.0,"9",.0,"9",.0,"9",.0,"9",.0,"9",.0,"9",.0,"9",0,"",0,"","R",0,"9",0,"9",0,"8"
"352150300","GORZÓW WIELKOPOLSKI","2018","01","30",8.6,"",4.0,"",4.7,"",2.9,"",.0,"","W",0,"9",.0,"9",.5,"",2.6,"",.0,"9",.0,"9",.0,"9",.0,"9",.0,"9",.0,"9",.0,"9",.0,"9",.0,"9",.0,"9",.0,"9",.0,"9",.0,"9",.0,"9",.0,"9",0,"",0,"","R",0,"9",0,"9",0,"8"
"352150300","GORZÓW WIELKOPOLSKI","2018","01","31",6.9,"",-.1,"",3.5,"",-.9,"",4.1,"","W",0,"9",.0,"9",.8,"",7.4,"",.0,"9",.0,"9",.0,"9",.0,"9",.0,"9",.0,"9",.0,"9",.0,"9",.0,"9",.0,"9",.0,"9",.0,"9",.0,"9",.0,"9",.0,"9",0,"",0,"","R",0,"9",0,"9",0,"8"
"352150300","GORZÓW WIELKOPOLSKI","2018","02","01",7.5,"",1.4,"",3.5,"",-1.4,"",.0,"9","",0,"9",.0,"9",.1,"",1.8,"",.0,"9",.0,"9",.0,"9",.0,"9",.0,"9",.0,"9",.0,"9",.0,"9",.0,"9",.0,"9",.0,"9",.0,"9",.0,"9",.0,"9",4.0,"",0,"",0,"","R",0,"9",0,"9",0,"8"
"352150300","GORZÓW WIELKOPOLSKI","2018","02","02",5.0,"",-1.7,"",1.3,"",-4.7,"",1.0,"","W",0,"9",.0,"9",5.2,"",4.9,"",.0,"9",.0,"9",.0,"9",.0,"9",.0,"9",.0,"9",.0,"9",.0,"9",.0,"9",.0,"9",.0,"9",.0,"9",.0,"9",.0,"9",9.0,"",0,"",0,"","Z",6,"",0,"9",0,"8"
"352150300","GORZÓW WIELKOPOLSKI","2018","02","03",3.3,"",.2,"",1.5,"",.0,"",1.7,"","S",0,"9",.0,"9",.0,"9",6.1,"",3.4,"",.5,"",.0,"9",.0,"9",8.3,"",.0,"9",.0,"9",.0,"9",.0,"9",.0,"9",.0,"9",.0,"9",.0,"9",.0,"9",.0,"9",0,"",0,"","R",0,"9",0,"9",0,"8"
"352150300","GORZÓW WIELKOPOLSKI","2018","02","04",.6,"",-1.7,"",-.7,"",-1.8,"",1.9,"","S",0,"",.0,"9",.0,"9",.0,"9",9.5,"",.0,"9",.0,"9",.0,"9",15.8,"",.0,"9",.0,"9",.0,"9",.0,"9",.0,"9",.0,"9",.0,"9",.0,"9",.0,"9",.0,"9",0,"",0,"","Z",1,"",0,"9",0,"8"
"352150300","GORZÓW WIELKOPOLSKI","2018","02","05",.2,"",-3.4,"",-2.0,"",-5.5,"",.0,"9","",2,"",.0,"9",7.7,"",.0,"9",2.0,"",.0,"9",.0,"9",.0,"9",4.2,"",.0,"9",.0,"9",.0,"9",.0,"9",.0,"9",.0,"9",.0,"9",.0,"9",.0,"9",.0,"9",1,"",0,"","Z",1,"",0,"9",0,"8"
"352150300","GORZÓW WIELKOPOLSKI","2018","02","06",-.8,"",-6.0,"",-4.0,"",-6.8,"",.0,"","S",2,"",.0,"9",3.6,"",.0,"9",.7,"",.0,"9",.0,"9",2.6,"",9.0,"",.0,"9",.0,"9",.0,"9",.0,"9",.0,"9",.0,"9",.0,"9",.0,"9",.0,"9",.0,"9",1,"",0,"","",10,"",0,"9",0,"8"
"352150300","GORZÓW WIELKOPOLSKI","2018","02","07",.1,"",-5.9,"",-3.7,"",-7.1,"",.0,"9","",1,"",.0,"9",3.6,"",.0,"9",.0,"9",.0,"9",.0,"9",.0,"9",21.4,"",.0,"9",.0,"9",.0,"9",.0,"9",2.6,"",.0,"9",.0,"9",.0,"9",.0,"9",.0,"9",1,"",0,"","Z",13,"",0,"9",0,"8"
"352150300","GORZÓW WIELKOPOLSKI","2018","02","08",.6,"",-7.7,"",-4.5,"",-8.5,"",.0,"9","",1,"",.0,"9",7.0,"",.0,"9",.0,"9",.0,"9",.0,"9",.0,"9",14.7,"",.0,"9",.0,"9",.0,"9",.0,"9",4.3,"",.0,"9",.0,"9",.0,"9",.0,"9",.0,"9",1,"",0,"","Z",18,"",0,"9",0,"8"
"352150300","GORZÓW WIELKOPOLSKI","2018","02","09",.3,"",-8.1,"",-4.8,"",-10.5,"",.0,"9","",1,"",.0,"9",8.2,"",.0,"9",.0,"9",.0,"9",.0,"9",.0,"9",19.6,"",.0,"9",.0,"9",.0,"9",.0,"9",4.4,"",.0,"9",.0,"9",.0,"9",.0,"9",.0,"9",1,"",0,"","Z",20,"",0,"9",0,"8"
"352150300","GORZÓW WIELKOPOLSKI","2018","02","10",.6,"",-6.3,"",-2.9,"",-6.5,"",.0,"","S",1,"",.0,"9",.0,"9",.0,"9",.2,"",.0,"9",.0,"9",.0,"9",24.0,"",.0,"9",.0,"9",.0,"9",.0,"9",.0,"9",.0,"9",.0,"9",.0,"9",.0,"9",.0,"9",1,"",0,"","",20,"",0,"9",0,"8"
"352150300","GORZÓW WIELKOPOLSKI","2018","02","11",4.6,"",-1.2,"",.7,"",-2.3,"",.2,"","S",1,"",.0,"9",1.1,"",2.1,"",.0,"9",.8,"",.0,"9",.0,"9",14.9,"",.0,"9",.0,"9",.0,"9",.0,"9",.0,"9",.0,"9",.0,"9",.0,"9",.0,"9",.0,"9",1,"",0,"","Z",18,"",0,"9",0,"8"
"352150300","GORZÓW WIELKOPOLSKI","2018","02","12",3.8,"",-1.4,"",1.0,"",-2.5,"",.0,"","S",0,"9",.0,"9",3.0,"",.0,"9",.0,"9",.0,"9",.0,"9",.0,"9",7.4,"",.0,"9",.0,"9",.0,"9",.0,"9",.0,"9",.0,"9",.0,"9",.0,"9",.0,"9",3.0,"",0,"",0,"","",15,"",0,"9",0,"8"
"352150300","GORZÓW WIELKOPOLSKI","2018","02","13",4.0,"",-3.1,"",-.9,"",-4.2,"",.0,"9","",0,"",.0,"9",5.4,"",.0,"9",.1,"",.0,"9",.0,"9",.0,"9",24.0,"",.0,"9",.0,"9",.0,"9",.0,"9",.0,"9",.0,"9",.0,"9",.0,"9",.0,"9",8.8,"",0,"",0,"","Z",15,"",0,"9",0,"8"
"352150300","GORZÓW WIELKOPOLSKI","2018","02","14",-1.1,"",-4.2,"",-3.3,"",-6.2,"",.0,"9","",0,"9",.0,"9",.0,"9",.0,"9",.0,"9",.0,"9",.0,"9",11.7,"",12.3,"",16.9,"",.0,"9",.0,"9",.0,"9",.0,"9",.0,"9",.0,"9",.0,"9",.0,"9",1.3,"",0,"",0,"","Z",15,"",0,"9",0,"8"
"352150300","GORZÓW WIELKOPOLSKI","2018","02","15",-.2,"",-4.3,"",-2.4,"",-3.5,"",.8,"","S",0,"9",.0,"9",.0,"9",.0,"9",4.6,"",.0,"9",.0,"9",2.8,"",21.2,"",18.8,"",.0,"9",.0,"9",.0,"9",.0,"9",.0,"9",.0,"9",.0,"9",.0,"9",.0,"9",0,"",0,"","Z",16,"",0,"9",0,"8"
"352150300","GORZÓW WIELKOPOLSKI","2018","02","16",6.6,"",-.9,"",2.0,"",-1.1,"",.0,"","S",1,"",.0,"9",5.7,"",.0,"9",1.4,"",.0,"9",.0,"9",.0,"9",11.8,"",.0,"9",.0,"9",.0,"9",.0,"9",.0,"9",.0,"9",.0,"9",.0,"9",.0,"9",5.0,"",1,"",0,"","",14,"",0,"9",0,"8"
"352150300","GORZÓW WIELKOPOLSKI","2018","02","17",3.4,"",-.8,"",1.1,"",-1.3,"",.0,"","S",0,"9",.0,"9",.0,"9",.1,"",1.6,"",.0,"9",.0,"9",.0,"9",12.8,"",.0,"9",.0,"9",.0,"9",.0,"9",.0,"9",.0,"9",.0,"9",.0,"9",.0,"9",5.7,"",0,"",0,"","",13,"",0,"9",0,"8"
"352150300","GORZÓW WIELKOPOLSKI","2018","02","18",3.1,"",-.5,"",1.2,"",-3.0,"",.0,"9","",0,"9",.0,"9",.0,"9",.0,"9",.0,"9",.0,"9",.0,"9",.0,"9",.0,"9",.0,"9",.0,"9",.0,"9",.0,"9",.0,"9",.0,"9",.0,"9",.0,"9",.0,"9",.0,"9",0,"",0,"","Z",12,"",0,"9",0,"8"
"352150300","GORZÓW WIELKOPOLSKI","2018","02","19",4.0,"",-.4,"",.9,"",-.8,"",.0,"9","",0,"9",.0,"9",2.5,"",.0,"9",.0,"9",.0,"9",.0,"9",.0,"9",.0,"9",.0,"9",.0,"9",.0,"9",.0,"9",.8,"",.0,"9",.0,"9",.0,"9",.0,"9",.0,"9",0,"",0,"","Z",12,"",0,"9",0,"8"
"352150300","GORZÓW WIELKOPOLSKI","2018","02","20",3.4,"",-2.4,"",-.3,"",-3.1,"",.0,"9","",0,"9",.0,"9",8.8,"",.0,"9",.0,"9",.0,"9",.0,"9",.0,"9",4.0,"",.0,"9",.0,"9",.0,"9",.0,"9",.0,"9",.0,"9",.0,"9",.0,"9",.0,"9",12.0,"",0,"",0,"","Z",9,"",0,"9",0,"8"
"352150300","GORZÓW WIELKOPOLSKI","2018","02","21",3.5,"",-4.0,"",-.8,"",-5.0,"",.0,"9","",0,"9",.0,"9",7.6,"",.0,"9",.0,"9",.0,"9",.0,"9",.0,"9",5.7,"",.0,"9",.0,"9",.0,"9",.0,"9",.0,"9",.0,"9",.0,"9",.0,"9",.0,"9",9.0,"",0,"",0,"","Z",11,"",0,"9",0,"8"
"352150300","GORZÓW WIELKOPOLSKI","2018","02","22",1.7,"",-5.1,"",-2.0,"",-7.1,"",.0,"9","",0,"9",.0,"9",4.3,"",.0,"9",.0,"9",.0,"9",.0,"9",.0,"9",2.5,"",.0,"9",.0,"9",.0,"9",.0,"9",.0,"9",.0,"9",.0,"9",.0,"9",.0,"9",8.0,"",0,"",0,"","Z",10,"",0,"9",0,"8"
"352150300","GORZÓW WIELKOPOLSKI","2018","02","23",-1.2,"",-8.9,"",-5.2,"",-9.3,"",.0,"9","",0,"9",.0,"9",9.6,"",.0,"9",.0,"9",.0,"9",.0,"9",.0,"9",5.1,"",.0,"9",.0,"9",.0,"9",.0,"9",.0,"9",.0,"9",.0,"9",.0,"9",.0,"9",10.0,"",0,"",0,"","Z",18,"",0,"9",0,"8"
"352150300","GORZÓW WIELKOPOLSKI","2018","02","24",-1.4,"",-5.5,"",-4.0,"",-7.5,"",.0,"9","",0,"9",.0,"9",6.4,"",.0,"9",.0,"9",.0,"9",.0,"9",.0,"9",.0,"9",.0,"9",.0,"9",.0,"9",.0,"9",.0,"9",.0,"9",.0,"9",.0,"9",.0,"9",10.0,"",0,"",0,"","Z",19,"",0,"9",0,"8"
"352150300","GORZÓW WIELKOPOLSKI","2018","02","25",-3.0,"",-12.1,"",-7.3,"",-12.7,"",.2,"","S",0,"9",.0,"9",6.6,"",.0,"9",2.8,"",.0,"9",.0,"9",.0,"9",.0,"9",.0,"9",.0,"9",.0,"9",.0,"9",.0,"9",.0,"9",.0,"9",.0,"9",.0,"9",9.0,"",0,"",0,"","Z",32,"",0,"9",0,"8"
"352150300","GORZÓW WIELKOPOLSKI","2018","02","26",-4.2,"",-10.9,"",-8.2,"",-12.1,"",.0,"9","",0,"",.0,"9",9.7,"",.0,"9",2.4,"",.0,"9",.0,"9",.0,"9",.0,"9",.0,"9",.0,"9",.0,"9",.0,"9",.0,"9",.0,"9",.0,"9",.0,"9",.0,"9",.0,"9",0,"",0,"","Z",35,"",0,"9",0,"8"
"352150300","GORZÓW WIELKOPOLSKI","2018","02","27",-5.7,"",-13.6,"",-10.2,"",-14.4,"",.0,"","S",0,"",.0,"9",4.4,"",.0,"9",1.0,"",.0,"9",.0,"9",.0,"9",3.8,"",.0,"9",.0,"9",.0,"9",.0,"9",.0,"9",.0,"9",.0,"9",.0,"9",.0,"9",.0,"9",0,"",0,"","",41,"",0,"9",0,"8"
"352150300","GORZÓW WIELKOPOLSKI","2018","02","28",-6.0,"",-13.5,"",-9.9,"",-13.6,"",.0,"9","",0,"9",.0,"9",9.9,"",.0,"9",.0,"9",.0,"9",.0,"9",.0,"9",.0,"9",.0,"9",.0,"9",.0,"9",.0,"9",.0,"9",.0,"9",.0,"9",.0,"9",.0,"9",.0,"9",0,"",0,"","Z",44,"",0,"9",0,"8"
"352150300","GORZÓW WIELKOPOLSKI","2018","03","01",-6.7,"",-13.9,"",-10.6,"",-14.2,"",.0,"9","",0,"9",.0,"9",10.0,"",.0,"9",.0,"9",.0,"9",.0,"9",.0,"9",.0,"9",.0,"9",.0,"9",.0,"9",.0,"9",.0,"9",.0,"9",.0,"9",.0,"9",.0,"9",.0,"9",0,"",0,"","Z",46,"",0,"9",0,"8"
"352150300","GORZÓW WIELKOPOLSKI","2018","03","02",-4.4,"",-14.5,"",-9.8,"",-14.6,"",.0,"9","",0,"9",.0,"9",9.8,"",.0,"9",.0,"9",.0,"9",.0,"9",.0,"9",4.0,"",.0,"9",.0,"9",.0,"9",.0,"9",9.8,"",.0,"9",.0,"9",.0,"9",.0,"9",6.0,"",0,"",0,"","Z",47,"",0,"9",0,"8"
"352150300","GORZÓW WIELKOPOLSKI","2018","03","03",-2.7,"",-13.6,"",-8.1,"",-14.3,"",.0,"9","",0,"9",.0,"9",10.2,"",.0,"9",.0,"9",.0,"9",.0,"9",.0,"9",8.7,"",.0,"9",.0,"9",.0,"9",.0,"9",.0,"9",.0,"9",.0,"9",.0,"9",.0,"9",5.0,"",0,"",0,"","Z",48,"",0,"9",0,"8"
"352150300","GORZÓW WIELKOPOLSKI","2018","03","04",1.5,"",-11.4,"",-4.8,"",-12.0,"",.0,"9","",0,"9",.0,"9",10.1,"",.0,"9",.0,"9",.0,"9",.0,"9",.0,"9",7.3,"",.0,"9",.0,"9",.0,"9",.0,"9",4.5,"",.0,"9",.0,"9",.0,"9",.0,"9",9.0,"",0,"",0,"","R",48,"",0,"9",0,"8"
"352150300","GORZÓW WIELKOPOLSKI","2018","03","05",6.6,"",-6.5,"",-.8,"",-7.1,"",.0,"9","",0,"9",.0,"9",3.9,"",.0,"9",.0,"9",.0,"9",.0,"9",.0,"9",11.8,"",.0,"9",.0,"9",.0,"9",.0,"9",12.3,"",.0,"9",.0,"9",.0,"9",.0,"9",.0,"9",0,"",0,"","R",48,"",0,"9",0,"8"
"352150300","GORZÓW WIELKOPOLSKI","2018","03","06",5.4,"",-3.9,"",.7,"",-5.5,"",9.5,"","S",0,"9",.0,"9",.2,"",5.6,"",2.3,"",.8,"",.0,"9",.0,"9",19.5,"",.0,"9",.0,"9",.0,"9",.0,"9",4.5,"",.0,"9",.0,"9",.0,"9",.0,"9",8.0,"",0,"",0,"","R",45,"",0,"9",0,"8"
"352150300","GORZÓW WIELKOPOLSKI","2018","03","07",2.0,"",-.1,"",.6,"",.0,"",.7,"","S",4,"",.0,"9",.0,"9",1.1,"",10.3,"",.8,"",.0,"9",2.3,"",21.7,"",.0,"9",.0,"9",.0,"9",.0,"9",.0,"9",.0,"9",.0,"9",.0,"9",.0,"9",.0,"9",1,"",0,"","R",40,"",4,"",0,"8"
"352150300","GORZÓW WIELKOPOLSKI","2018","03","08",4.9,"",.7,"",2.6,"",-1.6,"",1.4,"","W",2,"",.0,"9",.6,"",2.4,"",.0,"9",.0,"9",.0,"9",1.3,"",15.6,"",.0,"9",.0,"9",.0,"9",.0,"9",.0,"9",.0,"9",.0,"9",.0,"9",.0,"9",.0,"9",1,"",0,"","R",35,"",5,"",0,"8"
"352150300","GORZÓW WIELKOPOLSKI","2018","03","09",6.9,"",.9,"",3.9,"",-.8,"",.5,"","W",0,"9",.0,"9",.2,"",3.5,"",.0,"9",.0,"9",.0,"9",.0,"9",3.2,"",.0,"9",.0,"9",.0,"9",.0,"9",.0,"9",.0,"9",.0,"9",.0,"9",.0,"9",.0,"9",0,"",0,"","Z",35,"",0,"9",0,"8"
"352150300","GORZÓW WIELKOPOLSKI","2018","03","10",6.8,"",.1,"",3.6,"",-2.6,"",.3,"","W",0,"9",.0,"9",.0,"9",1.7,"",.0,"9",.0,"9",.0,"9",.0,"9",17.0,"",.0,"9",.0,"9",.0,"9",.0,"9",.0,"9",.0,"9",.0,"9",.0,"9",.0,"9",6.0,"",0,"",0,"","Z",20,"",0,"9",0,"8"
"352150300","GORZÓW WIELKOPOLSKI","2018","03","11",16.2,"",4.7,"",9.7,"",1.0,"",.0,"9","",0,"9",.0,"9",7.8,"",.0,"9",.0,"9",.0,"9",.0,"9",.0,"9",8.8,"",.0,"9",.0,"9",.0,"9",.0,"9",.0,"9",.0,"9",.0,"9",.0,"9",.0,"9",.0,"9",0,"",0,"","R",0,"9",0,"9",0,"8"
"352150300","GORZÓW WIELKOPOLSKI","2018","03","12",11.3,"",4.7,"",7.6,"",1.9,"",2.7,"","W",0,"9",.0,"9",.2,"",6.8,"",.0,"9",.0,"9",.0,"9",1.5,"",17.5,"",.0,"9",.0,"9",.0,"9",.0,"9",.0,"9",.0,"9",.0,"9",.0,"9",.0,"9",.0,"9",0,"",0,"","R",0,"9",0,"9",0,"8"
"352150300","GORZÓW WIELKOPOLSKI","2018","03","13",11.6,"",7.2,"",8.5,"",5.2,"",2.5,"","W",0,"9",.0,"9",.2,"",7.4,"",.0,"9",.0,"9",.0,"9",.0,"9",5.5,"",.0,"9",.0,"9",.0,"9",.0,"9",.0,"9",.0,"9",.0,"9",.0,"9",.0,"9",.0,"9",0,"",0,"","R",0,"9",0,"9",0,"8"
"352150300","GORZÓW WIELKOPOLSKI","2018","03","14",8.4,"",2.6,"",3.2,"",2.3,"",.1,"","W",0,"9",.0,"9",.0,"9",10.8,"",.0,"9",.0,"9",.0,"9",.0,"9",.0,"9",.0,"9",.0,"9",.0,"9",.0,"9",.0,"9",.0,"9",.0,"9",.0,"9",.0,"9",.0,"9",0,"",0,"","R",0,"9",0,"9",0,"8"
"352150300","GORZÓW WIELKOPOLSKI","2018","03","15",4.1,"",.3,"",1.5,"",.3,"",.0,"9","",0,"9",.0,"9",.0,"9",.1,"",.0,"9",.0,"9",.0,"9",.0,"9",.0,"9",.0,"9",.0,"9",.0,"9",.0,"9",.0,"9",.0,"9",.0,"9",.0,"9",.0,"9",.0,"9",0,"",0,"","R",0,"9",0,"9",0,"8"
"352150300","GORZÓW WIELKOPOLSKI","2018","03","16",1.2,"",-1.6,"",-1.0,"",-1.6,"",.0,"9","",0,"9",.0,"9",.0,"9",.0,"9",.0,"9",.0,"9",.0,"9",.0,"9",.0,"9",.0,"9",.0,"9",.0,"9",.0,"9",.0,"9",.0,"9",.0,"9",.0,"9",.0,"9",.0,"9",0,"",0,"","R",7,"",4,"",0,"8"
"352150300","GORZÓW WIELKOPOLSKI","2018","03","17",-1.3,"",-6.8,"",-4.3,"",-7.0,"",.0,"9","",0,"9",.0,"9",8.0,"",.0,"9",.0,"9",.0,"9",.0,"9",.0,"9",.0,"9",.0,"9",.0,"9",.0,"9",.0,"9",.0,"9",.0,"9",.0,"9",.0,"9",.0,"9",.0,"9",0,"",0,"","Z",15,"",0,"9",0,"8"
"352150300","GORZÓW WIELKOPOLSKI","2018","03","18",.5,"",-6.6,"",-3.2,"",-7.0,"",.0,"9","",0,"9",.0,"9",11.2,"",.0,"9",.0,"9",.0,"9",.0,"9",.0,"9",.0,"9",.0,"9",.0,"9",.0,"9",.0,"9",.0,"9",.0,"9",.0,"9",.0,"9",.0,"9",.0,"9",0,"",0,"","Z",19,"",0,"9",0,"8"
"352150300","GORZÓW WIELKOPOLSKI","2018","03","19",4.1,"",-8.0,"",-1.5,"",-8.8,"",.0,"9","",0,"9",.0,"9",11.5,"",.0,"9",.0,"9",.0,"9",.0,"9",.0,"9",.0,"9",.0,"9",.0,"9",.0,"9",.0,"9",.0,"9",.0,"9",.0,"9",.0,"9",.0,"9",.0,"9",0,"",0,"","Z",20,"",0,"9",0,"8"
"352150300","GORZÓW WIELKOPOLSKI","2018","03","20",4.9,"",-7.1,"",-1.0,"",-7.7,"",.0,"","S",0,"9",.0,"9",8.2,"",.0,"9",1.5,"",.0,"9",.0,"9",.0,"9",3.9,"",.0,"9",.0,"9",.0,"9",.0,"9",.0,"9",.0,"9",.0,"9",.0,"9",.0,"9",5.0,"",0,"",0,"","",20,"",0,"9",0,"8"
"352150300","GORZÓW WIELKOPOLSKI","2018","03","21",6.1,"",-5.0,"",.7,"",-7.0,"",.6,"","S",0,"9",.0,"9",8.5,"",.0,"9",.0,"9",.0,"9",.0,"9",.0,"9",3.2,"",.0,"9",.0,"9",.0,"9",.0,"9",.0,"9",.0,"9",.0,"9",.0,"9",.0,"9",6.0,"",0,"",0,"","Z",19,"",0,"9",0,"8"
"352150300","GORZÓW WIELKOPOLSKI","2018","03","22",3.2,"",-.8,"",.4,"",-1.0,"",1.8,"","S",2,"",.0,"9",.0,"9",8.3,"",10.0,"",.4,"",.0,"9",5.9,"",12.5,"",.0,"9",.0,"9",.0,"9",.0,"9",.0,"9",.0,"9",.0,"9",.0,"9",.0,"9",.0,"9",1,"",0,"","Z",15,"",0,"9",0,"8"
"352150300","GORZÓW WIELKOPOLSKI","2018","03","23",2.6,"",.0,"",1.3,"",-.1,"",.1,"","S",0,"",.0,"9",.0,"9",3.6,"",3.4,"",.3,"",.0,"9",.8,"",23.3,"",.0,"9",.0,"9",.0,"9",.0,"9",.0,"9",.0,"9",.0,"9",.0,"9",.0,"9",.0,"9",0,"",0,"","R",15,"",4,"",0,"8"
"352150300","GORZÓW WIELKOPOLSKI","2018","03","24",7.1,"",.1,"",2.5,"",-.3,"",.0,"9","",0,"9",.0,"9",.3,"",.0,"9",.0,"9",.0,"9",.0,"9",.0,"9",10.7,"",.0,"9",.0,"9",.0,"9",.0,"9",.0,"9",.0,"9",.0,"9",.0,"9",.0,"9",1.0,"",0,"",0,"","R",0,"9",0,"9",0,"8"
"352150300","GORZÓW WIELKOPOLSKI","2018","03","25",12.1,"",-1.0,"",5.1,"",-5.0,"",.0,"9","",0,"9",.0,"9",10.7,"",.0,"9",.0,"9",.0,"9",.0,"9",.0,"9",7.8,"",.0,"9",.0,"9",.0,"9",.0,"9",1.3,"",.0,"9",.0,"9",.0,"9",.0,"9",7.0,"",0,"",0,"","Z",5,"",0,"9",0,"8"
"352150300","GORZÓW WIELKOPOLSKI","2018","03","26",9.2,"",.5,"",3.6,"",-2.1,"",.7,"","W",0,"9",.0,"9",.0,"9",2.1,"",.0,"9",.0,"9",.0,"9",.0,"9",19.9,"",.0,"9",.0,"9",.0,"9",.0,"9",.0,"9",.0,"9",.0,"9",.0,"9",.0,"9",.0,"9",0,"",0,"","R",0,"9",0,"9",0,"8"
"352150300","GORZÓW WIELKOPOLSKI","2018","03","27",5.7,"",.9,"",2.4,"",-2.1,"",.0,"9","",0,"9",.0,"9",.3,"",.5,"",.0,"9",.0,"9",.0,"9",.0,"9",.0,"9",.0,"9",.0,"9",.0,"9",.0,"9",.0,"9",.0,"9",.0,"9",.0,"9",.0,"9",3.0,"",0,"",0,"","R",0,"9",0,"9",0,"8"
"352150300","GORZÓW WIELKOPOLSKI","2018","03","28",2.5,"",-1.7,"",-.3,"",-3.0,"",10.2,"","S",0,"9",.0,"9",.0,"9",5.1,"",6.8,"",.9,"",.0,"9",1.0,"",22.8,"",.0,"9",.0,"9",.0,"9",.0,"9",.0,"9",.0,"9",.0,"9",.0,"9",.0,"9",2.2,"",0,"",0,"","Z",1,"",0,"9",0,"8"
"352150300","GORZÓW WIELKOPOLSKI","2018","03","29",7.0,"",.3,"",3.9,"",.1,"",.0,"","W",0,"9",.0,"9",.1,"",7.5,"",.0,"9",.3,"",.0,"9",1.9,"",5.9,"",.0,"9",.0,"9",.0,"9",.0,"9",.0,"9",.0,"9",.0,"9",.0,"9",.0,"9",.0,"9",0,"",0,"","R",0,"9",0,"9",0,"8"
"352150300","GORZÓW WIELKOPOLSKI","2018","03","30",9.4,"",1.3,"",4.2,"",.6,"",.0,"9","",0,"9",.0,"9",10.3,"",.0,"9",.0,"9",.0,"9",.0,"9",.0,"9",.0,"9",.0,"9",.0,"9",.0,"9",.0,"9",.0,"9",.0,"9",.0,"9",.0,"9",.0,"9",.0,"9",0,"",0,"","R",0,"9",0,"9",0,"8"
"352150300","GORZÓW WIELKOPOLSKI","2018","03","31",7.4,"",-.5,"",3.2,"",-.9,"",8.5,"","S",0,"9",.0,"9",1.8,"",9.5,"",.0,"9",.0,"9",.0,"9",.0,"9",5.5,"",.0,"9",.0,"9",.0,"9",.0,"9",.0,"9",.0,"9",.0,"9",.0,"9",.0,"9",.0,"9",0,"",0,"","R",0,"9",0,"9",0,"8"
"352150300","GORZÓW WIELKOPOLSKI","2018","04","01",5.3,"",.8,"",1.9,"",.9,"",2.6,"","S",0,"9",.0,"9",.0,"9",4.8,"",3.2,"",12.3,"",.0,"9",.0,"9",11.1,"",.0,"9",.0,"9",.0,"9",.0,"9",.0,"9",.0,"9",.0,"9",.0,"9",.0,"9",.0,"9",0,"",0,"","R",0,"9",0,"9",0,"8"
"352150300","GORZÓW WIELKOPOLSKI","2018","04","02",7.6,"",.0,"",3.8,"",-.2,"",1.2,"","W",0,"9",.0,"9",9.8,"",.0,"9",.0,"9",.0,"9",.0,"9",.0,"9",.0,"9",.0,"9",.0,"9",.0,"9",.0,"9",.0,"9",.0,"9",.0,"9",.0,"9",.0,"9",.0,"9",0,"",0,"","R",0,"9",0,"9",0,"8"
"352150300","GORZÓW WIELKOPOLSKI","2018","04","03",17.4,"",3.3,"",9.9,"",1.9,"",.0,"","W",0,"9",.0,"9",4.9,"",4.8,"",.0,"9",.0,"9",.0,"9",.0,"9",2.8,"",.0,"9",.0,"9",.0,"9",.0,"9",.0,"9",.0,"9",.0,"9",.0,"9",.0,"9",.0,"9",0,"",0,"","R",0,"9",0,"9",0,"8"
"352150300","GORZÓW WIELKOPOLSKI","2018","04","04",21.6,"",10.3,"",15.8,"",7.6,"",.0,"","W",0,"9",.0,"9",9.9,"",.1,"",.0,"9",.0,"9",.0,"9",.0,"9",.0,"9",.0,"9",.0,"9",.0,"9",.0,"9",.0,"9",.0,"9",.0,"9",.0,"9",.0,"9",.0,"9",0,"",1,"","R",0,"9",0,"9",0,"8"
"352150300","GORZÓW WIELKOPOLSKI","2018","04","05",18.0,"",8.1,"",11.6,"",6.7,"",.6,"","W",0,"9",.0,"9",6.3,"",1.0,"",.0,"9",.0,"9",.0,"9",.0,"9",.0,"9",.0,"9",.0,"9",.0,"9",.0,"9",.0,"9",.0,"9",.0,"9",.0,"9",.0,"9",.0,"9",0,"",0,"","R",0,"9",0,"9",0,"8"
"352150300","GORZÓW WIELKOPOLSKI","2018","04","06",12.3,"",.9,"",6.9,"",.0,"",.0,"9","",0,"9",.0,"9",12.4,"",.0,"9",.0,"9",.0,"9",.0,"9",.0,"9",.0,"9",.0,"9",.0,"9",.0,"9",.0,"9",.0,"9",.0,"9",.0,"9",.0,"9",.0,"9",.0,"9",0,"",0,"","R",0,"9",0,"9",0,"8"
"352150300","GORZÓW WIELKOPOLSKI","2018","04","07",18.3,"",1.2,"",10.5,"",-.1,"",.0,"9","",0,"9",.0,"9",12.6,"",.0,"9",.0,"9",.0,"9",.0,"9",.0,"9",.0,"9",.0,"9",.0,"9",.0,"9",.0,"9",.0,"9",.0,"9",.0,"9",.0,"9",7.0,"",.0,"9",0,"",0,"","R",0,"9",0,"9",0,"8"
"352150300","GORZÓW WIELKOPOLSKI","2018","04","08",20.6,"",8.2,"",14.3,"",5.1,"",.0,"","W",0,"9",.0,"9",11.9,"",.1,"",.0,"9",.0,"9",.0,"9",.0,"9",.0,"9",.0,"9",.0,"9",.0,"9",.0,"9",.0,"9",.0,"9",.0,"9",.0,"9",7.0,"",.0,"9",0,"",0,"","R",0,"9",0,"9",0,"8"
"352150300","GORZÓW WIELKOPOLSKI","2018","04","09",21.7,"",5.9,"",14.3,"",2.9,"",.0,"9","",0,"9",.0,"9",11.7,"",.0,"9",.0,"9",.0,"9",.0,"9",.2,"",2.8,"",.0,"9",.0,"9",.0,"9",.0,"9",.0,"9",.0,"9",.0,"9",.0,"9",10.0,"",.0,"9",0,"",0,"","R",0,"9",0,"9",0,"8"
"352150300","GORZÓW WIELKOPOLSKI","2018","04","10",24.2,"",10.0,"",17.2,"",7.7,"",.0,"","W",0,"9",.0,"9",11.7,"",.3,"",.0,"9",.0,"9",.0,"9",.0,"9",.0,"9",.0,"9",.0,"9",.0,"9",.0,"9",1.6,"",.0,"9",.0,"9",.1,"",6.0,"",.0,"9",0,"",0,"","R",0,"9",0,"9",0,"8"
"352150300","GORZÓW WIELKOPOLSKI","2018","04","11",20.5,"",9.2,"",12.2,"",9.5,"",.0,"","W",0,"9",.0,"9",2.7,"",.1,"",.0,"9",.0,"9",.0,"9",.0,"9",.0,"9",.0,"9",.0,"9",.0,"9",.0,"9",.0,"9",.0,"9",.0,"9",.0,"9",.0,"9",.0,"9",0,"",0,"","R",0,"9",0,"9",0,"8"
"352150300","GORZÓW WIELKOPOLSKI","2018","04","12",20.6,"",7.8,"",14.5,"",7.4,"",.0,"","W",0,"9",.0,"9",8.1,"",.0,"9",.0,"9",.0,"9",.0,"9",.0,"9",.0,"9",.0,"9",.0,"9",.0,"9",.0,"9",.0,"9",.0,"9",.0,"9",.0,"9",8.0,"",.0,"9",0,"",0,"","R",0,"9",0,"9",0,"8"
"352150300","GORZÓW WIELKOPOLSKI","2018","04","13",22.2,"",12.6,"",16.1,"",12.3,"",15.8,"","W",0,"9",.0,"9",6.5,"",1.2,"",.0,"9",.0,"9",.0,"9",.0,"9",.0,"9",.0,"9",.0,"9",.0,"9",.0,"9",1.0,"",.0,"9",.0,"9",.9,"",.0,"9",.0,"9",0,"",0,"","R",0,"9",0,"9",0,"8"
"352150300","GORZÓW WIELKOPOLSKI","2018","04","14",18.8,"",10.0,"",13.0,"",9.4,"",1.9,"","W",0,"9",.0,"9",2.3,"",2.2,"",.0,"9",.0,"9",.0,"9",.0,"9",4.8,"",.0,"9",.0,"9",.0,"9",.0,"9",.0,"9",.0,"9",.0,"9",.0,"9",.0,"9",.0,"9",0,"",0,"","R",0,"9",0,"9",0,"8"
"352150300","GORZÓW WIELKOPOLSKI","2018","04","15",22.6,"",8.9,"",15.9,"",5.8,"",.0,"","W",0,"9",.0,"9",8.7,"",.0,"9",.0,"9",.0,"9",.0,"9",.0,"9",4.7,"",.0,"9",.0,"9",.0,"9",.0,"9",.0,"9",.0,"9",.0,"9",.0,"9",3.0,"",.0,"9",0,"",0,"","R",0,"9",0,"9",0,"8"
"352150300","GORZÓW WIELKOPOLSKI","2018","04","16",19.7,"",11.5,"",12.5,"",10.1,"",8.5,"","W",0,"9",.0,"9",.0,"9",10.6,"",.0,"9",.0,"9",.0,"9",.0,"9",19.8,"",.0,"9",.0,"9",.0,"9",.0,"9",.0,"9",.0,"9",.0,"9",.0,"9",5.5,"",.0,"9",0,"",0,"","R",0,"9",0,"9",0,"8"
"352150300","GORZÓW WIELKOPOLSKI","2018","04","17",18.2,"",8.1,"",12.6,"",8.0,"",.0,"9","",0,"9",.0,"9",10.7,"",.0,"9",.0,"9",.0,"9",.0,"9",.9,"",7.7,"",.0,"9",.0,"9",.0,"9",.0,"9",.0,"9",.0,"9",.0,"9",.0,"9",.0,"9",.0,"9",0,"",0,"","R",0,"9",0,"9",0,"8"
"352150300","GORZÓW WIELKOPOLSKI","2018","04","18",22.4,"",6.4,"",15.0,"",2.6,"",.0,"9","",0,"9",.0,"9",12.4,"",.0,"9",.0,"9",.0,"9",.0,"9",.0,"9",.0,"9",.0,"9",.0,"9",.0,"9",.0,"9",.0,"9",.0,"9",.0,"9",.0,"9",5.0,"",.0,"9",0,"",0,"","R",0,"9",0,"9",0,"8"
"352150300","GORZÓW WIELKOPOLSKI","2018","04","19",22.9,"",9.9,"",17.1,"",6.5,"",.0,"9","",0,"9",.0,"9",12.6,"",.0,"9",.0,"9",.0,"9",.0,"9",.0,"9",2.8,"",.0,"9",.0,"9",.0,"9",.0,"9",.0,"9",.0,"9",.0,"9",.0,"9",12.0,"",.0,"9",0,"",0,"","R",0,"9",0,"9",0,"8"
"352150300","GORZÓW WIELKOPOLSKI","2018","04","20",26.6,"",11.0,"",19.0,"",7.9,"",.0,"9","",0,"9",.0,"9",13.2,"",.0,"9",.0,"9",.0,"9",.0,"9",.0,"9",.0,"9",.0,"9",.0,"9",.0,"9",.0,"9",.0,"9",.0,"9",.0,"9",.0,"9",11.0,"",.0,"9",0,"",0,"","R",0,"9",0,"9",0,"8"
"352150300","GORZÓW WIELKOPOLSKI","2018","04","21",23.5,"",13.9,"",16.9,"",9.8,"",.0,"9","",0,"9",.0,"9",12.9,"",.0,"9",.0,"9",.0,"9",.0,"9",.0,"9",.0,"9",.0,"9",.0,"9",.0,"9",.0,"9",.0,"9",.0,"9",.0,"9",.0,"9",11.0,"",.0,"9",0,"",0,"","R",0,"9",0,"9",0,"8"
"352150300","GORZÓW WIELKOPOLSKI","2018","04","22",21.3,"",5.6,"",14.4,"",2.1,"",.2,"","W",0,"9",.0,"9",13.1,"",.0,"9",.0,"9",.0,"9",.0,"9",.0,"9",.0,"9",.0,"9",.0,"9",.0,"9",.0,"9",.0,"9",.0,"9",.0,"9",.0,"9",8.0,"",.0,"9",0,"",1,"","R",0,"9",0,"9",0,"8"
"352150300","GORZÓW WIELKOPOLSKI","2018","04","23",22.4,"",11.5,"",15.9,"",10.2,"",5.2,"","W",0,"9",.0,"9",5.9,"",1.4,"",.0,"9",.0,"9",.0,"9",.0,"9",2.1,"",.0,"9",.0,"9",.0,"9",.0,"9",.0,"9",.0,"9",.0,"9",.5,"",.0,"9",.0,"9",0,"",0,"","R",0,"9",0,"9",0,"8"
"352150300","GORZÓW WIELKOPOLSKI","2018","04","24",17.0,"",9.4,"",12.7,"",5.3,"",2.1,"","W",0,"9",.0,"9",3.3,"",4.2,"",.0,"9",.0,"9",.0,"9",.0,"9",.8,"",.0,"9",.0,"9",.0,"9",.0,"9",.0,"9",.0,"9",.0,"9",.0,"9",.0,"9",.0,"9",0,"",0,"","R",0,"9",0,"9",0,"8"
"352150300","GORZÓW WIELKOPOLSKI","2018","04","25",18.4,"",9.9,"",12.2,"",7.2,"",1.3,"","W",0,"9",.0,"9",3.8,"",6.5,"",.0,"9",.0,"9",.0,"9",.0,"9",6.7,"",.0,"9",.0,"9",.0,"9",.0,"9",.0,"9",.3,"",.0,"9",.0,"9",3.0,"",.0,"9",0,"",0,"","R",0,"9",0,"9",0,"8"
"352150300","GORZÓW WIELKOPOLSKI","2018","04","26",12.8,"",5.8,"",8.3,"",4.4,"",3.6,"","W",0,"9",.0,"9",7.0,"",3.0,"",.0,"9",.0,"9",.0,"9",.0,"9",.0,"9",.0,"9",.0,"9",.0,"9",.0,"9",.0,"9",.0,"9",.0,"9",.0,"9",7.7,"",.0,"9",0,"",0,"","R",0,"9",0,"9",0,"8"
"352150300","GORZÓW WIELKOPOLSKI","2018","04","27",15.2,"",4.1,"",9.8,"",3.8,"",.0,"9","",0,"9",.0,"9",8.9,"",.0,"9",.0,"9",.0,"9",.0,"9",.0,"9",2.2,"",.0,"9",.0,"9",.0,"9",.0,"9",.0,"9",.0,"9",.0,"9",.0,"9",3.0,"",.0,"9",0,"",0,"","R",0,"9",0,"9",0,"8"
"352150300","GORZÓW WIELKOPOLSKI","2018","04","28",22.2,"",7.3,"",14.9,"",5.8,"",.0,"","W",0,"9",.0,"9",12.8,"",.5,"",.0,"9",.0,"9",.0,"9",.0,"9",.0,"9",.0,"9",.0,"9",.0,"9",.0,"9",.0,"9",.0,"9",.0,"9",.0,"9",9.0,"",.0,"9",0,"",0,"","R",0,"9",0,"9",0,"8"
"352150300","GORZÓW WIELKOPOLSKI","2018","04","29",24.5,"",11.1,"",18.3,"",7.9,"",.0,"9","",0,"9",.0,"9",12.8,"",.0,"9",.0,"9",.0,"9",.0,"9",.0,"9",.0,"9",.0,"9",.0,"9",.0,"9",.0,"9",.0,"9",.0,"9",.0,"9",.0,"9",7.0,"",.0,"9",0,"",0,"","R",0,"9",0,"9",0,"8"
"352150300","GORZÓW WIELKOPOLSKI","2018","04","30",26.3,"",11.6,"",17.6,"",11.0,"",.0,"","W",0,"9",.0,"9",11.1,"",.0,"9",.0,"9",.0,"9",.0,"9",.0,"9",.0,"9",.0,"9",.0,"9",.0,"9",.0,"9",.0,"9",.0,"9",.0,"9",.0,"9",2.0,"",.0,"9",0,"",0,"","R",0,"9",0,"9",0,"8"
"352150300","GORZÓW WIELKOPOLSKI","2018","05","01",18.3,"",9.8,"",13.5,"",4.7,"",.2,"","W",0,"9",.0,"9",8.0,"",.9,"",.0,"9",.0,"9",.0,"9",.0,"9",.0,"9",.0,"9",.0,"9",.0,"9",.0,"9",.0,"9",.0,"9",.0,"9",.0,"9",6.0,"",.0,"9",0,"",0,"","R",0,"9",0,"9",0,"8"
"352150300","GORZÓW WIELKOPOLSKI","2018","05","02",14.7,"",4.5,"",10.8,"",.1,"",21.2,"","W",0,"9",.0,"9",4.7,"",4.1,"",.0,"9",.0,"9",.0,"9",.0,"9",.0,"9",.0,"9",.0,"9",.0,"9",.0,"9",.0,"9",.0,"9",.0,"9",1.9,"",9.0,"",.0,"9",0,"",0,"","R",0,"9",0,"9",0,"8"
"352150300","GORZÓW WIELKOPOLSKI","2018","05","03",19.0,"",10.6,"",14.0,"",10.1,"",.1,"","W",0,"9",.0,"9",2.0,"",3.6,"",.0,"9",.0,"9",.0,"9",.0,"9",3.8,"",.0,"9",.0,"9",.0,"9",.0,"9",.0,"9",.0,"9",.0,"9",1.3,"",2.0,"",.0,"9",0,"",0,"","R",0,"9",0,"9",0,"8"
"352150300","GORZÓW WIELKOPOLSKI","2018","05","04",16.8,"",5.8,"",11.6,"",2.9,"",.0,"9","",0,"9",.0,"9",13.5,"",.0,"9",.0,"9",.0,"9",.0,"9",.0,"9",.0,"9",.0,"9",.0,"9",.0,"9",.0,"9",.0,"9",.0,"9",.0,"9",.0,"9",12.0,"",.0,"9",0,"",0,"","R",0,"9",0,"9",0,"8"
"352150300","GORZÓW WIELKOPOLSKI","2018","05","05",19.1,"",4.4,"",12.4,"",3.4,"",.0,"9","",0,"9",.0,"9",14.5,"",.0,"9",.0,"9",.0,"9",.0,"9",.0,"9",.0,"9",.0,"9",.0,"9",.0,"9",.0,"9",.0,"9",.0,"9",.0,"9",.0,"9",9.0,"",.0,"9",0,"",0,"","R",0,"9",0,"9",0,"8"
"352150300","GORZÓW WIELKOPOLSKI","2018","05","06",20.8,"",7.8,"",14.7,"",5.5,"",.0,"9","",0,"9",.0,"9",14.7,"",.0,"9",.0,"9",.0,"9",.0,"9",.0,"9",.0,"9",.0,"9",.0,"9",.0,"9",.0,"9",.0,"9",.0,"9",.0,"9",.0,"9",12.0,"",.0,"9",0,"",0,"","R",0,"9",0,"9",0,"8"
"352150300","GORZÓW WIELKOPOLSKI","2018","05","07",23.5,"",9.2,"",17.2,"",5.7,"",.0,"9","",0,"9",.0,"9",14.6,"",.0,"9",.0,"9",.0,"9",.0,"9",.0,"9",.0,"9",.0,"9",.0,"9",.0,"9",.0,"9",.0,"9",.0,"9",.0,"9",.0,"9",11.0,"",.0,"9",0,"",0,"","R",0,"9",0,"9",0,"8"
"352150300","GORZÓW WIELKOPOLSKI","2018","05","08",24.4,"",10.3,"",18.4,"",8.2,"",.0,"9","",0,"9",.0,"9",14.5,"",.0,"9",.0,"9",.0,"9",.0,"9",.0,"9",.0,"9",.0,"9",.0,"9",.0,"9",.0,"9",.0,"9",.0,"9",.0,"9",.0,"9",9.0,"",.0,"9",0,"",0,"","R",0,"9",0,"9",0,"8"
"352150300","GORZÓW WIELKOPOLSKI","2018","05","09",26.5,"",13.8,"",20.2,"",12.8,"",.0,"9","",0,"9",.0,"9",14.1,"",.0,"9",.0,"9",.0,"9",.0,"9",.0,"9",.0,"9",.0,"9",.0,"9",.0,"9",.0,"9",.0,"9",.0,"9",.0,"9",.0,"9",.0,"9",.0,"9",0,"",0,"","R",0,"9",0,"9",0,"8"
"352150300","GORZÓW WIELKOPOLSKI","2018","05","10",26.5,"",14.0,"",20.6,"",10.5,"",.0,"","W",0,"9",.0,"9",7.8,"",.0,"9",.0,"9",.0,"9",.0,"9",.0,"9",.0,"9",.0,"9",.0,"9",.0,"9",.0,"9",.0,"9",.0,"9",.0,"9",.6,"",2.0,"",.0,"9",0,"",0,"","R",0,"9",0,"9",0,"8"
"352150300","GORZÓW WIELKOPOLSKI","2018","05","11",22.5,"",15.3,"",16.4,"",13.3,"",.0,"","W",0,"9",.0,"9",.0,"9",1.5,"",.0,"9",.0,"9",.0,"9",.0,"9",5.2,"",.0,"9",.0,"9",.0,"9",.0,"9",.0,"9",.0,"9",.0,"9",.0,"9",.3,"",.0,"9",0,"",1,"","R",0,"9",0,"9",0,"8"
"352150300","GORZÓW WIELKOPOLSKI","2018","05","12",22.8,"",13.7,"",18.1,"",13.7,"",.0,"9","",0,"9",.0,"9",9.2,"",.0,"9",.0,"9",.0,"9",.0,"9",.0,"9",6.3,"",.0,"9",.0,"9",.0,"9",.0,"9",.0,"9",.0,"9",.0,"9",.0,"9",5.0,"",.0,"9",0,"",0,"","R",0,"9",0,"9",0,"8"
"352150300","GORZÓW WIELKOPOLSKI","2018","05","13",24.9,"",14.1,"",19.8,"",13.4,"",.0,"9","",0,"9",.0,"9",14.6,"",.0,"9",.0,"9",.0,"9",.0,"9",.0,"9",.0,"9",.0,"9",.0,"9",.0,"9",.0,"9",.0,"9",.0,"9",.0,"9",.0,"9",7.0,"",.0,"9",0,"",0,"","R",0,"9",0,"9",0,"8"
"352150300","GORZÓW WIELKOPOLSKI","2018","05","14",22.1,"",14.2,"",18.1,"",13.2,"",.0,"9","",0,"9",.0,"9",13.7,"",.0,"9",.0,"9",.0,"9",.0,"9",.0,"9",.0,"9",.0,"9",.0,"9",.0,"9",.0,"9",.0,"9",.0,"9",.0,"9",.0,"9",.0,"9",.0,"9",0,"",0,"","R",0,"9",0,"9",0,"8"
"352150300","GORZÓW WIELKOPOLSKI","2018","05","15",20.0,"",11.0,"",15.4,"",9.5,"",.0,"","W",0,"9",.0,"9",7.5,"",.3,"",.0,"9",.0,"9",.0,"9",.0,"9",.0,"9",.0,"9",.0,"9",.0,"9",.0,"9",.0,"9",.0,"9",.0,"9",.0,"9",1.0,"",.0,"9",0,"",0,"","R",0,"9",0,"9",0,"8"
"352150300","GORZÓW WIELKOPOLSKI","2018","05","16",20.7,"",12.1,"",16.8,"",10.3,"",.0,"9","",0,"9",.0,"9",2.0,"",.1,"",.0,"9",.0,"9",.0,"9",.0,"9",.0,"9",.0,"9",.0,"9",.0,"9",.0,"9",.0,"9",.0,"9",.0,"9",.0,"9",.0,"9",.0,"9",0,"",0,"","R",0,"9",0,"9",0,"8"
"352150300","GORZÓW WIELKOPOLSKI","2018","05","17",21.9,"",11.5,"",16.3,"",11.2,"",1.0,"","W",0,"9",.0,"9",2.1,"",.2,"",.0,"9",.0,"9",.0,"9",.0,"9",.0,"9",.0,"9",.0,"9",.0,"9",.0,"9",.0,"9",.0,"9",.0,"9",.0,"9",.0,"9",.0,"9",0,"",0,"","R",0,"9",0,"9",0,"8"
"352150300","GORZÓW WIELKOPOLSKI","2018","05","18",18.7,"",11.6,"",13.7,"",10.5,"",.0,"9","",0,"9",.0,"9",3.0,"",.3,"",.0,"9",.0,"9",.0,"9",.0,"9",13.4,"",.0,"9",.0,"9",.0,"9",.0,"9",.0,"9",.0,"9",.0,"9",.0,"9",3.0,"",.0,"9",0,"",0,"","R",0,"9",0,"9",0,"8"
"352150300","GORZÓW WIELKOPOLSKI","2018","05","19",20.5,"",6.9,"",14.2,"",6.0,"",.0,"9","",0,"9",.0,"9",15.2,"",.0,"9",.0,"9",.0,"9",.0,"9",.0,"9",.0,"9",.0,"9",.0,"9",.0,"9",.0,"9",.0,"9",.0,"9",.0,"9",.0,"9",.0,"9",.0,"9",0,"",0,"","R",0,"9",0,"9",0,"8"
"352150300","GORZÓW WIELKOPOLSKI","2018","05","20",21.4,"",5.9,"",14.8,"",3.5,"",.0,"9","",0,"9",.0,"9",15.3,"",.0,"9",.0,"9",.0,"9",.0,"9",.0,"9",.0,"9",.0,"9",.0,"9",.0,"9",.0,"9",.0,"9",.0,"9",.0,"9",.0,"9",.0,"9",.0,"9",0,"",0,"","R",0,"9",0,"9",0,"8"
"352150300","GORZÓW WIELKOPOLSKI","2018","05","21",22.9,"",10.5,"",16.9,"",6.8,"",.0,"9","",0,"9",.0,"9",14.3,"",.0,"9",.0,"9",.0,"9",.0,"9",.0,"9",.0,"9",.0,"9",.0,"9",.0,"9",.0,"9",.0,"9",.0,"9",.0,"9",.0,"9",.0,"9",.0,"9",0,"",0,"","R",0,"9",0,"9",0,"8"
"352150300","GORZÓW WIELKOPOLSKI","2018","05","22",22.9,"",9.3,"",17.4,"",7.1,"",.0,"9","",0,"9",.0,"9",12.6,"",.0,"9",.0,"9",.0,"9",.0,"9",.0,"9",.0,"9",.0,"9",.0,"9",.0,"9",.0,"9",.0,"9",.0,"9",.0,"9",.0,"9",.0,"9",.0,"9",0,"",0,"","R",0,"9",0,"9",0,"8"
"352150300","GORZÓW WIELKOPOLSKI","2018","05","23",24.8,"",10.2,"",18.6,"",7.3,"",.0,"9","",0,"9",.0,"9",14.2,"",.0,"9",.0,"9",.0,"9",.0,"9",.0,"9",.0,"9",.0,"9",.0,"9",.0,"9",.0,"9",.0,"9",.0,"9",.0,"9",.0,"9",.0,"9",.0,"9",0,"",0,"","R",0,"9",0,"9",0,"8"
"352150300","GORZÓW WIELKOPOLSKI","2018","05","24",24.3,"",12.7,"",19.1,"",11.7,"",.0,"9","",0,"9",.0,"9",14.7,"",.0,"9",.0,"9",.0,"9",.0,"9",.0,"9",.0,"9",.0,"9",.0,"9",.0,"9",.0,"9",.0,"9",.0,"9",.0,"9",.0,"9",.0,"9",.0,"9",0,"",0,"","R",0,"9",0,"9",0,"8"
"352150300","GORZÓW WIELKOPOLSKI","2018","05","25",25.9,"",13.5,"",19.8,"",12.3,"",.0,"","W",0,"9",.0,"9",11.6,"",.1,"",.0,"9",.0,"9",.0,"9",.0,"9",.0,"9",.0,"9",.0,"9",.0,"9",.0,"9",.0,"9",.0,"9",.0,"9",.0,"9",.0,"9",.0,"9",0,"",0,"","R",0,"9",0,"9",0,"8"
"352150300","GORZÓW WIELKOPOLSKI","2018","05","26",26.2,"",11.6,"",19.3,"",10.0,"",1.5,"","W",0,"9",.0,"9",11.9,"",.0,"",.0,"9",.0,"9",.0,"9",.0,"9",.0,"9",.0,"9",.0,"9",.0,"9",.0,"9",.0,"9",.0,"9",.0,"9",.0,"",2.0,"",.0,"9",0,"",0,"","R",0,"9",0,"9",0,"8"
"352150300","GORZÓW WIELKOPOLSKI","2018","05","27",27.4,"",15.4,"",20.8,"",14.4,"",.0,"9","",0,"9",.0,"9",5.8,"",1.0,"",.0,"9",.0,"9",.0,"9",.0,"9",.0,"9",.0,"9",.0,"9",.0,"9",.0,"9",.0,"9",.0,"9",.0,"9",3.0,"",.0,"9",.0,"9",0,"",0,"","R",0,"9",0,"9",0,"8"
"352150300","GORZÓW WIELKOPOLSKI","2018","05","28",30.1,"",16.8,"",23.7,"",15.6,"",.0,"9","",0,"9",.0,"9",14.5,"",.0,"9",.0,"9",.0,"9",.0,"9",.0,"9",.0,"9",.0,"9",.0,"9",.0,"9",.0,"9",.0,"9",.0,"9",.0,"9",.0,"9",.0,"9",.0,"9",0,"",0,"","R",0,"9",0,"9",0,"8"
"352150300","GORZÓW WIELKOPOLSKI","2018","05","29",29.3,"",16.7,"",23.5,"",15.1,"",.0,"9","",0,"9",.0,"9",15.6,"",.0,"9",.0,"9",.0,"9",.0,"9",.0,"9",.0,"9",.0,"9",.0,"9",.0,"9",.0,"9",.0,"9",.0,"9",.0,"9",.0,"9",.0,"9",.0,"9",0,"",0,"","R",0,"9",0,"9",0,"8"
"352150300","GORZÓW WIELKOPOLSKI","2018","05","30",28.8,"",16.0,"",21.7,"",10.8,"",36.7,"","W",0,"9",.0,"9",10.8,"",2.0,"",.0,"9",.0,"9",.2,"",.0,"9",.0,"9",.0,"9",.0,"9",.0,"9",.0,"9",.0,"9",.0,"9",.0,"9",2.2,"",.0,"9",.0,"9",0,"",0,"","R",0,"9",0,"9",0,"8"
"352150300","GORZÓW WIELKOPOLSKI","2018","05","31",30.3,"",17.7,"",24.2,"",16.1,"",.0,"9","",0,"9",.0,"9",13.1,"",.0,"9",.0,"9",.0,"9",.0,"9",.0,"9",.0,"9",.0,"9",.0,"9",.0,"9",.0,"9",.0,"9",.0,"9",.0,"9",.0,"9",.0,"9",.0,"9",0,"",0,"","R",0,"9",0,"9",0,"8"
"352150300","GORZÓW WIELKOPOLSKI","2018","06","01",29.9,"",18.1,"",22.6,"",17.0,"",.0,"","W",0,"9",.0,"9",8.5,"",.3,"",.0,"9",.0,"9",.0,"9",.0,"9",.0,"9",.0,"9",.0,"9",.0,"9",.0,"9",.0,"9",.0,"9",.0,"9",4.0,"",.0,"9",.0,"9",0,"",0,"","R",0,"9",0,"9",0,"8"
"352150300","GORZÓW WIELKOPOLSKI","2018","06","02",25.1,"",16.6,"",20.6,"",15.6,"",3.0,"","W",0,"9",.0,"9",2.9,"",1.9,"",.0,"9",.0,"9",.0,"9",.0,"9",7.4,"",.0,"9",.0,"9",.0,"9",.0,"9",.0,"9",.0,"9",.0,"9",2.1,"",.0,"9",.0,"9",0,"",0,"","R",0,"9",0,"9",0,"8"
"352150300","GORZÓW WIELKOPOLSKI","2018","06","03",26.9,"",17.3,"",21.8,"",16.5,"",.0,"9","",0,"9",.0,"9",10.7,"",.0,"9",.0,"9",.0,"9",.0,"9",.0,"9",6.6,"",.0,"9",.0,"9",.0,"9",.0,"9",.0,"9",.0,"9",.0,"9",2.8,"",.0,"9",.0,"9",0,"",0,"","R",0,"9",0,"9",0,"8"
"352150300","GORZÓW WIELKOPOLSKI","2018","06","04",26.1,"",16.7,"",21.3,"",15.1,"",.0,"9","",0,"9",.0,"9",12.6,"",.0,"9",.0,"9",.0,"9",.0,"9",.0,"9",3.3,"",.0,"9",.0,"9",.0,"9",.0,"9",.0,"9",.0,"9",.0,"9",.0,"9",6.0,"",.0,"9",0,"",0,"","R",0,"9",0,"9",0,"8"
"352150300","GORZÓW WIELKOPOLSKI","2018","06","05",23.7,"",15.0,"",17.9,"",14.2,"",.0,"9","",0,"9",.0,"9",7.0,"",.0,"9",.0,"9",.0,"9",.0,"9",.0,"9",6.3,"",.0,"9",.0,"9",.0,"9",.0,"9",.0,"9",.0,"9",.0,"9",.0,"9",8.0,"",.0,"9",0,"",0,"","R",0,"9",0,"9",0,"8"
"352150300","GORZÓW WIELKOPOLSKI","2018","06","06",21.0,"",9.1,"",15.6,"",8.4,"",.0,"9","",0,"9",.0,"9",16.2,"",.0,"9",.0,"9",.0,"9",.0,"9",.0,"9",.0,"9",.0,"9",.0,"9",.0,"9",.0,"9",.0,"9",.0,"9",.0,"9",.0,"9",.0,"9",.0,"9",0,"",0,"","R",0,"9",0,"9",0,"8"
"352150300","GORZÓW WIELKOPOLSKI","2018","06","07",24.4,"",9.2,"",17.6,"",8.1,"",.0,"9","",0,"9",.0,"9",16.1,"",.0,"9",.0,"9",.0,"9",.0,"9",.0,"9",.0,"9",.0,"9",.0,"9",.0,"9",.0,"9",.0,"9",.0,"9",.0,"9",.0,"9",.0,"9",.0,"9",0,"",0,"","R",0,"9",0,"9",0,"8"
"352150300","GORZÓW WIELKOPOLSKI","2018","06","08",29.4,"",11.2,"",21.9,"",9.0,"",.0,"9","",0,"9",.0,"9",15.1,"",.0,"9",.0,"9",.0,"9",.0,"9",.0,"9",.0,"9",.0,"9",.0,"9",.0,"9",.0,"9",.0,"9",.0,"9",.0,"9",.0,"9",.0,"9",.0,"9",0,"",0,"","R",0,"9",0,"9",0,"8"
"352150300","GORZÓW WIELKOPOLSKI","2018","06","09",29.9,"",15.0,"",24.2,"",13.0,"",.0,"","W",0,"9",.0,"9",14.0,"",.0,"9",.0,"9",.0,"9",.0,"9",.0,"9",.0,"9",.0,"9",.0,"9",.0,"9",.0,"9",.0,"9",.0,"9",.0,"9",.0,"9",.0,"9",.0,"9",0,"",0,"","R",0,"9",0,"9",0,"8"
"352150300","GORZÓW WIELKOPOLSKI","2018","06","10",29.6,"",18.2,"",22.0,"",18.0,"",5.7,"","W",0,"9",.0,"9",5.8,"",3.8,"",.0,"9",.0,"9",.0,"9",.0,"9",6.2,"",.0,"9",.0,"9",.0,"9",.0,"9",.0,"9",.0,"9",.0,"9",2.0,"",.0,"9",.0,"9",0,"",0,"","R",0,"9",0,"9",0,"8"
"352150300","GORZÓW WIELKOPOLSKI","2018","06","11",24.6,"",17.1,"",19.9,"",15.9,"",.0,"9","",0,"9",.0,"9",8.9,"",.0,"9",.0,"9",.0,"9",.0,"9",.0,"9",7.8,"",.0,"9",.0,"9",.0,"9",.0,"9",.0,"9",.0,"9",.0,"9",.0,"9",.0,"9",.0,"9",0,"",0,"","R",0,"9",0,"9",0,"8"
"352150300","GORZÓW WIELKOPOLSKI","2018","06","12",21.8,"",13.2,"",15.9,"",11.2,"",.0,"9","",0,"9",.0,"9",13.5,"",.0,"9",.0,"9",.0,"9",.0,"9",.0,"9",.0,"9",.0,"9",.0,"9",.0,"9",.0,"9",.0,"9",.0,"9",.0,"9",.0,"9",6.0,"",.0,"9",0,"",0,"","R",0,"9",0,"9",0,"8"
"352150300","GORZÓW WIELKOPOLSKI","2018","06","13",19.1,"",11.1,"",15.1,"",9.6,"",.0,"9","",0,"9",.0,"9",2.4,"",.0,"9",.0,"9",.0,"9",.0,"9",.0,"9",3.0,"",.0,"9",.0,"9",.0,"9",.0,"9",.0,"9",.0,"9",.0,"9",.0,"9",2.0,"",.0,"9",0,"",0,"","R",0,"9",0,"9",0,"8"
"352150300","GORZÓW WIELKOPOLSKI","2018","06","14",21.4,"",13.2,"",17.1,"",13.3,"",.0,"9","",0,"9",.0,"9",10.1,"",.0,"9",.0,"9",.0,"9",.0,"9",.0,"9",.0,"9",.0,"9",.0,"9",.0,"9",.0,"9",.0,"9",.0,"9",.0,"9",.0,"9",.0,"9",.0,"9",0,"",0,"","R",0,"9",0,"9",0,"8"
"352150300","GORZÓW WIELKOPOLSKI","2018","06","15",22.1,"",11.3,"",17.8,"",8.6,"",.0,"9","",0,"9",.0,"9",3.1,"",.0,"9",.0,"9",.0,"9",.0,"9",.0,"9",.0,"9",.0,"9",.0,"9",.0,"9",.0,"9",.0,"9",.0,"9",.0,"9",.0,"9",4.0,"",.0,"9",0,"",0,"","R",0,"9",0,"9",0,"8"
"352150300","GORZÓW WIELKOPOLSKI","2018","06","16",26.1,"",16.0,"",20.9,"",15.4,"",.0,"9","",0,"9",.0,"9",6.3,"",.0,"9",.0,"9",.0,"9",.0,"9",.0,"9",.0,"9",.0,"9",.0,"9",.0,"9",.0,"9",.0,"9",.0,"9",.0,"9",.0,"9",.0,"9",.0,"9",0,"",0,"","R",0,"9",0,"9",0,"8"
"352150300","GORZÓW WIELKOPOLSKI","2018","06","17",28.2,"",17.5,"",22.0,"",15.3,"",.0,"9","",0,"9",.0,"9",4.7,"",.0,"9",.0,"9",.0,"9",.0,"9",.0,"9",.0,"9",.0,"9",.0,"9",.0,"9",.0,"9",.0,"9",.0,"9",.0,"9",1.3,"",.0,"9",.0,"9",0,"",0,"","R",0,"9",0,"9",0,"8"
"352150300","GORZÓW WIELKOPOLSKI","2018","06","18",24.3,"",16.2,"",20.4,"",15.4,"",.0,"9","",0,"9",.0,"9",7.9,"",.0,"9",.0,"9",.0,"9",.0,"9",.0,"9",.0,"9",.0,"9",.0,"9",.0,"9",.0,"9",.0,"9",.0,"9",.0,"9",.0,"9",7.0,"",.0,"9",0,"",0,"","R",0,"9",0,"9",0,"8"
"352150300","GORZÓW WIELKOPOLSKI","2018","06","19",23.8,"",16.7,"",20.7,"",14.1,"",.0,"","W",0,"9",.0,"9",4.6,"",.3,"",.0,"9",.0,"9",.0,"9",.0,"9",.0,"9",.0,"9",.0,"9",.0,"9",.0,"9",.0,"9",.0,"9",.0,"9",.0,"9",.0,"9",.0,"9",0,"",0,"","R",0,"9",0,"9",0,"8"
"352150300","GORZÓW WIELKOPOLSKI","2018","06","20",26.9,"",15.9,"",21.6,"",14.4,"",.0,"9","",0,"9",.0,"9",9.1,"",.0,"9",.0,"9",.0,"9",.0,"9",.0,"9",.0,"9",.0,"9",.0,"9",.0,"9",.0,"9",.0,"9",.0,"9",.0,"9",.0,"9",.0,"9",.0,"9",0,"",0,"","R",0,"9",0,"9",0,"8"
"352150300","GORZÓW WIELKOPOLSKI","2018","06","21",28.5,"",12.7,"",19.1,"",13.1,"",.3,"","W",0,"9",.0,"9",7.9,"",1.4,"",.0,"9",.0,"9",.0,"9",.0,"9",.0,"9",.0,"9",.0,"9",.0,"9",.0,"9",.0,"9",.0,"9",.0,"9",.0,"9",5.0,"",.0,"9",0,"",0,"","R",0,"9",0,"9",0,"8"
"352150300","GORZÓW WIELKOPOLSKI","2018","06","22",18.3,"",9.0,"",13.0,"",7.8,"",.7,"","W",0,"9",.0,"9",4.5,"",.6,"",.0,"9",.0,"9",.0,"9",.0,"9",.0,"9",.0,"9",.0,"9",.0,"9",.0,"9",.0,"9",.0,"9",.0,"9",.0,"9",.0,"9",.0,"9",0,"",0,"","R",0,"9",0,"9",0,"8"
"352150300","GORZÓW WIELKOPOLSKI","2018","06","23",17.9,"",11.6,"",14.4,"",10.1,"",.0,"","W",0,"9",.0,"9",1.2,"",.2,"",.0,"9",.0,"9",.0,"9",.0,"9",.0,"9",.0,"9",.0,"9",.0,"9",.0,"9",.0,"9",.0,"9",.0,"9",.0,"9",.0,"9",.0,"9",0,"",0,"","R",0,"9",0,"9",0,"8"
"352150300","GORZÓW WIELKOPOLSKI","2018","06","24",18.9,"",11.7,"",15.0,"",10.5,"",.3,"","W",0,"9",.0,"9",2.2,"",.7,"",.0,"9",.0,"9",.0,"9",.0,"9",.0,"9",.0,"9",.0,"9",.0,"9",.0,"9",.0,"9",.0,"9",.0,"9",.0,"9",.0,"9",.0,"9",0,"",0,"","R",0,"9",0,"9",0,"8"
"352150300","GORZÓW WIELKOPOLSKI","2018","06","25",22.4,"",11.0,"",16.6,"",9.6,"",.1,"","W",0,"9",.0,"9",6.7,"",.4,"",.0,"9",.0,"9",.0,"9",2.0,"",2.3,"",.0,"9",.0,"9",.0,"9",.0,"9",.0,"9",.0,"9",.0,"9",.0,"9",.0,"9",.0,"9",0,"",0,"","R",0,"9",0,"9",0,"8"
"352150300","GORZÓW WIELKOPOLSKI","2018","06","26",23.4,"",13.2,"",17.7,"",12.7,"",.0,"","W",0,"9",.0,"9",7.4,"",.1,"",.0,"9",.0,"9",.0,"9",.0,"9",.0,"9",.0,"9",.0,"9",.0,"9",.0,"9",.0,"9",.0,"9",.0,"9",.0,"9",.0,"9",.0,"9",0,"",0,"","R",0,"9",0,"9",0,"8"
"352150300","GORZÓW WIELKOPOLSKI","2018","06","27",24.9,"",11.5,"",18.8,"",10.6,"",.0,"9","",0,"9",.0,"9",10.7,"",.0,"9",.0,"9",.0,"9",.0,"9",.0,"9",.0,"9",.0,"9",.0,"9",.0,"9",.0,"9",.0,"9",.0,"9",.0,"9",.0,"9",.0,"9",.0,"9",0,"",0,"","R",0,"9",0,"9",0,"8"
"352150300","GORZÓW WIELKOPOLSKI","2018","06","28",27.7,"",15.2,"",22.0,"",13.7,"",.0,"9","",0,"9",.0,"9",9.4,"",.0,"9",.0,"9",.0,"9",.0,"9",.0,"9",.0,"9",.0,"9",.0,"9",.0,"9",.0,"9",.0,"9",.0,"9",.0,"9",.0,"9",.0,"9",.0,"9",0,"",0,"","R",0,"9",0,"9",0,"8"
"352150300","GORZÓW WIELKOPOLSKI","2018","06","29",27.9,"",15.7,"",21.1,"",14.4,"",.0,"9","",0,"9",.0,"9",13.9,"",.0,"9",.0,"9",.0,"9",.0,"9",.0,"9",.0,"9",.0,"9",.0,"9",.0,"9",.0,"9",.0,"9",.0,"9",.0,"9",.0,"9",.0,"9",.0,"9",0,"",0,"","R",0,"9",0,"9",0,"8"
"352150300","GORZÓW WIELKOPOLSKI","2018","06","30",21.3,"",10.0,"",15.6,"",8.1,"",.0,"9","",0,"9",.0,"9",11.1,"",.0,"9",.0,"9",.0,"9",.0,"9",.0,"9",.0,"9",.0,"9",.0,"9",.0,"9",.0,"9",.0,"9",.0,"9",.0,"9",.0,"9",.0,"9",.0,"9",0,"",0,"","R",0,"9",0,"9",0,"8"
"352150300","GORZÓW WIELKOPOLSKI","2018","07","01",20.4,"",9.1,"",15.0,"",7.1,"",.0,"9","",0,"9",.0,"9",10.6,"",.0,"9",.0,"9",.0,"9",.0,"9",.0,"9",.0,"9",.0,"9",.0,"9",.0,"9",.0,"9",.0,"9",.0,"9",.0,"9",.0,"9",.0,"9",.0,"9",0,"",0,"","R",0,"9",0,"9",0,"8"
"352150300","GORZÓW WIELKOPOLSKI","2018","07","02",23.2,"",8.7,"",16.7,"",7.4,"",.0,"9","",0,"9",.0,"9",10.9,"",.0,"9",.0,"9",.0,"9",.0,"9",.0,"9",.0,"9",.0,"9",.0,"9",.0,"9",.0,"9",.0,"9",.0,"9",.0,"9",.0,"9",.0,"9",.0,"9",0,"",0,"","R",0,"9",0,"9",0,"8"
"352150300","GORZÓW WIELKOPOLSKI","2018","07","03",26.4,"",9.7,"",19.5,"",6.8,"",.0,"9","",0,"9",.0,"9",14.8,"",.0,"9",.0,"9",.0,"9",.0,"9",.0,"9",.0,"9",.0,"9",.0,"9",.0,"9",.0,"9",.0,"9",.0,"9",.0,"9",.0,"9",.0,"9",.0,"9",0,"",0,"","R",0,"9",0,"9",0,"8"
"352150300","GORZÓW WIELKOPOLSKI","2018","07","04",29.7,"",12.8,"",22.3,"",9.7,"",.0,"9","",0,"9",.0,"9",16.0,"",.0,"9",.0,"9",.0,"9",.0,"9",.0,"9",.0,"9",.0,"9",.0,"9",.0,"9",.0,"9",.0,"9",.0,"9",.0,"9",.0,"9",.0,"9",.0,"9",0,"",0,"","R",0,"9",0,"9",0,"8"
"352150300","GORZÓW WIELKOPOLSKI","2018","07","05",30.7,"",15.0,"",22.8,"",11.5,"",.2,"","W",0,"9",.0,"9",12.0,"",.6,"",.0,"9",.0,"9",.0,"9",.0,"9",.0,"9",.0,"9",.0,"9",.0,"9",.0,"9",.0,"9",.0,"9",.0,"9",2.4,"",.0,"9",.0,"9",0,"",0,"","R",0,"9",0,"9",0,"8"
"352150300","GORZÓW WIELKOPOLSKI","2018","07","06",24.7,"",15.7,"",18.9,"",12.6,"",.0,"9","",0,"9",.0,"9",4.6,"",.0,"9",.0,"9",.0,"9",.0,"9",.0,"9",.0,"9",.0,"9",.0,"9",.0,"9",.0,"9",.0,"9",.0,"9",.0,"9",.0,"9",.0,"9",.0,"9",0,"",0,"","R",0,"9",0,"9",0,"8"
"352150300","GORZÓW WIELKOPOLSKI","2018","07","07",25.0,"",12.9,"",18.8,"",11.5,"",.0,"9","",0,"9",.0,"9",13.0,"",.0,"9",.0,"9",.0,"9",.0,"9",.0,"9",.0,"9",.0,"9",.0,"9",.0,"9",.0,"9",.0,"9",.0,"9",.0,"9",.0,"9",.0,"9",.0,"9",0,"",0,"","R",0,"9",0,"9",0,"8"
"352150300","GORZÓW WIELKOPOLSKI","2018","07","08",26.3,"",15.6,"",20.9,"",13.7,"",.0,"9","",0,"9",.0,"9",9.7,"",.0,"9",.0,"9",.0,"9",.0,"9",.0,"9",.0,"9",.0,"9",.0,"9",.0,"9",.0,"9",.0,"9",.0,"9",.0,"9",.0,"9",.0,"9",.0,"9",0,"",0,"","R",0,"9",0,"9",0,"8"
"352150300","GORZÓW WIELKOPOLSKI","2018","07","09",26.1,"",15.8,"",20.5,"",13.8,"",.0,"","W",0,"9",.0,"9",11.4,"",.0,"9",.0,"9",.0,"9",.0,"9",.0,"9",.0,"9",.0,"9",.0,"9",.0,"9",.0,"9",.0,"9",.0,"9",.0,"9",.0,"9",.0,"9",.0,"9",0,"",0,"","R",0,"9",0,"9",0,"8"
"352150300","GORZÓW WIELKOPOLSKI","2018","07","10",21.3,"",14.5,"",16.0,"",14.2,"",15.7,"","W",0,"9",.0,"9",.4,"",9.8,"",.0,"9",.0,"9",.0,"9",.0,"9",2.7,"",.0,"9",.0,"9",.0,"9",.0,"9",.0,"9",.0,"9",.0,"9",.0,"9",.0,"9",.0,"9",0,"",0,"","R",0,"9",0,"9",0,"8"
"352150300","GORZÓW WIELKOPOLSKI","2018","07","11",20.1,"",14.6,"",16.7,"",14.8,"",16.0,"","W",0,"9",.0,"9",1.2,"",9.6,"",.0,"9",.0,"9",.0,"9",6.8,"",8.6,"",.0,"9",.0,"9",.0,"9",.0,"9",.0,"9",.0,"9",.0,"9",.1,"",.0,"9",.0,"9",0,"",0,"","R",0,"9",0,"9",0,"8"
"352150300","GORZÓW WIELKOPOLSKI","2018","07","12",20.4,"",15.0,"",17.2,"",15.0,"",.0,"9","",0,"9",.0,"9",.2,"",5.2,"",.0,"9",.0,"9",.0,"9",.0,"9",5.8,"",.0,"9",.0,"9",.0,"9",.0,"9",.0,"9",.0,"9",.0,"9",.0,"9",.0,"9",.0,"9",0,"",0,"","R",0,"9",0,"9",0,"8"
"352150300","GORZÓW WIELKOPOLSKI","2018","07","13",25.6,"",16.7,"",20.4,"",15.8,"",1.3,"","W",0,"9",.0,"9",5.7,"",.3,"",.0,"9",.0,"9",.0,"9",.0,"9",.0,"9",.0,"9",.0,"9",.0,"9",.0,"9",.0,"9",.0,"9",.0,"9",.8,"",2.0,"",.0,"9",0,"",0,"","R",0,"9",0,"9",0,"8"
"352150300","GORZÓW WIELKOPOLSKI","2018","07","14",25.0,"",16.2,"",20.3,"",15.0,"",.0,"9","",0,"9",.0,"9",13.8,"",.0,"9",.0,"9",.0,"9",.0,"9",.0,"9",.0,"9",.0,"9",.0,"9",.0,"9",.0,"9",.0,"9",.0,"9",.0,"9",.0,"9",7.0,"",.0,"9",0,"",0,"","R",0,"9",0,"9",0,"8"
"352150300","GORZÓW WIELKOPOLSKI","2018","07","15",25.1,"",13.5,"",19.3,"",12.1,"",.0,"9","",0,"9",.0,"9",14.5,"",.0,"9",.0,"9",.0,"9",.0,"9",.0,"9",.0,"9",.0,"9",.0,"9",.0,"9",.0,"9",.0,"9",.0,"9",.0,"9",.0,"9",7.0,"",.0,"9",0,"",0,"","R",0,"9",0,"9",0,"8"
"352150300","GORZÓW WIELKOPOLSKI","2018","07","16",28.3,"",14.0,"",20.7,"",13.1,"",.7,"","W",0,"9",.0,"9",11.2,"",2.7,"",.0,"9",.0,"9",.0,"9",.0,"9",.0,"9",.0,"9",.0,"9",.0,"9",.0,"9",.0,"9",.0,"9",.0,"9",.7,"",6.0,"",.0,"9",0,"",0,"","R",0,"9",0,"9",0,"8"
"352150300","GORZÓW WIELKOPOLSKI","2018","07","17",23.2,"",17.3,"",19.7,"",16.6,"",11.3,"","W",0,"9",.0,"9",.9,"",6.6,"",.0,"9",.0,"9",.0,"9",.0,"9",.0,"9",.0,"9",.0,"9",.0,"9",.0,"9",.0,"9",.0,"9",.0,"9",.4,"",.0,"9",.0,"9",0,"",0,"","R",0,"9",0,"9",0,"8"
"352150300","GORZÓW WIELKOPOLSKI","2018","07","18",20.8,"",17.9,"",19.2,"",17.5,"",2.9,"","W",0,"9",.0,"9",.0,"9",13.0,"",.0,"9",.0,"9",.0,"9",.0,"9",.0,"9",.0,"9",.0,"9",.0,"9",.0,"9",.0,"9",.0,"9",.0,"9",.0,"9",.0,"9",.0,"9",0,"",0,"","R",0,"9",0,"9",0,"8"
"352150300","GORZÓW WIELKOPOLSKI","2018","07","19",21.2,"",16.9,"",18.9,"",16.7,"",3.5,"","W",0,"9",.0,"9",.8,"",7.1,"",.0,"9",.0,"9",.0,"9",.0,"9",11.0,"",.0,"9",.0,"9",.0,"9",.0,"9",.0,"9",.0,"9",.0,"9",.0,"9",1.0,"",.0,"9",0,"",0,"","R",0,"9",0,"9",0,"8"
"352150300","GORZÓW WIELKOPOLSKI","2018","07","20",25.5,"",14.8,"",20.6,"",13.1,"",.0,"9","",0,"9",.0,"9",14.6,"",.0,"9",.0,"9",.0,"9",.0,"9",.0,"9",.0,"9",.0,"9",.0,"9",.0,"9",.0,"9",.0,"9",.0,"9",.0,"9",.0,"9",5.0,"",.0,"9",0,"",0,"","R",0,"9",0,"9",0,"8"
"352150300","GORZÓW WIELKOPOLSKI","2018","07","21",25.4,"",13.1,"",20.2,"",11.2,"",.0,"9","",0,"9",.0,"9",14.8,"",.0,"9",.0,"9",.0,"9",.0,"9",.0,"9",.0,"9",.0,"9",.0,"9",.0,"9",.0,"9",.0,"9",.0,"9",.0,"9",.0,"9",10.0,"",.0,"9",0,"",0,"","R",0,"9",0,"9",0,"8"
"352150300","GORZÓW WIELKOPOLSKI","2018","07","22",26.5,"",13.6,"",20.8,"",11.6,"",.0,"9","",0,"9",.0,"9",9.7,"",.0,"9",.0,"9",.0,"9",.0,"9",.0,"9",.0,"9",.0,"9",.0,"9",.0,"9",.0,"9",.0,"9",.0,"9",.0,"9",.0,"9",7.0,"",.0,"9",0,"",0,"","R",0,"9",0,"9",0,"8"
"352150300","GORZÓW WIELKOPOLSKI","2018","07","23",28.1,"",15.9,"",22.8,"",13.9,"",.0,"9","",0,"9",.0,"9",13.2,"",.0,"9",.0,"9",.0,"9",.0,"9",.0,"9",.0,"9",.0,"9",.0,"9",.0,"9",.0,"9",.0,"9",.0,"9",.0,"9",.0,"9",7.0,"",.0,"9",0,"",0,"","R",0,"9",0,"9",0,"8"
"352150300","GORZÓW WIELKOPOLSKI","2018","07","24",27.9,"",16.8,"",22.9,"",14.4,"",.0,"9","",0,"9",.0,"9",13.3,"",.0,"9",.0,"9",.0,"9",.0,"9",.0,"9",.0,"9",.0,"9",.0,"9",.0,"9",.0,"9",.0,"9",.0,"9",.0,"9",.0,"9",10.0,"",.0,"9",0,"",0,"","R",0,"9",0,"9",0,"8"
"352150300","GORZÓW WIELKOPOLSKI","2018","07","25",29.7,"",17.0,"",23.6,"",15.8,"",.0,"9","",0,"9",.0,"9",13.7,"",.0,"9",.0,"9",.0,"9",.0,"9",.0,"9",.0,"9",.0,"9",.0,"9",.0,"9",.0,"9",.0,"9",.0,"9",.0,"9",.0,"",7.0,"",.0,"9",0,"",0,"","R",0,"9",0,"9",0,"8"
"352150300","GORZÓW WIELKOPOLSKI","2018","07","26",30.6,"",16.9,"",24.7,"",15.2,"",.0,"9","",0,"9",.0,"9",14.0,"",.0,"9",.0,"9",.0,"9",.0,"9",.0,"9",.0,"9",.0,"9",.0,"9",.0,"9",.0,"9",.0,"9",.0,"9",.0,"9",.0,"9",6.0,"",.0,"9",0,"",0,"","R",0,"9",0,"9",0,"8"
"352150300","GORZÓW WIELKOPOLSKI","2018","07","27",31.3,"",19.0,"",24.7,"",18.3,"",1.8,"","W",0,"9",.0,"9",10.0,"",.5,"",.0,"9",.0,"9",.0,"9",.0,"9",.0,"9",.0,"9",.0,"9",.0,"9",.0,"9",.0,"9",.0,"9",.0,"9",.7,"",2.0,"",.0,"9",0,"",0,"","R",0,"9",0,"9",0,"8"
"352150300","GORZÓW WIELKOPOLSKI","2018","07","28",31.1,"",19.3,"",25.3,"",18.5,"",2.3,"","W",0,"9",.0,"9",11.4,"",2.3,"",.0,"9",.0,"9",.0,"9",.0,"9",.0,"9",.0,"9",.0,"9",.0,"9",.0,"9",.0,"9",.0,"9",.0,"9",2.7,"",.0,"9",.0,"9",0,"",0,"","R",0,"9",0,"9",0,"8"
"352150300","GORZÓW WIELKOPOLSKI","2018","07","29",27.6,"",19.3,"",22.7,"",18.7,"",.0,"9","",0,"9",.0,"9",7.9,"",.1,"",.0,"9",.0,"9",.0,"9",.0,"9",.0,"9",.0,"9",.0,"9",.0,"9",.0,"9",.0,"9",.0,"9",.0,"9",.0,"9",.0,"9",.0,"9",0,"",1,"","R",0,"9",0,"9",0,"8"
"352150300","GORZÓW WIELKOPOLSKI","2018","07","30",30.9,"",17.2,"",24.3,"",14.1,"",.0,"9","",0,"9",.0,"9",12.1,"",.0,"9",.0,"9",.0,"9",.0,"9",.0,"9",.0,"9",.0,"9",.0,"9",.0,"9",.0,"9",.0,"9",.0,"9",.0,"9",.0,"9",8.0,"",.0,"9",0,"",0,"","R",0,"9",0,"9",0,"8"
"352150300","GORZÓW WIELKOPOLSKI","2018","07","31",33.4,"",18.1,"",26.9,"",15.3,"",.0,"9","",0,"9",.0,"9",14.6,"",.0,"9",.0,"9",.0,"9",.0,"9",.0,"9",.0,"9",.0,"9",.0,"9",.0,"9",.0,"9",.0,"9",.0,"9",.0,"9",.0,"9",.0,"9",.0,"9",0,"",0,"","R",0,"9",0,"9",0,"8"
"352150300","GORZÓW WIELKOPOLSKI","2018","08","01",35.0,"",21.9,"",28.5,"",18.3,"",.0,"9","",0,"9",.0,"9",13.2,"",.0,"9",.0,"9",.0,"9",.0,"9",.0,"9",.0,"9",.0,"9",.0,"9",.0,"9",.0,"9",.0,"9",.0,"9",.0,"9",.0,"9",.0,"9",.0,"9",0,"",0,"","R",0,"9",0,"9",0,"8"
"352150300","GORZÓW WIELKOPOLSKI","2018","08","02",31.7,"",21.0,"",25.4,"",20.7,"",.0,"9","",0,"9",.0,"9",7.8,"",.0,"9",.0,"9",.0,"9",.0,"9",.0,"9",3.3,"",.0,"9",.0,"9",.0,"9",.0,"9",.0,"9",.0,"9",.0,"9",.0,"9",6.0,"",.0,"9",0,"",0,"","R",0,"9",0,"9",0,"8"
"352150300","GORZÓW WIELKOPOLSKI","2018","08","03",31.1,"",18.7,"",25.0,"",17.7,"",.0,"9","",0,"9",.0,"9",13.8,"",.0,"9",.0,"9",.0,"9",.0,"9",.0,"9",.0,"9",.0,"9",.0,"9",.0,"9",.0,"9",.0,"9",.0,"9",.0,"9",.0,"9",.0,"9",.0,"9",0,"",0,"","R",0,"9",0,"9",0,"8"
"352150300","GORZÓW WIELKOPOLSKI","2018","08","04",33.1,"",18.1,"",25.5,"",14.9,"",2.7,"","W",0,"9",.0,"9",11.8,"",.2,"",.0,"9",.0,"9",.0,"9",.0,"9",.0,"9",.0,"9",.0,"9",.0,"9",.0,"9",.0,"9",.0,"9",.0,"9",.6,"",.0,"9",.0,"9",0,"",0,"","R",0,"9",0,"9",0,"8"
"352150300","GORZÓW WIELKOPOLSKI","2018","08","05",26.7,"",19.0,"",21.8,"",18.2,"",.0,"9","",0,"9",.0,"9",12.2,"",.2,"",.0,"9",.0,"9",.0,"9",.0,"9",.0,"9",.0,"9",.0,"9",.0,"9",.0,"9",.0,"9",.0,"9",.0,"9",.0,"9",.0,"9",.0,"9",0,"",1,"","R",0,"9",0,"9",0,"8"
"352150300","GORZÓW WIELKOPOLSKI","2018","08","06",27.0,"",13.9,"",21.0,"",14.0,"",.0,"9","",0,"9",.0,"9",12.9,"",.0,"9",.0,"9",.0,"9",.0,"9",.0,"9",.0,"9",.0,"9",.0,"9",.0,"9",.0,"9",.0,"9",.0,"9",.0,"9",.0,"9",6.0,"",.0,"9",0,"",0,"","R",0,"9",0,"9",0,"8"
"352150300","GORZÓW WIELKOPOLSKI","2018","08","07",32.9,"",16.2,"",25.0,"",12.7,"",.0,"9","",0,"9",.0,"9",14.2,"",.0,"9",.0,"9",.0,"9",.0,"9",.0,"9",.0,"9",.0,"9",.0,"9",.0,"9",.0,"9",.0,"9",.0,"9",.0,"9",.0,"9",3.0,"",.0,"9",0,"",0,"","R",0,"9",0,"9",0,"8"
"352150300","GORZÓW WIELKOPOLSKI","2018","08","08",35.9,"",19.0,"",26.9,"",17.1,"",8.2,"","W",0,"9",.0,"9",11.0,"",.7,"",.0,"9",.0,"9",.0,"9",.0,"9",.0,"9",.0,"9",.0,"9",.0,"9",.0,"9",.0,"9",.0,"9",.0,"9",1.4,"",.0,"9",.0,"9",0,"",0,"","R",0,"9",0,"9",0,"8"
"352150300","GORZÓW WIELKOPOLSKI","2018","08","09",33.7,"",21.0,"",27.4,"",20.3,"",.0,"","W",0,"9",.0,"9",11.9,"",.1,"",.0,"9",.0,"9",.0,"9",.0,"9",.0,"9",.0,"9",.0,"9",.0,"9",.0,"9",.0,"9",.0,"9",.0,"9",1.4,"",.0,"9",.0,"9",0,"",0,"","R",0,"9",0,"9",0,"8"
"352150300","GORZÓW WIELKOPOLSKI","2018","08","10",30.1,"",19.6,"",21.4,"",19.8,"",.0,"","W",0,"9",.0,"9",2.7,"",.6,"",.0,"9",.0,"9",.0,"9",.0,"9",.0,"9",.0,"9",.0,"9",.0,"9",.0,"9",.0,"9",.0,"9",.0,"9",.0,"9",3.0,"",.0,"9",0,"",1,"","R",0,"9",0,"9",0,"8"
"352150300","GORZÓW WIELKOPOLSKI","2018","08","11",23.8,"",13.6,"",18.5,"",10.8,"",.0,"","W",0,"9",.0,"9",8.7,"",.4,"",.0,"9",.0,"9",.0,"9",.0,"9",.0,"9",.0,"9",.0,"9",.0,"9",.0,"9",.0,"9",.0,"9",.0,"9",.0,"9",7.0,"",.0,"9",0,"",0,"","R",0,"9",0,"9",0,"8"
"352150300","GORZÓW WIELKOPOLSKI","2018","08","12",25.5,"",10.1,"",18.8,"",9.0,"",.0,"9","",0,"9",.0,"9",13.3,"",.0,"9",.0,"9",.0,"9",.0,"9",.0,"9",.0,"9",.0,"9",.0,"9",.0,"9",.0,"9",.0,"9",.0,"9",.0,"9",.0,"9",3.0,"",.0,"9",0,"",0,"","R",0,"9",0,"9",0,"8"
"352150300","GORZÓW WIELKOPOLSKI","2018","08","13",32.4,"",13.8,"",23.9,"",10.0,"",.3,"","W",0,"9",.0,"9",11.1,"",.4,"",.0,"9",.0,"9",.0,"9",.0,"9",.0,"9",.0,"9",.0,"9",.0,"9",.0,"9",.0,"9",.0,"9",.0,"9",.0,"9",3.0,"",.0,"9",0,"",0,"","R",0,"9",0,"9",0,"8"
"352150300","GORZÓW WIELKOPOLSKI","2018","08","14",27.9,"",18.1,"",21.5,"",17.3,"",.0,"9","",0,"9",.0,"9",3.4,"",1.3,"",.0,"9",.0,"9",.0,"9",.0,"9",.0,"9",.0,"9",.0,"9",.0,"9",.0,"9",.0,"9",.0,"9",.0,"9",.0,"9",.0,"9",.0,"9",0,"",0,"","R",0,"9",0,"9",0,"8"
"352150300","GORZÓW WIELKOPOLSKI","2018","08","15",24.1,"",17.3,"",20.0,"",17.1,"",.0,"","W",0,"9",.0,"9",1.6,"",.8,"",.0,"9",.0,"9",.0,"9",.0,"9",.0,"9",.0,"9",.0,"9",.0,"9",.0,"9",.0,"9",.0,"9",.0,"9",.0,"9",2.0,"",.0,"9",0,"",0,"","R",0,"9",0,"9",0,"8"
"352150300","GORZÓW WIELKOPOLSKI","2018","08","16",28.2,"",14.8,"",21.7,"",11.7,"",.0,"9","",0,"9",.0,"9",12.5,"",.0,"9",.0,"9",.0,"9",.0,"9",.0,"9",.0,"9",.0,"9",.0,"9",.0,"9",.0,"9",.0,"9",.0,"9",.0,"9",.0,"9",5.0,"",.0,"9",0,"",0,"","R",0,"9",0,"9",0,"8"
"352150300","GORZÓW WIELKOPOLSKI","2018","08","17",31.1,"",15.6,"",23.4,"",13.1,"",.0,"9","",0,"9",.0,"9",12.6,"",.0,"9",.0,"9",.0,"9",.0,"9",.0,"9",.0,"9",.0,"9",.0,"9",.0,"9",.0,"9",.0,"9",.0,"9",.0,"9",.0,"9",.0,"9",.0,"9",0,"",0,"","R",0,"9",0,"9",0,"8"
"352150300","GORZÓW WIELKOPOLSKI","2018","08","18",27.1,"",18.0,"",22.0,"",17.4,"",.0,"9","",0,"9",.0,"9",8.6,"",.0,"9",.0,"9",.0,"9",.0,"9",.0,"9",.0,"9",.0,"9",.0,"9",.0,"9",.0,"9",.0,"9",.0,"9",.0,"9",.6,"",.0,"9",.0,"9",0,"",0,"","R",0,"9",0,"9",0,"8"
"352150300","GORZÓW WIELKOPOLSKI","2018","08","19",29.2,"",13.8,"",22.5,"",12.4,"",.0,"9","",0,"9",.0,"9",13.1,"",.0,"9",.0,"9",.0,"9",.0,"9",.0,"9",.0,"9",.0,"9",.0,"9",.0,"9",.0,"9",.0,"9",.0,"9",.0,"9",.0,"9",6.0,"",.0,"9",0,"",0,"","R",0,"9",0,"9",0,"8"
"352150300","GORZÓW WIELKOPOLSKI","2018","08","20",27.3,"",16.3,"",21.5,"",13.8,"",.0,"9","",0,"9",.0,"9",4.0,"",.0,"9",.0,"9",.0,"9",.0,"9",.0,"9",.0,"9",.0,"9",.0,"9",.0,"9",.0,"9",.0,"9",.0,"9",.0,"9",.0,"9",.0,"9",.0,"9",0,"",0,"","R",0,"9",0,"9",0,"8"
"352150300","GORZÓW WIELKOPOLSKI","2018","08","21",23.4,"",15.8,"",18.9,"",14.8,"",.0,"9","",0,"9",.0,"9",10.7,"",.0,"9",.0,"9",.0,"9",.0,"9",.0,"9",.0,"9",.0,"9",.0,"9",.0,"9",.0,"9",.0,"9",.0,"9",.0,"9",.0,"9",.0,"9",.0,"9",0,"",0,"","R",0,"9",0,"9",0,"8"
"352150300","GORZÓW WIELKOPOLSKI","2018","08","22",27.7,"",10.4,"",20.1,"",9.1,"",.0,"9","",0,"9",.0,"9",13.1,"",.0,"9",.0,"9",.0,"9",.0,"9",.0,"9",.0,"9",.0,"9",.0,"9",.0,"9",.0,"9",.0,"9",.0,"9",.0,"9",.0,"9",.0,"9",.0,"9",0,"",0,"","R",0,"9",0,"9",0,"8"
"352150300","GORZÓW WIELKOPOLSKI","2018","08","23",32.4,"",15.3,"",24.3,"",12.2,"",.0,"","W",0,"9",.0,"9",12.4,"",.3,"",.0,"9",.0,"9",.0,"9",.0,"9",.0,"9",.0,"9",.0,"9",.0,"9",.0,"9",.0,"9",.0,"9",.0,"9",.0,"9",.0,"9",.0,"9",0,"",0,"","R",0,"9",0,"9",0,"8"
"352150300","GORZÓW WIELKOPOLSKI","2018","08","24",28.0,"",19.1,"",21.1,"",18.3,"",.6,"","W",0,"9",.0,"9",3.1,"",.8,"",.0,"9",.0,"9",.0,"9",.0,"9",.0,"9",.0,"9",.0,"9",.0,"9",.0,"9",.0,"9",.0,"9",.0,"9",.0,"9",.0,"9",.0,"9",0,"",0,"","R",0,"9",0,"9",0,"8"
"352150300","GORZÓW WIELKOPOLSKI","2018","08","25",21.0,"",13.2,"",15.7,"",13.2,"",4.3,"","W",0,"9",.0,"9",1.7,"",2.4,"",.0,"9",.0,"9",.0,"9",.0,"9",.9,"",.0,"9",.0,"9",.0,"9",.0,"9",.0,"9",.0,"9",.0,"9",.2,"",.0,"9",.0,"9",0,"",0,"","R",0,"9",0,"9",0,"8"
"352150300","GORZÓW WIELKOPOLSKI","2018","08","26",19.9,"",8.9,"",13.9,"",8.1,"",.0,"9","",0,"9",.0,"9",10.2,"",.0,"9",.0,"9",.0,"9",.0,"9",.0,"9",.0,"9",.0,"9",.0,"9",.0,"9",.0,"9",.0,"9",.0,"9",.0,"9",.0,"9",.0,"9",.0,"9",0,"",0,"","R",0,"9",0,"9",0,"8"
"352150300","GORZÓW WIELKOPOLSKI","2018","08","27",23.1,"",8.8,"",16.8,"",6.7,"",.1,"","W",0,"9",.0,"9",5.2,"",.1,"",.0,"9",.0,"9",.0,"9",.0,"9",.0,"9",.0,"9",.0,"9",.0,"9",.0,"9",.0,"9",.0,"9",.0,"9",.0,"9",4.0,"",.0,"9",0,"",0,"","R",0,"9",0,"9",0,"8"
"352150300","GORZÓW WIELKOPOLSKI","2018","08","28",22.5,"",15.3,"",18.0,"",13.6,"",.0,"9","",0,"9",.0,"9",5.8,"",.0,"9",.0,"9",.0,"9",.0,"9",.0,"9",.0,"9",.0,"9",.0,"9",.0,"9",.0,"9",.0,"9",.0,"9",.0,"9",.0,"9",.0,"9",.0,"9",0,"",0,"","R",0,"9",0,"9",0,"8"
"352150300","GORZÓW WIELKOPOLSKI","2018","08","29",25.5,"",10.1,"",18.3,"",7.3,"",.0,"9","",0,"9",.0,"9",11.3,"",.0,"9",.0,"9",.0,"9",.0,"9",.0,"9",.0,"9",.0,"9",.0,"9",.0,"9",.0,"9",.0,"9",.0,"9",.0,"9",.0,"9",3.0,"",.0,"9",0,"",0,"","R",0,"9",0,"9",0,"8"
"352150300","GORZÓW WIELKOPOLSKI","2018","08","30",22.4,"",13.7,"",17.5,"",12.6,"",.0,"","W",0,"9",.0,"9",4.0,"",2.0,"",.0,"9",.0,"9",.0,"9",.0,"9",1.2,"",.0,"9",.0,"9",.0,"9",.0,"9",.0,"9",.0,"9",.0,"9",.0,"9",.0,"9",.0,"9",0,"",0,"","R",0,"9",0,"9",0,"8"
"352150300","GORZÓW WIELKOPOLSKI","2018","08","31",20.0,"",13.5,"",16.1,"",13.7,"",.0,"9","",0,"9",.0,"9",2.1,"",.9,"",.0,"9",.0,"9",.0,"9",.0,"9",.0,"9",.0,"9",.0,"9",.0,"9",.0,"9",.0,"9",.0,"9",.0,"9",.0,"9",.0,"9",.0,"9",0,"",0,"","R",0,"9",0,"9",0,"8"
"352150300","GORZÓW WIELKOPOLSKI","2018","09","01",21.1,"",12.2,"",16.6,"",10.1,"",1.7,"","W",0,"9",.0,"9",5.1,"",6.6,"",.0,"9",.0,"9",.0,"9",.0,"9",.0,"9",.0,"9",.0,"9",.0,"9",.0,"9",.0,"9",.0,"9",.0,"9",.0,"9",2.0,"",.0,"9",0,"",0,"","R",0,"9",0,"9",0,"8"
"352150300","GORZÓW WIELKOPOLSKI","2018","09","02",24.0,"",14.1,"",18.9,"",13.7,"",.0,"","W",0,"9",.0,"9",1.0,"",2.6,"",.0,"9",.0,"9",.0,"9",.0,"9",.0,"9",.0,"9",.0,"9",.0,"9",.0,"9",.0,"9",.0,"9",.0,"9",.0,"9",.0,"9",.0,"9",0,"",0,"","R",0,"9",0,"9",0,"8"
"352150300","GORZÓW WIELKOPOLSKI","2018","09","03",26.8,"",16.3,"",20.9,"",15.5,"",.0,"9","",0,"9",.0,"9",11.4,"",.0,"9",.0,"9",.0,"9",.0,"9",.0,"9",.0,"9",.0,"9",.0,"9",.0,"9",.0,"9",.0,"9",.0,"9",.0,"9",.0,"9",.0,"9",.0,"9",0,"",0,"","R",0,"9",0,"9",0,"8"
"352150300","GORZÓW WIELKOPOLSKI","2018","09","04",25.2,"",14.5,"",19.4,"",13.3,"",.0,"9","",0,"9",.0,"9",8.5,"",.0,"9",.0,"9",.0,"9",.0,"9",.0,"9",.0,"9",.0,"9",.0,"9",.0,"9",.0,"9",.0,"9",.0,"9",.0,"9",.0,"9",2.0,"",.0,"9",0,"",0,"","R",0,"9",0,"9",0,"8"
"352150300","GORZÓW WIELKOPOLSKI","2018","09","05",24.3,"",13.6,"",18.3,"",12.5,"",.0,"9","",0,"9",.0,"9",8.3,"",.0,"9",.0,"9",.0,"9",.0,"9",.4,"",2.1,"",.0,"9",.0,"9",.0,"9",.0,"9",.0,"9",.0,"9",.0,"9",.0,"9",6.5,"",.0,"9",0,"",0,"","R",0,"9",0,"9",0,"8"
"352150300","GORZÓW WIELKOPOLSKI","2018","09","06",22.5,"",11.8,"",16.7,"",10.8,"",.0,"9","",0,"9",.0,"9",5.2,"",.0,"9",.0,"9",.0,"9",.0,"9",3.4,"",2.9,"",.0,"9",.0,"9",.0,"9",.0,"9",.0,"9",.0,"9",.0,"9",.0,"9",3.8,"",.0,"9",0,"",0,"","R",0,"9",0,"9",0,"8"
"352150300","GORZÓW WIELKOPOLSKI","2018","09","07",21.4,"",12.9,"",16.8,"",11.5,"",.3,"","W",0,"9",.0,"9",2.3,"",1.8,"",.0,"9",.0,"9",.0,"9",.0,"9",.0,"9",.0,"9",.0,"9",.0,"9",.0,"9",.0,"9",.0,"9",.0,"9",.0,"9",3.0,"",.0,"9",0,"",0,"","R",0,"9",0,"9",0,"8"
"352150300","GORZÓW WIELKOPOLSKI","2018","09","08",21.5,"",13.7,"",17.1,"",12.1,"",.0,"9","",0,"9",.0,"9",11.2,"",.4,"",.0,"9",.0,"9",.0,"9",.0,"9",.0,"9",.0,"9",.0,"9",.0,"9",.0,"9",.0,"9",.0,"9",.0,"9",.0,"9",.0,"9",.0,"9",0,"",0,"","R",0,"9",0,"9",0,"8"
"352150300","GORZÓW WIELKOPOLSKI","2018","09","09",24.2,"",11.0,"",16.8,"",6.5,"",.0,"9","",0,"9",.0,"9",5.5,"",.0,"9",.0,"9",.0,"9",.0,"9",.0,"9",.0,"9",.0,"9",.0,"9",.0,"9",.0,"9",.0,"9",.0,"9",.0,"9",.0,"9",.0,"9",.0,"9",0,"",0,"","R",0,"9",0,"9",0,"8"
"352150300","GORZÓW WIELKOPOLSKI","2018","09","10",25.7,"",10.5,"",18.9,"",6.7,"",.0,"","W",0,"9",.0,"9",6.1,"",.1,"",.0,"9",.0,"9",.0,"9",.0,"9",.0,"9",.0,"9",.0,"9",.0,"9",.0,"9",.0,"9",.0,"9",.0,"9",.0,"9",5.0,"",.0,"9",0,"",0,"","R",0,"9",0,"9",0,"8"
"352150300","GORZÓW WIELKOPOLSKI","2018","09","11",25.9,"",15.5,"",20.3,"",15.6,"",.0,"","W",0,"9",.0,"9",4.4,"",1.3,"",.0,"9",.0,"9",.0,"9",.0,"9",.0,"9",.0,"9",.0,"9",.0,"9",.0,"9",.0,"9",.0,"9",.0,"9",.0,"9",.0,"9",.0,"9",0,"",0,"","R",0,"9",0,"9",0,"8"
"352150300","GORZÓW WIELKOPOLSKI","2018","09","12",27.7,"",15.3,"",19.9,"",13.5,"",.0,"9","",0,"9",.0,"9",8.7,"",.0,"9",.0,"9",.0,"9",.0,"9",.0,"9",.0,"9",.0,"9",.0,"9",.0,"9",.0,"9",.0,"9",.0,"9",.0,"9",.0,"9",.0,"9",.0,"9",0,"",0,"","R",0,"9",0,"9",0,"8"
"352150300","GORZÓW WIELKOPOLSKI","2018","09","13",17.6,"",13.0,"",14.0,"",13.3,"",1.6,"","W",0,"9",.0,"9",.0,"9",4.9,"",.0,"9",.0,"9",.0,"9",.0,"9",.0,"9",.0,"9",.0,"9",.0,"9",.0,"9",.0,"9",.0,"9",.0,"9",.0,"9",.0,"9",.0,"9",0,"",0,"","R",0,"9",0,"9",0,"8"
"352150300","GORZÓW WIELKOPOLSKI","2018","09","14",20.3,"",12.7,"",15.3,"",12.5,"",.0,"9","",0,"9",.0,"9",2.0,"",.0,"9",.0,"9",.0,"9",.0,"9",.0,"9",.9,"",.0,"9",.0,"9",.0,"9",.0,"9",.0,"9",.0,"9",.0,"9",.0,"9",3.0,"",.0,"9",0,"",0,"","R",0,"9",0,"9",0,"8"
"352150300","GORZÓW WIELKOPOLSKI","2018","09","15",20.7,"",11.0,"",15.3,"",10.4,"",.0,"","W",0,"9",.0,"9",7.4,"",.1,"",.0,"9",.0,"9",.0,"9",1.9,"",5.4,"",.0,"9",.0,"9",.0,"9",.0,"9",.0,"9",.0,"9",.0,"9",.0,"9",3.8,"",.0,"9",0,"",0,"","R",0,"9",0,"9",0,"8"
"352150300","GORZÓW WIELKOPOLSKI","2018","09","16",21.4,"",9.2,"",15.0,"",7.2,"",.0,"9","",0,"9",.0,"9",9.5,"",.0,"9",.0,"9",.0,"9",.0,"9",.0,"9",.0,"9",.0,"9",.0,"9",.0,"9",.0,"9",.0,"9",.0,"9",.0,"9",.0,"9",.0,"9",.0,"9",0,"",0,"","R",0,"9",0,"9",0,"8"
"352150300","GORZÓW WIELKOPOLSKI","2018","09","17",26.0,"",10.4,"",17.6,"",7.2,"",.0,"9","",0,"9",.0,"9",10.8,"",.0,"9",.0,"9",.0,"9",.0,"9",.0,"9",.0,"9",.0,"9",.0,"9",.0,"9",.0,"9",.0,"9",.0,"9",.0,"9",.0,"9",.0,"9",.0,"9",0,"",0,"","R",0,"9",0,"9",0,"8"
"352150300","GORZÓW WIELKOPOLSKI","2018","09","18",29.1,"",12.4,"",20.8,"",8.6,"",.0,"9","",0,"9",.0,"9",11.1,"",.0,"9",.0,"9",.0,"9",.0,"9",.0,"9",.0,"9",.0,"9",.0,"9",.0,"9",.0,"9",.0,"9",.0,"9",.0,"9",.0,"9",.0,"9",.0,"9",0,"",0,"","R",0,"9",0,"9",0,"8"
"352150300","GORZÓW WIELKOPOLSKI","2018","09","19",27.2,"",16.0,"",21.7,"",12.0,"",.0,"9","",0,"9",.0,"9",10.9,"",.0,"9",.0,"9",.0,"9",.0,"9",.0,"9",.0,"9",.0,"9",.0,"9",.0,"9",.0,"9",.0,"9",.0,"9",.0,"9",.0,"9",.0,"9",.0,"9",0,"",0,"","R",0,"9",0,"9",0,"8"
"352150300","GORZÓW WIELKOPOLSKI","2018","09","20",28.2,"",15.1,"",21.7,"",12.5,"",.0,"9","",0,"9",.0,"9",10.3,"",.0,"9",.0,"9",.0,"9",.0,"9",.0,"9",.0,"9",.0,"9",.0,"9",.0,"9",.0,"9",.0,"9",.0,"9",.0,"9",.0,"9",.0,"9",.0,"9",0,"",0,"","R",0,"9",0,"9",0,"8"
"352150300","GORZÓW WIELKOPOLSKI","2018","09","21",30.5,"",14.1,"",21.1,"",12.4,"",4.4,"","W",0,"9",.0,"9",8.2,"",3.6,"",.0,"9",.0,"9",.0,"9",.0,"9",.0,"9",.0,"9",.0,"9",.0,"9",.0,"9",.0,"9",.0,"9",.0,"9",.3,"",.0,"9",.0,"9",0,"",0,"","R",0,"9",0,"9",0,"8"
"352150300","GORZÓW WIELKOPOLSKI","2018","09","22",16.3,"",9.7,"",12.7,"",8.7,"",.3,"","W",0,"9",.0,"9",2.8,"",1.1,"",.0,"9",.0,"9",.0,"9",.0,"9",.0,"9",.0,"9",.0,"9",.0,"9",.0,"9",.0,"9",.0,"9",.0,"9",.0,"9",.0,"9",.0,"9",0,"",0,"","R",0,"9",0,"9",0,"8"
"352150300","GORZÓW WIELKOPOLSKI","2018","09","23",14.7,"",8.5,"",10.6,"",7.7,"",13.1,"","W",0,"9",.0,"9",3.3,"",11.9,"",.0,"9",.0,"9",.0,"9",.0,"9",.0,"9",.0,"9",.0,"9",.0,"9",.0,"9",.0,"9",.0,"9",.0,"9",.0,"9",.0,"9",.0,"9",0,"",0,"","R",0,"9",0,"9",0,"8"
"352150300","GORZÓW WIELKOPOLSKI","2018","09","24",13.6,"",7.2,"",9.1,"",6.7,"",.2,"","W",0,"9",.0,"9",6.1,"",.1,"",.0,"9",.0,"9",.0,"9",.0,"9",.0,"9",.0,"9",.0,"9",.0,"9",.0,"9",.0,"9",.0,"9",.0,"9",.0,"9",.0,"9",.0,"9",0,"",0,"","R",0,"9",0,"9",0,"8"
"352150300","GORZÓW WIELKOPOLSKI","2018","09","25",13.7,"",4.2,"",8.3,"",3.1,"",.2,"","W",0,"9",.0,"9",7.6,"",.2,"",.0,"9",.0,"9",.0,"9",.0,"9",.0,"9",.0,"9",.0,"9",.0,"9",.0,"9",.0,"9",.0,"9",.0,"9",.0,"9",6.0,"",.0,"9",0,"",0,"","R",0,"9",0,"9",0,"8"
"352150300","GORZÓW WIELKOPOLSKI","2018","09","26",14.8,"",2.0,"",9.5,"",1.0,"",.0,"9","",0,"9",.0,"9",4.2,"",.0,"9",.0,"9",.0,"9",.0,"9",.0,"9",.0,"9",.0,"9",.0,"9",.0,"9",.0,"9",.0,"9",.0,"9",.0,"9",.0,"9",.0,"9",.0,"9",0,"",0,"","R",0,"9",0,"9",0,"8"
"352150300","GORZÓW WIELKOPOLSKI","2018","09","27",21.5,"",12.7,"",16.0,"",11.4,"",.0,"9","",0,"9",.0,"9",3.9,"",.0,"9",.0,"9",.0,"9",.0,"9",.0,"9",.0,"9",.0,"9",.0,"9",.0,"9",.0,"9",.0,"9",.0,"9",.0,"9",.0,"9",.0,"9",.0,"9",0,"",0,"","R",0,"9",0,"9",0,"8"
"352150300","GORZÓW WIELKOPOLSKI","2018","09","28",16.5,"",10.5,"",12.4,"",8.4,"",.0,"9","",0,"9",.0,"9",5.7,"",.0,"9",.0,"9",.0,"9",.0,"9",.0,"9",3.3,"",.0,"9",.0,"9",.0,"9",.0,"9",.0,"9",.0,"9",.0,"9",.0,"9",.0,"9",.0,"9",0,"",0,"","R",0,"9",0,"9",0,"8"
"352150300","GORZÓW WIELKOPOLSKI","2018","09","29",15.0,"",3.2,"",9.3,"",2.9,"",.0,"9","",0,"9",.0,"9",10.2,"",.0,"9",.0,"9",.0,"9",.0,"9",.0,"9",.0,"9",.0,"9",.0,"9",.0,"9",.0,"9",.0,"9",.0,"9",.0,"9",.0,"9",.0,"9",.0,"9",0,"",0,"","R",0,"9",0,"9",0,"8"
"352150300","GORZÓW WIELKOPOLSKI","2018","09","30",17.8,"",3.0,"",9.9,"",.0,"",.0,"9","",0,"9",.0,"9",10.7,"",.0,"9",.0,"9",.0,"9",.0,"9",.0,"9",.0,"9",.0,"9",.0,"9",.0,"9",.0,"9",.0,"9",.0,"9",.0,"9",.0,"9",4.0,"",.0,"9",0,"",0,"","R",0,"9",0,"9",0,"8"
"352150300","GORZÓW WIELKOPOLSKI","2018","10","01",16.0,"",2.4,"",9.0,"",-.5,"",.2,"","W",0,"9",.0,"9",6.2,"",2.5,"",.0,"9",.0,"9",.0,"9",.0,"9",1.8,"",.0,"9",.0,"9",.0,"9",.0,"9",.0,"9",.0,"9",.0,"9",.0,"9",9.0,"",.0,"9",0,"",0,"","R",0,"9",0,"9",0,"8"
"352150300","GORZÓW WIELKOPOLSKI","2018","10","02",10.8,"",4.3,"",7.8,"",3.9,"",1.2,"","W",0,"9",.0,"9",.4,"",5.2,"",.0,"9",.0,"9",.0,"9",.0,"9",3.0,"",.0,"9",.0,"9",.0,"9",.0,"9",.0,"9",.0,"9",.0,"9",.0,"9",.0,"9",.0,"9",0,"",0,"","R",0,"9",0,"9",0,"8"
"352150300","GORZÓW WIELKOPOLSKI","2018","10","03",13.6,"",7.5,"",10.5,"",7.3,"",.3,"","W",0,"9",.0,"9",4.4,"",1.9,"",.0,"9",.0,"9",.0,"9",.0,"9",.0,"9",.0,"9",.0,"9",.0,"9",.0,"9",.0,"9",.0,"9",.0,"9",.0,"9",.0,"9",.0,"9",0,"",0,"","R",0,"9",0,"9",0,"8"
"352150300","GORZÓW WIELKOPOLSKI","2018","10","04",13.5,"",4.0,"",10.2,"",2.9,"",.0,"9","",0,"9",.0,"9",2.9,"",.0,"9",.0,"9",.0,"9",.0,"9",.0,"9",.0,"9",.0,"9",.0,"9",.0,"9",.0,"9",.0,"9",.0,"9",.0,"9",.0,"9",6.0,"",.0,"9",0,"",0,"","R",0,"9",0,"9",0,"8"
"352150300","GORZÓW WIELKOPOLSKI","2018","10","05",19.9,"",10.0,"",14.1,"",8.1,"",.0,"9","",0,"9",.0,"9",8.5,"",.0,"9",.0,"9",.0,"9",.0,"9",.0,"9",.0,"9",.0,"9",.0,"9",.0,"9",.0,"9",.0,"9",.0,"9",.0,"9",.0,"9",.0,"9",.0,"9",0,"",0,"","R",0,"9",0,"9",0,"8"
"352150300","GORZÓW WIELKOPOLSKI","2018","10","06",21.1,"",8.6,"",14.7,"",4.9,"",.0,"9","",0,"9",.0,"9",9.1,"",.0,"9",.0,"9",.0,"9",.0,"9",.0,"9",.0,"9",.0,"9",.0,"9",.0,"9",.0,"9",.0,"9",.0,"9",.0,"9",.0,"9",7.0,"",.0,"9",0,"",0,"","R",0,"9",0,"9",0,"8"
"352150300","GORZÓW WIELKOPOLSKI","2018","10","07",16.9,"",10.0,"",11.5,"",8.3,"",.0,"9","",0,"9",.0,"9",1.1,"",.0,"9",.0,"9",.0,"9",.0,"9",.0,"9",.0,"9",.0,"9",.0,"9",.0,"9",.0,"9",.0,"9",.0,"9",.0,"9",.0,"9",1.0,"",.0,"9",0,"",0,"","R",0,"9",0,"9",0,"8"
"352150300","GORZÓW WIELKOPOLSKI","2018","10","08",14.1,"",1.1,"",7.6,"",-1.9,"",.0,"9","",0,"9",.0,"9",10.2,"",.0,"9",.0,"9",.0,"9",.0,"9",1.0,"",2.7,"",.0,"9",.0,"9",.0,"9",.0,"9",.0,"9",.0,"9",.0,"9",.0,"9",15.0,"",.0,"9",0,"",0,"","R",0,"9",0,"9",0,"8"
"352150300","GORZÓW WIELKOPOLSKI","2018","10","09",16.7,"",3.6,"",9.8,"",.2,"",.0,"9","",0,"9",.0,"9",4.7,"",.0,"9",.0,"9",.0,"9",.0,"9",.0,"9",6.8,"",.0,"9",.0,"9",.0,"9",.0,"9",.0,"9",.0,"9",.0,"9",.0,"9",14.0,"",.0,"9",0,"",0,"","R",0,"9",0,"9",0,"8"
"352150300","GORZÓW WIELKOPOLSKI","2018","10","10",22.5,"",6.1,"",14.4,"",2.3,"",.0,"9","",0,"9",.0,"9",9.7,"",.0,"9",.0,"9",.0,"9",.0,"9",.7,"",11.8,"",.0,"9",.0,"9",.0,"9",.0,"9",.0,"9",.0,"9",.0,"9",.0,"9",5.3,"",.0,"9",0,"",0,"","R",0,"9",0,"9",0,"8"
"352150300","GORZÓW WIELKOPOLSKI","2018","10","11",23.9,"",10.5,"",16.7,"",9.3,"",.0,"9","",0,"9",.0,"9",10.2,"",.0,"9",.0,"9",.0,"9",.0,"9",.0,"9",7.8,"",.0,"9",.0,"9",.0,"9",.0,"9",.0,"9",.0,"9",.0,"9",.0,"9",4.0,"",.0,"9",0,"",0,"","R",0,"9",0,"9",0,"8"
"352150300","GORZÓW WIELKOPOLSKI","2018","10","12",24.1,"",10.8,"",17.0,"",8.8,"",.0,"9","",0,"9",.0,"9",10.1,"",.0,"9",.0,"9",.0,"9",.0,"9",.0,"9",3.0,"",.0,"9",.0,"9",.0,"9",.0,"9",.0,"9",.0,"9",.0,"9",.0,"9",4.0,"",.0,"9",0,"",0,"","R",0,"9",0,"9",0,"8"
"352150300","GORZÓW WIELKOPOLSKI","2018","10","13",23.8,"",9.8,"",15.7,"",5.6,"",.0,"9","",0,"9",.0,"9",10.1,"",.0,"9",.0,"9",.0,"9",.0,"9",.0,"9",4.2,"",.0,"9",.0,"9",.0,"9",.0,"9",1.3,"",.0,"9",.0,"9",.0,"9",9.0,"",.0,"9",0,"",0,"","R",0,"9",0,"9",0,"8"
"352150300","GORZÓW WIELKOPOLSKI","2018","10","14",23.5,"",9.9,"",16.7,"",8.4,"",.0,"9","",0,"9",.0,"9",10.0,"",.0,"9",.0,"9",.0,"9",.0,"9",.0,"9",.0,"9",.0,"9",.0,"9",.0,"9",.0,"9",.0,"9",.0,"9",.0,"9",.0,"9",5.0,"",.0,"9",0,"",0,"","R",0,"9",0,"9",0,"8"
"352150300","GORZÓW WIELKOPOLSKI","2018","10","15",23.0,"",11.7,"",16.6,"",9.2,"",.0,"9","",0,"9",.0,"9",9.8,"",.0,"9",.0,"9",.0,"9",.0,"9",.0,"9",.0,"9",.0,"9",.0,"9",.0,"9",.0,"9",.0,"9",.0,"9",.0,"9",.0,"9",.0,"9",.0,"9",0,"",0,"","R",0,"9",0,"9",0,"8"
"352150300","GORZÓW WIELKOPOLSKI","2018","10","16",21.5,"",10.1,"",14.9,"",7.0,"",.0,"9","",0,"9",.0,"9",9.3,"",.0,"9",.0,"9",.0,"9",.0,"9",.0,"9",.0,"9",.0,"9",.0,"9",.0,"9",.0,"9",.0,"9",.0,"9",.0,"9",.0,"9",.0,"9",.0,"9",0,"",0,"","R",0,"9",0,"9",0,"8"
"352150300","GORZÓW WIELKOPOLSKI","2018","10","17",20.4,"",7.1,"",12.6,"",3.4,"",.0,"9","",0,"9",.0,"9",9.4,"",.0,"9",.0,"9",.0,"9",.0,"9",.0,"9",11.8,"",.0,"9",.0,"9",.0,"9",.0,"9",.0,"9",.0,"9",.0,"9",.0,"9",14.0,"",.0,"9",0,"",0,"","R",0,"9",0,"9",0,"8"
"352150300","GORZÓW WIELKOPOLSKI","2018","10","18",19.6,"",5.7,"",12.1,"",2.9,"",.3,"","W",0,"9",.0,"9",9.1,"",3.2,"",.0,"9",.0,"9",.0,"9",.0,"9",15.6,"",.0,"9",.0,"9",.0,"9",.0,"9",2.9,"",.0,"9",.0,"9",.0,"9",9.0,"",.0,"9",0,"",0,"","R",0,"9",0,"9",0,"8"
"352150300","GORZÓW WIELKOPOLSKI","2018","10","19",14.3,"",9.7,"",11.7,"",9.7,"",.0,"9","",0,"9",.0,"9",1.8,"",1.8,"",.0,"9",.0,"9",.0,"9",.0,"9",.5,"",.0,"9",.0,"9",.0,"9",.0,"9",.0,"9",.0,"9",.0,"9",.0,"9",2.0,"",.0,"9",0,"",0,"","R",0,"9",0,"9",0,"8"
"352150300","GORZÓW WIELKOPOLSKI","2018","10","20",13.0,"",5.1,"",9.0,"",3.9,"",.0,"","W",0,"9",.0,"9",1.5,"",1.1,"",.0,"9",.0,"9",.0,"9",.0,"9",6.9,"",.0,"9",.0,"9",.0,"9",.0,"9",.0,"9",.0,"9",.0,"9",.0,"9",10.0,"",.0,"9",0,"",0,"","R",0,"9",0,"9",0,"8"
"352150300","GORZÓW WIELKOPOLSKI","2018","10","21",13.8,"",3.6,"",7.8,"",2.5,"",.0,"9","",0,"9",.0,"9",5.2,"",.0,"9",.0,"9",.0,"9",.0,"9",5.2,"",6.3,"",.0,"9",.0,"9",.0,"9",.0,"9",.0,"9",.0,"9",.0,"9",.0,"9",10.2,"",.0,"9",0,"",0,"","R",0,"9",0,"9",0,"8"
"352150300","GORZÓW WIELKOPOLSKI","2018","10","22",10.3,"",2.0,"",6.0,"",.3,"",1.3,"","W",0,"9",.0,"9",1.1,"",2.8,"",.0,"9",.0,"9",.0,"9",.0,"9",8.8,"",.0,"9",.0,"9",.0,"9",.0,"9",.0,"9",.0,"9",.0,"9",.0,"9",10.3,"",.0,"9",0,"",0,"","R",0,"9",0,"9",0,"8"
"352150300","GORZÓW WIELKOPOLSKI","2018","10","23",11.4,"",1.9,"",7.3,"",.8,"",9.1,"","W",0,"9",.0,"9",.0,"9",10.4,"",.0,"9",.0,"9",.0,"9",.0,"9",2.2,"",.0,"9",.0,"9",.0,"9",.0,"9",.0,"9",.0,"9",.0,"9",.0,"9",.0,"9",.0,"9",0,"",0,"","R",0,"9",0,"9",0,"8"
"352150300","GORZÓW WIELKOPOLSKI","2018","10","24",11.3,"",5.6,"",7.4,"",4.3,"",1.2,"","W",0,"9",.0,"9",6.8,"",1.7,"",.0,"9",.0,"9",.0,"9",.0,"9",.0,"9",.0,"9",.0,"9",.0,"9",.0,"9",.0,"9",.0,"9",.0,"9",.0,"9",3.0,"",.0,"9",0,"",0,"","R",0,"9",0,"9",0,"8"
"352150300","GORZÓW WIELKOPOLSKI","2018","10","25",12.6,"",3.0,"",9.8,"",1.5,"",1.8,"","W",0,"9",.0,"9",.6,"",5.8,"",.0,"9",.0,"9",.0,"9",.0,"9",2.3,"",.0,"9",.0,"9",.0,"9",.0,"9",.0,"9",.0,"9",.0,"9",.0,"9",.5,"",.0,"9",0,"",0,"","R",0,"9",0,"9",0,"8"
"352150300","GORZÓW WIELKOPOLSKI","2018","10","26",11.5,"",7.8,"",9.7,"",7.1,"",.0,"","W",0,"9",.0,"9",.0,"9",1.7,"",.0,"9",.0,"9",.0,"9",.0,"9",.0,"9",.0,"9",.0,"9",.0,"9",.0,"9",.0,"9",.0,"9",.0,"9",.0,"9",.0,"9",.0,"9",0,"",0,"","R",0,"9",0,"9",0,"8"
"352150300","GORZÓW WIELKOPOLSKI","2018","10","27",10.5,"",7.0,"",7.9,"",5.7,"",.0,"9","",0,"9",.0,"9",.2,"",.0,"9",.0,"9",.0,"9",.0,"9",.0,"9",.0,"9",.0,"9",.0,"9",.0,"9",.0,"9",.0,"9",.0,"9",.0,"9",.0,"9",.0,"9",.0,"9",0,"",0,"","R",0,"9",0,"9",0,"8"
"352150300","GORZÓW WIELKOPOLSKI","2018","10","28",8.2,"",3.1,"",5.5,"",2.2,"",2.2,"","W",0,"9",.0,"9",.8,"",7.6,"",.0,"9",.0,"9",.0,"9",.0,"9",.0,"9",.0,"9",.0,"9",.0,"9",.0,"9",.0,"9",.0,"9",.0,"9",.0,"9",8.0,"",.0,"9",0,"",0,"","R",0,"9",0,"9",0,"8"
"352150300","GORZÓW WIELKOPOLSKI","2018","10","29",6.7,"",3.3,"",3.8,"",3.1,"",.0,"","W",0,"9",.0,"9",.0,"9",7.3,"",.0,"9",.0,"9",.0,"9",.0,"9",13.4,"",.0,"9",.0,"9",.0,"9",.0,"9",.0,"9",.0,"9",.0,"9",.0,"9",.0,"9",.0,"9",0,"",0,"","R",0,"9",0,"9",0,"8"
"352150300","GORZÓW WIELKOPOLSKI","2018","10","30",21.6,"",3.9,"",14.7,"",3.8,"",.0,"","W",0,"9",.0,"9",3.9,"",.5,"",.0,"9",.0,"9",.0,"9",.0,"9",3.5,"",.0,"9",.0,"9",.0,"9",.0,"9",.0,"9",.0,"9",.0,"9",.0,"9",.0,"9",.0,"9",0,"",0,"","R",0,"9",0,"9",0,"8"
"352150300","GORZÓW WIELKOPOLSKI","2018","10","31",13.0,"",6.7,"",9.3,"",2.4,"",.0,"9","",0,"9",.0,"9",9.2,"",.0,"9",.0,"9",.0,"9",.0,"9",.0,"9",.0,"9",.0,"9",.0,"9",.0,"9",.0,"9",.0,"9",.0,"9",.0,"9",.0,"9",2.0,"",.0,"9",0,"",0,"","R",0,"9",0,"9",0,"8"
"352150300","GORZÓW WIELKOPOLSKI","2018","11","01",14.9,"",4.7,"",10.1,"",2.7,"",.0,"9","",0,"9",.0,"9",3.0,"",.0,"9",.0,"9",.0,"9",.0,"9",.0,"9",.0,"9",.0,"9",.0,"9",.0,"9",.0,"9",.0,"9",.0,"9",.0,"9",.0,"9",11.0,"",.0,"9",0,"",0,"","R",0,"9",0,"9",0,"8"
"352150300","GORZÓW WIELKOPOLSKI","2018","11","02",13.9,"",6.5,"",10.2,"",2.9,"",.0,"9","",0,"9",.0,"9",4.3,"",.0,"9",.0,"9",.0,"9",.0,"9",.0,"9",.0,"9",.0,"9",.0,"9",.0,"9",.0,"9",.0,"9",.0,"9",.0,"9",.0,"9",12.0,"",.0,"9",0,"",0,"","R",0,"9",0,"9",0,"8"
"352150300","GORZÓW WIELKOPOLSKI","2018","11","03",11.4,"",7.6,"",8.9,"",5.9,"",.0,"","W",0,"9",.0,"9",.0,"9",.5,"",.0,"9",.0,"9",.0,"9",.0,"9",4.5,"",.0,"9",.0,"9",.0,"9",.0,"9",.0,"9",.0,"9",.0,"9",.0,"9",8.0,"",.0,"9",0,"",0,"","R",0,"9",0,"9",0,"8"
"352150300","GORZÓW WIELKOPOLSKI","2018","11","04",9.9,"",7.2,"",9.2,"",4.7,"",.0,"","W",0,"9",.0,"9",.0,"9",5.8,"",.0,"9",.0,"9",.0,"9",.0,"9",24.0,"",.0,"9",.0,"9",.0,"9",.0,"9",.0,"9",.0,"9",.0,"9",.0,"9",.0,"9",.0,"9",0,"",0,"","R",0,"9",0,"9",0,"8"
"352150300","GORZÓW WIELKOPOLSKI","2018","11","05",15.9,"",9.8,"",11.5,"",9.6,"",.0,"9","",0,"9",.0,"9",4.1,"",.0,"9",.0,"9",.0,"9",.0,"9",.0,"9",12.5,"",.0,"9",.0,"9",.0,"9",.0,"9",.0,"9",.0,"9",.0,"9",.0,"9",3.0,"",.0,"9",0,"",0,"","R",0,"9",0,"9",0,"8"
"352150300","GORZÓW WIELKOPOLSKI","2018","11","06",17.5,"",8.7,"",12.4,"",6.6,"",.0,"9","",0,"9",.0,"9",8.6,"",.0,"9",.0,"9",.0,"9",.0,"9",.0,"9",.0,"9",.0,"9",.0,"9",.0,"9",.0,"9",.0,"9",.0,"9",.0,"9",.0,"9",9.0,"",.0,"9",0,"",0,"","R",0,"9",0,"9",0,"8"
"352150300","GORZÓW WIELKOPOLSKI","2018","11","07",15.6,"",7.9,"",10.6,"",4.7,"",.0,"9","",0,"9",.0,"9",7.9,"",.0,"9",.0,"9",.0,"9",.0,"9",.0,"9",5.5,"",.0,"9",.0,"9",.0,"9",.0,"9",.0,"9",.0,"9",.0,"9",.0,"9",18.0,"",.0,"9",0,"",0,"","R",0,"9",0,"9",0,"8"
"352150300","GORZÓW WIELKOPOLSKI","2018","11","08",10.7,"",2.5,"",6.2,"",.9,"",.0,"9","",0,"9",.0,"9",.0,"9",.0,"9",.0,"9",.0,"9",.0,"9",18.8,"",5.3,"",.0,"9",.0,"9",.0,"9",.0,"9",.0,"9",.0,"9",.0,"9",.0,"9",.8,"",.0,"9",0,"",0,"","R",0,"9",0,"9",0,"8"
"352150300","GORZÓW WIELKOPOLSKI","2018","11","09",8.1,"",5.7,"",7.0,"",5.7,"",.1,"","W",0,"9",.0,"9",.0,"9",6.3,"",.0,"9",.0,"9",.0,"9",24.0,"",.0,"9",.0,"9",.0,"9",.0,"9",.0,"9",.0,"9",.0,"9",.0,"9",.0,"9",.0,"9",.0,"9",0,"",0,"","R",0,"9",0,"9",0,"8"
"352150300","GORZÓW WIELKOPOLSKI","2018","11","10",11.5,"",7.3,"",8.5,"",7.3,"",.0,"9","",0,"9",.0,"9",2.9,"",.0,"9",.0,"9",.0,"9",.0,"9",10.9,"",13.1,"",.0,"9",.0,"9",.0,"9",.0,"9",.0,"9",.0,"9",.0,"9",.0,"9",.0,"9",.0,"9",0,"",0,"","R",0,"9",0,"9",0,"8"
"352150300","GORZÓW WIELKOPOLSKI","2018","11","11",8.3,"",4.7,"",6.5,"",4.5,"",.3,"","W",0,"9",.0,"9",.1,"",1.1,"",.0,"9",.0,"9",.0,"9",10.1,"",13.9,"",.0,"9",.0,"9",.0,"9",.0,"9",.0,"9",.0,"9",.0,"9",.0,"9",.0,"9",.0,"9",0,"",0,"","R",0,"9",0,"9",0,"8"
"352150300","GORZÓW WIELKOPOLSKI","2018","11","12",14.0,"",5.8,"",9.2,"",3.1,"",.0,"","W",0,"9",.0,"9",3.0,"",.2,"",.0,"9",.0,"9",.0,"9",.0,"9",20.6,"",.0,"9",.0,"9",.0,"9",.0,"9",.0,"9",.0,"9",.0,"9",.0,"9",.0,"9",.0,"9",0,"",0,"","R",0,"9",0,"9",0,"8"
"352150300","GORZÓW WIELKOPOLSKI","2018","11","13",10.7,"",8.0,"",9.3,"",6.2,"",6.3,"","W",0,"9",.0,"9",.0,"9",6.7,"",.0,"9",.0,"9",.0,"9",3.5,"",11.3,"",.0,"9",.0,"9",.0,"9",.0,"9",.0,"9",.0,"9",.0,"9",.0,"9",.0,"9",.0,"9",0,"",0,"","R",0,"9",0,"9",0,"8"
"352150300","GORZÓW WIELKOPOLSKI","2018","11","14",9.8,"",5.8,"",7.3,"",2.6,"",.0,"9","",0,"9",.0,"9",.8,"",.0,"9",.0,"9",.0,"9",.0,"9",5.2,"",17.3,"",.0,"9",.0,"9",.0,"9",.0,"9",.0,"9",.0,"9",.0,"9",.0,"9",.0,"9",.0,"9",0,"",0,"","R",0,"9",0,"9",0,"8"
"352150300","GORZÓW WIELKOPOLSKI","2018","11","15",7.6,"",3.4,"",5.0,"",.5,"",.0,"9","",0,"9",.0,"9",2.2,"",.0,"9",.0,"9",.0,"9",.0,"9",9.8,"",12.5,"",.0,"9",.0,"9",.0,"9",.0,"9",.0,"9",.0,"9",.0,"9",.0,"9",.0,"9",.0,"9",0,"",0,"","R",0,"9",0,"9",0,"8"
"352150300","GORZÓW WIELKOPOLSKI","2018","11","16",8.1,"",1.5,"",4.4,"",-.6,"",.0,"9","",0,"9",.0,"9",6.0,"",.0,"9",.0,"9",.0,"9",.0,"9",.0,"9",4.1,"",.0,"9",.0,"9",.0,"9",.0,"9",.0,"9",.0,"9",.0,"9",.0,"9",.0,"9",.0,"9",0,"",0,"","R",0,"9",0,"9",0,"8"
"352150300","GORZÓW WIELKOPOLSKI","2018","11","17",4.7,"",-.9,"",.0,"",-2.3,"",.0,"9","",0,"9",.0,"9",4.2,"",.0,"9",.0,"9",.0,"9",.0,"9",.4,"",18.1,"",.0,"9",.0,"9",.0,"9",.0,"9",.0,"9",.0,"9",.0,"9",.0,"9",.0,"9",11.0,"",0,"",0,"","Z",1,"",0,"9",0,"8"
"352150300","GORZÓW WIELKOPOLSKI","2018","11","18",4.4,"",-4.2,"",.4,"",-6.4,"",.0,"","W",0,"9",.0,"9",.0,"9",3.2,"",.0,"9",.0,"9",.0,"9",.0,"9",18.6,"",.0,"9",.0,"9",.0,"9",.0,"9",.0,"9",.0,"9",.0,"9",.0,"9",.0,"9",10.0,"",0,"",0,"","Z",8,"",0,"9",0,"8"
"352150300","GORZÓW WIELKOPOLSKI","2018","11","19",5.1,"",1.5,"",3.4,"",-.5,"",.6,"","W",0,"9",.0,"9",.0,"9",2.5,"",.0,"9",.0,"9",.0,"9",.0,"9",.0,"9",.0,"9",.0,"9",.0,"9",.0,"9",.0,"9",.0,"9",.0,"9",.0,"9",.0,"9",.0,"9",0,"",0,"","R",0,"9",0,"9",0,"8"
"352150300","GORZÓW WIELKOPOLSKI","2018","11","20",3.4,"",1.0,"",1.8,"",.2,"",.0,"","W",0,"9",.0,"9",.2,"",.9,"",.0,"9",.0,"9",.0,"9",.0,"9",.0,"9",.0,"9",.0,"9",.0,"9",.0,"9",.0,"9",.0,"9",.0,"9",.0,"9",.0,"9",.0,"9",0,"",0,"","R",0,"9",0,"9",0,"8"
"352150300","GORZÓW WIELKOPOLSKI","2018","11","21",1.5,"",-.7,"",.1,"",-1.0,"",.0,"","S",0,"9",.0,"9",.0,"9",.3,"",1.8,"",.0,"9",.0,"9",.0,"9",.0,"9",.0,"9",.0,"9",.0,"9",.0,"9",.0,"9",.0,"9",.0,"9",.0,"9",.0,"9",.0,"9",0,"",0,"","",0,"9",0,"9",0,"8"
"352150300","GORZÓW WIELKOPOLSKI","2018","11","22",.7,"",-.5,"",-.2,"",-.4,"",.0,"","W",0,"9",.0,"9",.0,"9",.0,"9",.0,"9",.0,"9",.0,"9",.0,"9",17.8,"",.0,"9",.0,"9",.0,"9",.0,"9",.0,"9",.0,"9",.0,"9",.0,"9",.0,"9",.0,"9",0,"",0,"","R",0,"9",0,"9",0,"8"
"352150300","GORZÓW WIELKOPOLSKI","2018","11","23",1.6,"",-.4,"",.7,"",-.4,"",.0,"","W",0,"9",.0,"9",.0,"9",1.3,"",.0,"9",.0,"9",.0,"9",2.4,"",21.6,"",.0,"9",.0,"9",.0,"9",.0,"9",.0,"9",.0,"9",.0,"9",.0,"9",.0,"9",.0,"9",0,"",0,"","R",0,"9",0,"9",0,"8"
"352150300","GORZÓW WIELKOPOLSKI","2018","11","24",5.2,"",.3,"",3.1,"",.2,"",.0,"","W",0,"9",.0,"9",.0,"9",2.8,"",.0,"9",.0,"9",.0,"9",5.1,"",18.9,"",.0,"9",.0,"9",.0,"9",.0,"9",.0,"9",.0,"9",.0,"9",.0,"9",.0,"9",.0,"9",0,"",0,"","R",0,"9",0,"9",0,"8"
"352150300","GORZÓW WIELKOPOLSKI","2018","11","25",4.6,"",3.2,"",3.5,"",3.2,"",.0,"9","",0,"9",.0,"9",.0,"9",.0,"9",.0,"9",.0,"9",.0,"9",9.3,"",14.7,"",.0,"9",.0,"9",.0,"9",.0,"9",.0,"9",.0,"9",.0,"9",.0,"9",.0,"9",.0,"9",0,"",0,"","R",0,"9",0,"9",0,"8"
"352150300","GORZÓW WIELKOPOLSKI","2018","11","26",3.7,"",.1,"",1.2,"",-1.5,"",.0,"9","",0,"9",.0,"9",.0,"9",.0,"9",.0,"9",.0,"9",.0,"9",.0,"9",21.5,"",.0,"9",.0,"9",.0,"9",.0,"9",.0,"9",.0,"9",.0,"9",.0,"9",.0,"9",5.0,"",0,"",0,"","R",0,"9",0,"9",0,"8"
"352150300","GORZÓW WIELKOPOLSKI","2018","11","27",1.2,"",-4.6,"",-1.2,"",-6.0,"",.0,"9","",0,"9",.0,"9",.0,"9",.0,"9",.0,"9",.0,"9",.0,"9",.0,"9",19.6,"",.0,"9",.0,"9",.0,"9",.0,"9",.0,"9",.0,"9",.0,"9",.0,"9",.0,"9",15.0,"",0,"",0,"","Z",8,"",0,"9",0,"8"
"352150300","GORZÓW WIELKOPOLSKI","2018","11","28",2.4,"",-2.8,"",-.9,"",-6.9,"",.0,"9","",0,"9",.0,"9",7.4,"",.0,"9",.0,"9",.0,"9",.0,"9",.0,"9",24.0,"",.0,"9",.0,"9",.0,"9",.0,"9",.0,"9",.0,"9",.0,"9",.0,"9",.0,"9",17.0,"",0,"",0,"","Z",8,"",0,"9",0,"8"
"352150300","GORZÓW WIELKOPOLSKI","2018","11","29",-.1,"",-3.6,"",-2.1,"",-4.3,"",.0,"9","",0,"9",.0,"9",5.6,"",.0,"9",.0,"9",.0,"9",.0,"9",.0,"9",8.7,"",.0,"9",.0,"9",.0,"9",.0,"9",.0,"9",.0,"9",.0,"9",.0,"9",.0,"9",10.0,"",0,"",0,"","Z",11,"",0,"9",0,"8"
"352150300","GORZÓW WIELKOPOLSKI","2018","11","30",1.5,"",-3.8,"",-1.2,"",-4.5,"",.6,"","W",0,"9",.0,"9",.2,"",.0,"9",.0,"9",.0,"9",.0,"9",.0,"9",4.5,"",.0,"9",.0,"9",.0,"9",.0,"9",.0,"9",.0,"9",.0,"9",.0,"9",.0,"9",.0,"9",0,"",0,"","Z",16,"",0,"9",0,"8"
"352150300","GORZÓW WIELKOPOLSKI","2018","12","01",1.0,"",-2.6,"",-.8,"",-2.5,"",.1,"","W",0,"9",.0,"9",.0,"9",4.7,"",.0,"9",.0,"9",.0,"9",9.1,"",10.7,"",.0,"9",15.7,"",.0,"9",.0,"9",.0,"9",.0,"9",.0,"9",.0,"9",.0,"9",.0,"9",0,"",0,"","Z",11,"",0,"9",0,"8"
"352150300","GORZÓW WIELKOPOLSKI","2018","12","02",4.5,"",.9,"",2.9,"",-1.0,"",4.1,"","W",0,"9",.0,"9",.1,"",12.3,"",.0,"9",.0,"9",.0,"9",7.2,"",11.8,"",.0,"9",.0,"9",.0,"9",.0,"9",.0,"9",.0,"9",.0,"9",.0,"9",.0,"9",.0,"9",0,"",0,"","Z",5,"",0,"9",0,"8"
"352150300","GORZÓW WIELKOPOLSKI","2018","12","03",11.1,"",3.9,"",8.8,"",3.6,"",2.5,"","W",0,"9",.0,"9",.0,"9",3.9,"",.0,"9",.0,"9",.0,"9",10.2,"",7.4,"",.0,"9",.0,"9",.0,"9",.0,"9",.0,"9",.0,"9",.0,"9",.0,"9",.0,"9",.0,"9",0,"",0,"","R",0,"9",0,"9",0,"8"
"352150300","GORZÓW WIELKOPOLSKI","2018","12","04",9.2,"",4.0,"",6.1,"",2.5,"",.0,"","W",0,"9",.0,"9",3.5,"",1.7,"",.0,"9",.0,"9",.0,"9",3.2,"",2.3,"",.0,"9",.0,"9",.0,"9",.0,"9",.0,"9",.0,"9",.0,"9",.0,"9",.0,"9",.0,"9",0,"",0,"","R",0,"9",0,"9",0,"8"
"352150300","GORZÓW WIELKOPOLSKI","2018","12","05",5.1,"",-1.6,"",1.2,"",-3.3,"",.0,"9","",0,"9",.0,"9",6.0,"",.0,"9",.0,"9",.0,"9",.0,"9",.0,"9",12.7,"",.0,"9",.0,"9",.0,"9",.0,"9",.0,"9",.0,"9",.0,"9",.0,"9",.0,"9",15.0,"",0,"",0,"","Z",1,"",0,"9",0,"8"
"352150300","GORZÓW WIELKOPOLSKI","2018","12","06",3.8,"",-.4,"",1.9,"",-4.8,"",1.6,"","W",0,"9",.0,"9",.0,"9",3.9,"",.0,"9",.0,"9",.0,"9",3.5,"",7.8,"",.0,"9",.0,"9",.0,"9",.0,"9",.0,"9",.0,"9",.0,"9",.0,"9",.0,"9",8.7,"",0,"",0,"","Z",1,"",0,"9",0,"8"
"352150300","GORZÓW WIELKOPOLSKI","2018","12","07",10.5,"",2.5,"",9.2,"",2.3,"",10.4,"","W",0,"9",.0,"9",.0,"9",17.7,"",.0,"9",.0,"9",.0,"9",.9,"",21.9,"",.0,"9",.0,"9",.0,"9",.0,"9",.0,"9",.0,"9",.0,"9",.0,"9",.0,"9",.0,"9",0,"",0,"","R",0,"9",0,"9",0,"8"
"352150300","GORZÓW WIELKOPOLSKI","2018","12","08",10.2,"",5.5,"",7.0,"",4.4,"",3.9,"","W",0,"9",.0,"9",1.1,"",4.5,"",.0,"9",.0,"9",.0,"9",.0,"9",.0,"9",.0,"9",.0,"9",.0,"9",.0,"9",.0,"9",.0,"9",.0,"9",.0,"9",.0,"9",.0,"9",0,"",0,"","R",0,"9",0,"9",0,"8"
"352150300","GORZÓW WIELKOPOLSKI","2018","12","09",7.7,"",5.4,"",6.4,"",4.1,"",4.7,"","W",0,"9",.0,"9",.2,"",15.4,"",.0,"9",.0,"9",.0,"9",.0,"9",.0,"9",.0,"9",.0,"9",.0,"9",.0,"9",.0,"9",.0,"9",.0,"9",.0,"9",.0,"9",.0,"9",0,"",0,"","R",0,"9",0,"9",0,"8"
"352150300","GORZÓW WIELKOPOLSKI","2018","12","10",6.5,"",3.0,"",4.2,"",2.1,"",4.3,"","W",0,"9",.0,"9",.5,"",4.3,"",.0,"9",.0,"9",.0,"9",.0,"9",.0,"9",.0,"9",.0,"9",.0,"9",.0,"9",.0,"9",.0,"9",.0,"9",.0,"9",.0,"9",.0,"9",0,"",0,"","R",0,"9",0,"9",0,"8"
"352150300","GORZÓW WIELKOPOLSKI","2018","12","11",3.6,"",1.8,"",2.9,"",1.1,"",.3,"","W",0,"9",.0,"9",.3,"",10.6,"",.0,"9",.0,"9",.0,"9",.0,"9",.0,"9",.0,"9",.0,"9",.0,"9",.0,"9",.0,"9",.0,"9",.0,"9",.0,"9",.0,"9",.0,"9",0,"",0,"","R",0,"9",0,"9",0,"8"
"352150300","GORZÓW WIELKOPOLSKI","2018","12","12",2.9,"",.2,"",1.5,"",-1.1,"",.0,"9","",0,"9",.0,"9",2.7,"",.2,"",.0,"9",.0,"9",.0,"9",.0,"9",7.9,"",.0,"9",.0,"9",.0,"9",.0,"9",.0,"9",.0,"9",.0,"9",.0,"9",.0,"9",.0,"9",0,"",0,"","Z",1,"",0,"9",0,"8"
"352150300","GORZÓW WIELKOPOLSKI","2018","12","13",2.3,"",.5,"",1.2,"",-.4,"",.0,"","S",0,"9",.0,"9",.0,"9",.7,"",.4,"",.0,"9",.0,"9",.0,"9",10.5,"",.0,"9",.0,"9",.0,"9",.0,"9",.0,"9",.0,"9",.0,"9",.0,"9",.0,"9",.0,"9",0,"",0,"","",0,"9",0,"9",0,"8"
"352150300","GORZÓW WIELKOPOLSKI","2018","12","14",1.0,"",-.9,"",-.5,"",-.9,"",.0,"","S",0,"9",.0,"9",.0,"9",.0,"9",1.4,"",.0,"9",.0,"9",.0,"9",1.5,"",.0,"9",.0,"9",.0,"9",.0,"9",.0,"9",.0,"9",.0,"9",.0,"9",.0,"9",.0,"9",0,"",0,"","",1,"",0,"9",0,"8"
"352150300","GORZÓW WIELKOPOLSKI","2018","12","15",.4,"",-1.3,"",-.5,"",-1.6,"",.0,"","S",0,"",.0,"9",.0,"9",.0,"9",14.9,"",.0,"9",.0,"9",.0,"9",17.2,"",.0,"9",.0,"9",.0,"9",.0,"9",.0,"9",.0,"9",.0,"9",.0,"9",.0,"9",.0,"9",0,"",0,"","",1,"",0,"9",0,"8"
"352150300","GORZÓW WIELKOPOLSKI","2018","12","16",.2,"",-2.5,"",-1.4,"",-3.4,"",.0,"","S",0,"9",.0,"9",.0,"9",.0,"9",.0,"9",.0,"9",.0,"9",.0,"9",9.3,"",.0,"9",.0,"9",.0,"9",.0,"9",.0,"9",.0,"9",.0,"9",.0,"9",.0,"9",7.0,"",0,"",0,"","",1,"",0,"9",0,"8"
"352150300","GORZÓW WIELKOPOLSKI","2018","12","17",-.3,"",-2.3,"",-1.2,"",-2.7,"",.0,"","S",0,"",.0,"9",.0,"9",.0,"9",7.6,"",.0,"9",.0,"9",.0,"9",22.5,"",.0,"9",.0,"9",.0,"9",.0,"9",.0,"9",.0,"9",.0,"9",.0,"9",.0,"9",.0,"9",0,"",0,"","",5,"",0,"9",0,"8"
"352150300","GORZÓW WIELKOPOLSKI","2018","12","18",3.1,"",-.4,"",1.4,"",-.8,"",.0,"","W",0,"9",.0,"9",.0,"9",1.8,"",.0,"9",.4,"",.0,"9",6.8,"",17.3,"",.0,"9",.0,"9",.0,"9",.0,"9",.0,"9",.0,"9",.0,"9",.0,"9",.0,"9",.0,"9",0,"",0,"","R",0,"9",0,"9",0,"8"
"352150300","GORZÓW WIELKOPOLSKI","2018","12","19",3.4,"",-.7,"",.3,"",-1.8,"",4.7,"","W",0,"9",.0,"9",.0,"9",2.2,"",.0,"9",.0,"9",.0,"9",4.2,"",19.8,"",.0,"9",.0,"9",.0,"9",.0,"9",.0,"9",.0,"9",.0,"9",.0,"9",.0,"9",.0,"9",0,"",0,"","R",0,"9",0,"9",0,"8"
"352150300","GORZÓW WIELKOPOLSKI","2018","12","20",2.2,"",.4,"",1.4,"",.2,"",.3,"","W",0,"9",.0,"9",.0,"9",9.4,"",.0,"9",.0,"9",.0,"9",12.1,"",11.9,"",.0,"9",.0,"9",.0,"9",.0,"9",.0,"9",.0,"9",.0,"9",.0,"9",.0,"9",.0,"9",0,"",0,"","R",0,"9",0,"9",0,"8"
"352150300","GORZÓW WIELKOPOLSKI","2018","12","21",5.9,"",1.6,"",4.4,"",1.3,"",7.4,"","W",0,"9",.0,"9",.0,"9",8.8,"",.0,"9",.0,"9",.0,"9",4.6,"",8.3,"",.0,"9",.0,"9",.0,"9",.0,"9",.0,"9",.0,"9",.0,"9",.0,"9",.0,"9",.0,"9",0,"",0,"","R",0,"9",0,"9",0,"8"
"352150300","GORZÓW WIELKOPOLSKI","2018","12","22",9.4,"",4.3,"",6.2,"",4.0,"",.1,"","W",0,"9",.0,"9",.0,"9",6.3,"",.0,"9",.0,"9",.0,"9",.0,"9",1.9,"",.0,"9",.0,"9",.0,"9",.0,"9",.0,"9",.0,"9",.0,"9",.0,"9",.0,"9",.0,"9",0,"",0,"","R",0,"9",0,"9",0,"8"
"352150300","GORZÓW WIELKOPOLSKI","2018","12","23",6.7,"",2.7,"",4.7,"",2.7,"",5.5,"","S",0,"9",.0,"9",.0,"9",13.2,"",.0,"9",.0,"9",.0,"9",.4,"",10.9,"",.0,"9",.0,"9",.0,"9",.0,"9",.0,"9",.0,"9",.0,"9",.0,"9",.0,"9",.0,"9",0,"",0,"","R",0,"9",0,"9",0,"8"
"352150300","GORZÓW WIELKOPOLSKI","2018","12","24",6.0,"",-.4,"",.8,"",-.6,"",.0,"","S",0,"9",.0,"9",.0,"9",.6,"",.8,"",1.1,"",.0,"9",.0,"9",.0,"9",.0,"9",.0,"9",.0,"9",.0,"9",.0,"9",.0,"9",.0,"9",.0,"9",.0,"9",.0,"9",0,"",0,"","",0,"9",0,"9",0,"8"
"352150300","GORZÓW WIELKOPOLSKI","2018","12","25",5.0,"",.4,"",3.8,"",.1,"",.9,"","W",0,"9",.0,"9",.0,"9",8.4,"",.0,"9",.0,"9",.0,"9",.0,"9",.0,"9",.0,"9",.0,"9",.0,"9",.0,"9",.0,"9",.0,"9",.0,"9",.0,"9",.0,"9",.0,"9",0,"",0,"","R",0,"9",0,"9",0,"8"
"352150300","GORZÓW WIELKOPOLSKI","2018","12","26",6.0,"",4.5,"",5.4,"",3.5,"",.2,"","W",0,"9",.0,"9",.0,"9",4.3,"",.0,"9",.0,"9",.0,"9",.0,"9",4.5,"",.0,"9",.0,"9",.0,"9",.0,"9",.0,"9",.0,"9",.0,"9",.0,"9",.0,"9",.0,"9",0,"",0,"","R",0,"9",0,"9",0,"8"
"352150300","GORZÓW WIELKOPOLSKI","2018","12","27",7.4,"",4.9,"",5.9,"",4.6,"",.1,"","W",0,"9",.0,"9",.0,"9",17.7,"",.0,"9",.0,"9",.0,"9",.0,"9",24.0,"",.0,"9",.0,"9",.0,"9",.0,"9",.0,"9",.0,"9",.0,"9",.0,"9",.0,"9",.0,"9",0,"",0,"","R",0,"9",0,"9",0,"8"
"352150300","GORZÓW WIELKOPOLSKI","2018","12","28",7.0,"",5.3,"",5.9,"",4.9,"",1.8,"","W",0,"9",.0,"9",.0,"9",9.3,"",.0,"9",.0,"9",.0,"9",.0,"9",8.8,"",.0,"9",.0,"9",.0,"9",.0,"9",.0,"9",.0,"9",.0,"9",.0,"9",.0,"9",.0,"9",0,"",0,"","R",0,"9",0,"9",0,"8"
"352150300","GORZÓW WIELKOPOLSKI","2018","12","29",6.4,"",4.7,"",5.8,"",3.9,"",3.3,"","W",0,"9",.0,"9",.0,"9",15.9,"",.0,"9",.0,"9",.0,"9",.0,"9",21.2,"",.0,"9",.0,"9",.0,"9",.0,"9",.0,"9",.0,"9",.0,"9",.0,"9",.0,"9",.0,"9",0,"",0,"","R",0,"9",0,"9",0,"8"
"352150300","GORZÓW WIELKOPOLSKI","2018","12","30",7.1,"",4.4,"",5.1,"",3.9,"",2.1,"","W",0,"9",.0,"9",.0,"9",9.1,"",.0,"9",.0,"9",.0,"9",.0,"9",7.9,"",.0,"9",.0,"9",.0,"9",.0,"9",.0,"9",.0,"9",.0,"9",.0,"9",.0,"9",.0,"9",0,"",0,"","R",0,"9",0,"9",0,"8"
"352150300","GORZÓW WIELKOPOLSKI","2018","12","31",5.2,"",2.3,"",3.2,"",1.0,"",.2,"","W",0,"9",.0,"9",.0,"9",.9,"",.0,"9",.0,"9",.0,"9",3.4,"",4.1,"",.0,"9",.0,"9",.0,"9",.0,"9",.0,"9",.0,"9",.0,"9",.0,"9",.0,"9",.0,"9",0,"",0,"","R",0,"9",0,"9",0,"8"
