"349190650","KASPROWY WIERCH","2018","01","01",.7,"",-6.0,"",-2.9,"",.0,"8",1.0,"","S",213,"",2.8,"",.7,"",.0,"9",3.0,"",.0,"9",.0,"9",6.7,"",.0,"9",6.7,"",.0,"9",.0,"9",2.7,"",.0,"9",9.8,"",.0,"9",.0,"9",.0,"9",.0,"9",1,"",0,"","R",0,"8",0,"8",0,"8"
"349190650","KASPROWY WIERCH","2018","01","02",-3.8,"",-6.7,"",-5.7,"",.0,"8",1.4,"","S",213,"",2.8,"",1.0,"",.0,"9",5.2,"",.0,"9",.0,"9",11.7,"",.0,"9",11.7,"",.0,"9",.0,"9",2.9,"",.0,"9",.0,"9",.0,"9",.0,"9",.0,"9",.0,"9",1,"",0,"","R",0,"8",0,"8",0,"8"
"349190650","KASPROWY WIERCH","2018","01","03",-6.5,"",-9.9,"",-8.4,"",.0,"8",5.9,"","S",208,"",2.6,"",3.0,"",.0,"9",11.4,"",.0,"9",.0,"9",17.8,"",.0,"9",17.8,"",.0,"9",.0,"9",18.2,"",.0,"9",12.0,"",8.3,"",.0,"9",.0,"9",.0,"9",1,"",0,"","R",0,"8",0,"8",0,"8"
"349190650","KASPROWY WIERCH","2018","01","04",-6.0,"",-7.5,"",-6.6,"",.0,"8",.0,"","S",211,"",2.8,"",.5,"",.0,"9",5.7,"",.0,"9",.0,"9",16.7,"",.0,"9",16.7,"",.0,"9",.0,"9",17.1,"",.0,"9",9.0,"",2.8,"",.0,"9",.0,"9",.0,"9",1,"",0,"","",0,"8",0,"8",0,"8"
"349190650","KASPROWY WIERCH","2018","01","05",.7,"",-7.1,"",-3.1,"",.0,"8",.6,"","W",209,"",2.8,"",2.8,"",1.8,"",.0,"9",.0,"9",.0,"9",7.9,"",.0,"9",6.1,"",1.8,"",.0,"9",22.2,"",.0,"9",16.8,"",4.3,"",.0,"9",.0,"9",.0,"9",1,"",0,"","Z",0,"8",0,"8",0,"8"
"349190650","KASPROWY WIERCH","2018","01","06",.0,"",-2.9,"",-.8,"",.0,"8",.7,"","S",205,"",2.8,"",6.6,"",4.0,"",.0,"9",.0,"9",.0,"9",17.0,"",.0,"9",11.5,"",4.0,"",.0,"9",.0,"9",.0,"9",5.8,"",.5,"",.0,"9",.0,"9",.0,"9",1,"",0,"","R",0,"8",0,"8",0,"8"
"349190650","KASPROWY WIERCH","2018","01","07",-.2,"",-2.2,"",-1.2,"",.0,"8",.0,"","S",198,"",2.8,"",1.1,"",.3,"",1.6,"",.0,"9",.0,"9",16.3,"",.0,"9",13.0,"",.3,"",.0,"9",.0,"9",.0,"9",1.3,"",.0,"9",.0,"9",.0,"9",.0,"9",1,"",0,"","",0,"8",0,"8",0,"8"
"349190650","KASPROWY WIERCH","2018","01","08",-.3,"",-2.8,"",-.9,"",.0,"8",.1,"","S",195,"",2.7,"",.0,"9",.0,"9",1.4,"",.0,"9",.0,"9",13.7,"",.0,"9",13.7,"",.0,"9",.0,"9",.0,"9",.0,"9",.8,"",.0,"9",.0,"9",.0,"9",.0,"9",1,"",0,"","Z",0,"8",0,"8",0,"8"
"349190650","KASPROWY WIERCH","2018","01","09",-.4,"",-4.1,"",-1.7,"",.0,"8",.0,"9","",194,"",2.7,"",5.0,"",.0,"9",.0,"9",.0,"9",.0,"9",4.4,"",.0,"9",4.4,"",.0,"9",.0,"9",17.5,"",.0,"9",16.7,"",.3,"",.0,"9",.0,"9",.0,"9",1,"",0,"","Z",0,"8",0,"8",0,"8"
"349190650","KASPROWY WIERCH","2018","01","10",1.2,"",-3.4,"",-1.9,"",.0,"8",2.1,"","S",191,"",2.8,"",.0,"9",.0,"9",8.4,"",.0,"9",.0,"9",14.6,"",.0,"9",14.6,"",.0,"9",.0,"9",3.2,"",.0,"9",7.3,"",.0,"9",.0,"9",.0,"9",.0,"9",1,"",0,"","R",0,"8",0,"8",0,"8"
"349190650","KASPROWY WIERCH","2018","01","11",-1.3,"",-5.0,"",-3.2,"",.0,"8",1.5,"","S",190,"",2.8,"",2.5,"",.0,"9",5.0,"",.0,"9",.0,"9",16.2,"",.0,"9",16.2,"",.0,"9",.0,"9",1.6,"",.0,"9",.0,"9",.0,"9",.0,"9",.0,"9",.0,"9",1,"",0,"","R",0,"8",0,"8",0,"8"
"349190650","KASPROWY WIERCH","2018","01","12",-1.0,"",-4.6,"",-3.0,"",.0,"8",.0,"","S",190,"",2.8,"",1.2,"",.0,"9",6.1,"",.0,"9",.0,"9",7.8,"",.0,"9",7.8,"",.0,"9",.0,"9",2.3,"",.0,"9",.0,"9",.0,"9",.0,"9",.0,"9",.0,"9",1,"",0,"","",0,"8",0,"8",0,"8"
"349190650","KASPROWY WIERCH","2018","01","13",-1.8,"",-11.6,"",-9.9,"",.0,"8",.0,"","S",190,"",2.8,"",4.3,"",.0,"9",2.4,"",.0,"9",.0,"9",8.4,"",.0,"9",8.4,"",.0,"9",.0,"9",.0,"9",.0,"9",.0,"9",.0,"9",.0,"9",.0,"9",.0,"9",1,"",0,"","",0,"8",0,"8",0,"8"
"349190650","KASPROWY WIERCH","2018","01","14",-9.7,"",-12.7,"",-11.9,"",.0,"8",.0,"","S",190,"",2.7,"",5.9,"",.0,"9",3.1,"",.0,"9",.0,"9",.0,"9",.0,"9",.0,"9",.0,"9",.0,"9",.0,"9",.0,"9",.0,"9",.0,"9",.0,"9",.0,"9",.0,"9",1,"",0,"","",0,"8",0,"8",0,"8"
"349190650","KASPROWY WIERCH","2018","01","15",-8.9,"",-12.9,"",-10.8,"",.0,"8",.0,"9","",190,"",2.7,"",7.7,"",.0,"9",.0,"9",.0,"9",.0,"9",.8,"",.0,"9",.8,"",.0,"9",.0,"9",.0,"9",.0,"9",6.5,"",.0,"9",.0,"9",.0,"9",.0,"9",1,"",0,"","R",0,"8",0,"8",0,"8"
"349190650","KASPROWY WIERCH","2018","01","16",-7.1,"",-15.4,"",-10.6,"",.0,"8",1.8,"","S",187,"",2.9,"",.0,"9",.0,"9",8.1,"",.0,"9",.0,"9",22.2,"",.0,"9",22.2,"",.0,"9",.0,"9",23.9,"",.0,"9",23.5,"",9.7,"",.0,"9",.0,"9",.0,"9",1,"",0,"","R",0,"8",0,"8",0,"8"
"349190650","KASPROWY WIERCH","2018","01","17",-6.5,"",-10.9,"",-10.2,"",.0,"8",2.9,"","S",188,"",2.9,"",4.9,"",.0,"9",12.7,"",.0,"9",.0,"9",15.0,"",.0,"9",15.0,"",.0,"9",.0,"9",24.0,"",.0,"9",5.5,"",.0,"9",.0,"9",.0,"9",.0,"9",1,"",0,"","R",0,"8",0,"8",0,"8"
"349190650","KASPROWY WIERCH","2018","01","18",-9.6,"",-12.7,"",-11.3,"",.0,"8",2.1,"","S",190,"",2.8,"",1.6,"",.0,"9",19.8,"",.0,"9",.0,"9",19.9,"",.0,"9",19.9,"",.0,"9",.0,"9",24.0,"",.0,"9",12.8,"",5.7,"",.0,"9",.0,"9",.0,"9",1,"",0,"","R",0,"8",0,"8",0,"8"
"349190650","KASPROWY WIERCH","2018","01","19",-8.3,"",-11.3,"",-10.4,"",.0,"8",.1,"","S",191,"",2.9,"",.7,"",.0,"9",13.8,"",.0,"9",.0,"9",9.9,"",.0,"9",9.9,"",.0,"9",.0,"9",16.5,"",.0,"9",7.7,"",.7,"",.0,"9",.0,"9",.0,"9",1,"",0,"","R",0,"8",0,"8",0,"8"
"349190650","KASPROWY WIERCH","2018","01","20",-10.2,"",-12.1,"",-11.2,"",.0,"8",2.5,"","S",191,"",2.9,"",.0,"9",.0,"9",17.2,"",.0,"9",.0,"9",18.2,"",.0,"9",18.2,"",.0,"9",.0,"9",5.8,"",.0,"9",.7,"",.0,"9",.0,"9",.0,"9",.0,"9",1,"",0,"","R",0,"8",0,"8",0,"8"
"349190650","KASPROWY WIERCH","2018","01","21",-9.2,"",-11.9,"",-11.0,"",.0,"8",19.9,"","S",195,"",2.9,"",.0,"9",.0,"9",24.0,"",.0,"9",.0,"9",24.0,"",.0,"9",24.0,"",.0,"9",.0,"9",24.0,"",.0,"9",6.5,"",.0,"9",.0,"9",.0,"9",.0,"9",1,"",0,"","R",0,"8",0,"8",0,"8"
"349190650","KASPROWY WIERCH","2018","01","22",-10.4,"",-15.0,"",-12.8,"",.0,"8",.0,"","S",220,"",2.5,"",8.0,"",.0,"9",6.2,"",.0,"9",.0,"9",6.4,"",.0,"9",6.4,"",.0,"9",.0,"9",6.7,"",.0,"9",.5,"",.0,"9",.0,"9",.0,"9",.0,"9",1,"",0,"","",0,"8",0,"8",0,"8"
"349190650","KASPROWY WIERCH","2018","01","23",-8.8,"",-13.9,"",-10.5,"",.0,"8",.2,"","S",220,"",2.5,"",.9,"",.0,"9",6.2,"",.0,"9",.0,"9",16.3,"",.0,"9",16.3,"",.0,"9",.0,"9",.0,"9",.0,"9",.0,"9",.0,"9",.0,"9",.0,"9",.0,"9",1,"",0,"","R",0,"8",0,"8",0,"8"
"349190650","KASPROWY WIERCH","2018","01","24",-.4,"",-10.0,"",-4.8,"",.0,"8",.2,"","S",219,"",2.7,"",.7,"",.0,"9",2.9,"",.0,"9",.0,"9",19.3,"",.0,"9",13.8,"",.0,"9",.0,"9",10.8,"",.0,"9",4.7,"",.0,"9",.0,"9",.0,"9",.0,"9",1,"",0,"","R",0,"8",0,"8",0,"8"
"349190650","KASPROWY WIERCH","2018","01","25",3.4,"",-1.9,"",1.2,"",.0,"8",.0,"9","",216,"",2.9,"",7.5,"",.0,"9",.0,"9",.0,"9",.0,"9",1.6,"",.0,"9",1.6,"",.0,"9",.0,"9",.0,"9",.0,"9",4.3,"",.0,"9",.0,"9",.0,"9",.0,"9",1,"",0,"","R",0,"8",0,"8",0,"8"
"349190650","KASPROWY WIERCH","2018","01","26",3.9,"",-5.9,"",-1.8,"",.0,"8",.0,"9","",210,"",3.0,"",.0,"9",.0,"9",.0,"9",.0,"9",.0,"9",8.3,"",.0,"9",8.3,"",.0,"9",.0,"9",4.1,"",.0,"9",8.7,"",.5,"",.0,"9",.0,"9",.0,"9",1,"",0,"","R",0,"8",0,"8",0,"8"
"349190650","KASPROWY WIERCH","2018","01","27",2.6,"",-5.6,"",-1.5,"",.0,"8",.0,"9","",206,"",3.0,"",7.3,"",.0,"9",.0,"9",.0,"9",.0,"9",5.9,"",.0,"9",5.9,"",.0,"9",.0,"9",.0,"9",.0,"9",.0,"9",.0,"9",.0,"9",.0,"9",.0,"9",1,"",0,"","R",0,"8",0,"8",0,"8"
"349190650","KASPROWY WIERCH","2018","01","28",-1.3,"",-5.7,"",-3.7,"",.0,"8",.6,"","S",201,"",3.0,"",1.4,"",.0,"9",8.1,"",.0,"9",.0,"9",12.8,"",.0,"9",12.8,"",.0,"9",.0,"9",16.2,"",.0,"9",8.3,"",.3,"",.0,"9",.0,"9",.0,"9",1,"",0,"","R",0,"8",0,"8",0,"8"
"349190650","KASPROWY WIERCH","2018","01","29",1.1,"",-5.7,"",-1.0,"",.0,"8",.6,"","S",200,"",3.0,"",3.4,"",.0,"9",.0,"9",.0,"9",.0,"9",11.8,"",.0,"9",11.8,"",.0,"9",.0,"9",24.0,"",.0,"9",15.2,"",6.0,"",.0,"9",.0,"9",.0,"9",1,"",0,"","R",0,"8",0,"8",0,"8"
"349190650","KASPROWY WIERCH","2018","01","30",2.0,"",-9.7,"",-7.5,"",.0,"8",3.9,"","S",196,"",3.1,"",.0,"9",.0,"9",10.0,"",.0,"9",.0,"9",21.9,"",.0,"9",21.9,"",.0,"9",.0,"9",21.7,"",.0,"9",6.0,"",1.2,"",.0,"9",.0,"9",.0,"9",1,"",0,"","R",0,"8",0,"8",0,"8"
"349190650","KASPROWY WIERCH","2018","01","31",-5.4,"",-11.6,"",-8.0,"",.0,"8",.5,"","S",198,"",3.1,"",2.5,"",.0,"9",1.6,"",.0,"9",.0,"9",6.2,"",.0,"9",6.2,"",.0,"9",.0,"9",15.7,"",.0,"9",14.2,"",4.8,"",.0,"9",.0,"9",.0,"9",1,"",0,"","R",0,"8",0,"8",0,"8"
"349190650","KASPROWY WIERCH","2018","02","01",-2.4,"",-7.4,"",-4.9,"",.0,"8",5.0,"","S",198,"",3.1,"",.0,"9",.0,"9",10.8,"",.0,"9",.0,"9",18.4,"",.0,"9",18.4,"",.0,"9",.0,"9",24.0,"",.0,"9",22.3,"",2.2,"",.0,"9",.0,"9",.0,"9",1,"",0,"","R",0,"8",0,"8",0,"8"
"349190650","KASPROWY WIERCH","2018","02","02",-3.8,"",-6.8,"",-6.0,"",.0,"8",6.4,"","S",201,"",3.0,"",.0,"9",.0,"9",22.2,"",.0,"9",.0,"9",22.3,"",.0,"9",22.3,"",.0,"9",.0,"9",18.2,"",.0,"9",1.2,"",.0,"9",.0,"9",.0,"9",.0,"9",1,"",0,"","R",0,"8",0,"8",0,"8"
"349190650","KASPROWY WIERCH","2018","02","03",-6.1,"",-11.2,"",-10.3,"",.0,"8",6.1,"","S",210,"",2.8,"",.0,"9",.0,"9",10.9,"",.0,"9",.0,"9",12.4,"",.0,"9",12.4,"",.0,"9",.0,"9",10.9,"",.0,"9",.0,"9",.0,"9",.0,"9",.0,"9",.0,"9",1,"",0,"","R",0,"8",0,"8",0,"8"
"349190650","KASPROWY WIERCH","2018","02","04",-10.0,"",-12.4,"",-11.4,"",.0,"8",11.9,"","S",218,"",2.7,"",.0,"9",.0,"9",18.8,"",.0,"9",.0,"9",21.3,"",.0,"9",21.3,"",.0,"9",.0,"9",8.5,"",.0,"9",.0,"9",.0,"9",.0,"9",.0,"9",.0,"9",1,"",0,"","R",0,"8",0,"8",0,"8"
"349190650","KASPROWY WIERCH","2018","02","05",-11.1,"",-16.3,"",-13.8,"",.0,"8",2.0,"","S",245,"",2.5,"",.5,"",.0,"9",20.9,"",.0,"9",.0,"9",21.8,"",.0,"9",21.8,"",.0,"9",.0,"9",.0,"9",.0,"9",.0,"9",.0,"9",.0,"9",.0,"9",.0,"9",1,"",0,"","R",0,"8",0,"8",0,"8"
"349190650","KASPROWY WIERCH","2018","02","06",-10.4,"",-18.6,"",-15.0,"",.0,"8",.0,"9","",253,"",2.4,"",8.3,"",.0,"9",.0,"9",.0,"9",.0,"9",1.2,"",.0,"9",1.2,"",.0,"9",.0,"9",20.0,"",.0,"9",11.8,"",.0,"9",.0,"9",.0,"9",.0,"9",1,"",0,"","R",0,"8",0,"8",0,"8"
"349190650","KASPROWY WIERCH","2018","02","07",-4.9,"",-13.3,"",-6.2,"",.0,"8",7.9,"","S",250,"",2.4,"",.3,"",.0,"9",16.4,"",.0,"9",.0,"9",16.3,"",.0,"9",16.3,"",.0,"9",.0,"9",23.5,"",.0,"9",8.5,"",.0,"9",.0,"9",.0,"9",.0,"9",1,"",0,"","R",0,"8",0,"8",0,"8"
"349190650","KASPROWY WIERCH","2018","02","08",-4.2,"",-8.7,"",-6.2,"",.0,"8",.6,"","S",253,"",2.4,"",.0,"9",.0,"9",16.3,"",.0,"9",.0,"9",24.0,"",.0,"9",24.0,"",.0,"9",.0,"9",14.2,"",.0,"9",.0,"9",.0,"9",.0,"9",.0,"9",.0,"9",1,"",0,"","R",0,"8",0,"8",0,"8"
"349190650","KASPROWY WIERCH","2018","02","09",-4.1,"",-10.0,"",-7.6,"",.0,"8",.0,"","S",254,"",2.5,"",.0,"9",.0,"9",.4,"",.0,"9",.0,"9",6.3,"",.0,"9",6.3,"",.0,"9",.0,"9",.0,"9",.0,"9",.0,"9",.0,"9",.0,"9",.0,"9",.0,"9",1,"",0,"","",0,"8",0,"8",0,"8"
"349190650","KASPROWY WIERCH","2018","02","10",-5.9,"",-9.2,"",-8.3,"",.0,"8",.3,"","S",249,"",2.6,"",.0,"9",.0,"9",17.0,"",.0,"9",.0,"9",9.1,"",.0,"9",9.1,"",.0,"9",.0,"9",.0,"9",.0,"9",.0,"9",.0,"9",.0,"9",.0,"9",.0,"9",1,"",0,"","R",0,"8",0,"8",0,"8"
"349190650","KASPROWY WIERCH","2018","02","11",-6.5,"",-11.1,"",-9.8,"",.0,"8",.1,"","S",250,"",2.6,"",3.2,"",.0,"9",3.3,"",.0,"9",.0,"9",8.5,"",.0,"9",8.5,"",.0,"9",.0,"9",5.0,"",.0,"9",.0,"9",.0,"9",.0,"9",.0,"9",.0,"9",1,"",0,"","R",0,"8",0,"8",0,"8"
"349190650","KASPROWY WIERCH","2018","02","12",-6.7,"",-10.8,"",-8.6,"",.0,"8",5.5,"","S",247,"",2.6,"",.0,"9",1.9,"",12.1,"",.0,"9",.0,"9",22.4,"",.0,"9",20.5,"",1.9,"",.0,"9",4.8,"",.0,"9",.0,"9",.0,"9",.0,"9",.0,"9",.0,"9",1,"",0,"","R",0,"8",0,"8",0,"8"
"349190650","KASPROWY WIERCH","2018","02","13",-8.8,"",-11.6,"",-10.9,"",.0,"8",7.5,"","S",255,"",2.6,"",.0,"9",.0,"9",20.8,"",.0,"9",.0,"9",21.4,"",.0,"9",21.4,"",.0,"9",.0,"9",20.8,"",.0,"9",.0,"9",.0,"9",.0,"9",.0,"9",.0,"9",1,"",0,"","R",0,"8",0,"8",0,"8"
"349190650","KASPROWY WIERCH","2018","02","14",-10.3,"",-12.7,"",-12.0,"",.0,"8",8.0,"","S",265,"",2.5,"",.0,"9",.0,"9",24.0,"",.0,"9",.0,"9",24.0,"",.0,"9",24.0,"",.0,"9",.0,"9",24.0,"",.0,"9",.5,"",.0,"9",.0,"9",.0,"9",.0,"9",1,"",0,"","R",0,"8",0,"8",0,"8"
"349190650","KASPROWY WIERCH","2018","02","15",-6.4,"",-13.8,"",-10.9,"",.0,"8",.0,"9","",280,"",2.4,"",8.0,"",.0,"9",4.2,"",.0,"9",.0,"9",9.2,"",.0,"9",9.2,"",.0,"9",.0,"9",4.2,"",.0,"9",1.7,"",.0,"9",.0,"9",.0,"9",.0,"9",1,"",0,"","R",0,"8",0,"8",0,"8"
"349190650","KASPROWY WIERCH","2018","02","16",-5.2,"",-10.9,"",-8.6,"",.0,"8",2.9,"","S",267,"",2.5,"",.0,"9",.0,"9",11.8,"",.0,"9",.0,"9",10.0,"",.0,"9",10.0,"",.0,"9",.0,"9",10.8,"",.0,"9",3.8,"",.0,"9",.0,"9",.0,"9",.0,"9",1,"",0,"","R",0,"8",0,"8",0,"8"
"349190650","KASPROWY WIERCH","2018","02","17",-8.2,"",-12.3,"",-10.4,"",.0,"8",3.6,"","S",267,"",2.5,"",6.5,"",.0,"9",7.3,"",.0,"9",.0,"9",6.7,"",.0,"9",6.7,"",.0,"9",.0,"9",13.7,"",.0,"9",.0,"9",.0,"9",.0,"9",.0,"9",.0,"9",1,"",0,"","R",0,"8",0,"8",0,"8"
"349190650","KASPROWY WIERCH","2018","02","18",-9.6,"",-13.5,"",-11.9,"",.0,"8",2.7,"","S",266,"",2.5,"",.0,"9",.0,"9",18.8,"",.0,"9",.0,"9",20.3,"",.0,"9",20.3,"",.0,"9",.0,"9",22.0,"",.0,"9",.0,"9",.0,"9",.0,"9",.0,"9",.0,"9",1,"",0,"","R",0,"8",0,"8",0,"8"
"349190650","KASPROWY WIERCH","2018","02","19",-5.6,"",-14.3,"",-8.2,"",.0,"8",.0,"9","",269,"",2.5,"",9.8,"",.0,"9",.0,"9",.0,"9",.0,"9",.0,"9",.0,"9",.0,"9",.0,"9",.0,"9",.0,"9",.0,"9",.0,"9",.0,"9",.0,"9",.0,"9",.0,"9",1,"",0,"","R",0,"8",0,"8",0,"8"
"349190650","KASPROWY WIERCH","2018","02","20",-6.5,"",-9.0,"",-7.9,"",.0,"8",.7,"","S",258,"",2.8,"",3.0,"",.0,"9",6.5,"",.0,"9",.0,"9",.0,"9",.0,"9",.0,"9",.0,"9",.0,"9",11.3,"",.0,"9",.0,"9",.0,"9",.0,"9",.0,"9",.0,"9",1,"",0,"","R",0,"8",0,"8",0,"8"
"349190650","KASPROWY WIERCH","2018","02","21",-6.9,"",-11.1,"",-8.9,"",.0,"8",.2,"","S",256,"",2.8,"",.2,"",.0,"9",9.8,"",.0,"9",.0,"9",14.8,"",.0,"9",14.8,"",.0,"9",.0,"9",16.0,"",.0,"9",.0,"9",.0,"9",.0,"9",.0,"9",.0,"9",1,"",0,"","R",0,"8",0,"8",0,"8"
"349190650","KASPROWY WIERCH","2018","02","22",-2.2,"",-12.0,"",-8.0,"",.0,"8",.0,"","S",256,"",2.8,"",9.5,"",.0,"9",.0,"9",.0,"9",.0,"9",.0,"9",.0,"9",.0,"9",.0,"9",.0,"9",4.6,"",.0,"9",.0,"9",.0,"9",.0,"9",.0,"9",.0,"9",1,"",0,"","",0,"8",0,"8",0,"8"
"349190650","KASPROWY WIERCH","2018","02","23",-6.0,"",-14.7,"",-9.4,"",.0,"8",.1,"","S",250,"",2.8,"",2.7,"",.0,"9",4.3,"",.0,"9",.0,"9",6.8,"",.0,"9",6.8,"",.0,"9",.0,"9",.0,"9",.0,"9",.0,"9",.0,"9",.0,"9",.0,"9",.0,"9",1,"",0,"","R",0,"8",0,"8",0,"8"
"349190650","KASPROWY WIERCH","2018","02","24",-12.6,"",-21.2,"",-18.9,"",.0,"8",5.5,"","S",248,"",2.9,"",.6,"",.0,"9",13.2,"",.0,"9",.0,"9",15.4,"",.0,"9",15.4,"",.0,"9",.0,"9",12.8,"",.0,"9",3.7,"",.0,"9",.0,"9",.0,"9",.0,"9",1,"",0,"","R",0,"8",0,"8",0,"8"
"349190650","KASPROWY WIERCH","2018","02","25",-21.2,"",-24.4,"",-22.6,"",.0,"8",.0,"9","",257,"",2.8,"",8.4,"",.0,"9",1.9,"",.0,"9",.0,"9",19.6,"",.0,"9",19.6,"",.0,"9",.0,"9",24.0,"",.0,"9",.0,"9",.0,"9",.0,"9",.0,"9",.0,"9",1,"",0,"","R",0,"8",0,"8",0,"8"
"349190650","KASPROWY WIERCH","2018","02","26",-17.9,"",-24.1,"",-21.0,"",.0,"8",.0,"9","",254,"",2.8,"",8.4,"",.0,"9",.0,"9",.0,"9",.0,"9",8.9,"",.0,"9",8.9,"",.0,"9",.0,"9",10.3,"",.0,"9",.0,"9",.0,"9",.0,"9",.0,"9",.0,"9",1,"",0,"","R",0,"8",0,"8",0,"8"
"349190650","KASPROWY WIERCH","2018","02","27",-13.6,"",-22.5,"",-19.4,"",.0,"8",.4,"","S",253,"",2.8,"",7.4,"",.0,"9",4.3,"",.0,"9",.0,"9",.0,"9",.0,"9",.0,"9",.0,"9",.0,"9",.0,"9",.0,"9",.0,"9",.0,"9",.0,"9",.0,"9",.0,"9",1,"",0,"","R",0,"8",0,"8",0,"8"
"349190650","KASPROWY WIERCH","2018","02","28",-17.6,"",-22.2,"",-20.4,"",.0,"8",.0,"9","",250,"",2.8,"",10.1,"",.0,"9",5.8,"",.0,"9",.0,"9",2.4,"",.0,"9",2.4,"",.0,"9",.0,"9",1.2,"",.0,"9",.0,"9",.0,"9",.0,"9",.0,"9",.0,"9",1,"",0,"","R",0,"8",0,"8",0,"8"
"349190650","KASPROWY WIERCH","2018","03","01",-12.7,"",-21.4,"",-16.9,"",.0,"8",.0,"9","",247,"",2.8,"",10.5,"",.0,"9",.0,"9",.0,"9",.0,"9",.0,"9",.0,"9",.0,"9",.0,"9",.0,"9",.0,"9",.0,"9",.0,"9",.0,"9",.0,"9",.0,"9",.0,"9",1,"",0,"","R",0,"8",0,"8",0,"8"
"349190650","KASPROWY WIERCH","2018","03","02",-7.6,"",-15.9,"",-11.7,"",.0,"8",.3,"","S",245,"",2.9,"",2.0,"",.0,"9",7.3,"",.0,"9",.0,"9",20.3,"",.0,"9",20.3,"",.0,"9",.0,"9",9.1,"",.0,"9",5.2,"",.0,"9",.0,"9",.0,"9",.0,"9",1,"",0,"","R",0,"8",0,"8",0,"8"
"349190650","KASPROWY WIERCH","2018","03","03",-9.1,"",-15.8,"",-13.0,"",.0,"8",.0,"9","",244,"",2.8,"",10.0,"",.0,"9",1.9,"",.0,"9",.0,"9",4.7,"",.0,"9",4.7,"",.0,"9",.0,"9",.0,"9",.0,"9",.0,"9",.0,"9",.0,"9",.0,"9",.0,"9",1,"",0,"","R",0,"8",0,"8",0,"8"
"349190650","KASPROWY WIERCH","2018","03","04",-6.2,"",-13.9,"",-8.9,"",.0,"8",.0,"9","",243,"",2.8,"",10.2,"",.0,"9",.0,"9",.0,"9",.0,"9",.0,"9",.0,"9",.0,"9",.0,"9",.0,"9",.0,"9",.0,"9",3.5,"",.0,"9",.0,"9",.0,"9",.0,"9",1,"",0,"","R",0,"8",0,"8",0,"8"
"349190650","KASPROWY WIERCH","2018","03","05",-2.6,"",-8.6,"",-4.4,"",.0,"8",.3,"","S",242,"",2.8,"",6.9,"",.0,"9",2.3,"",.0,"9",.0,"9",1.4,"",.0,"9",1.4,"",.0,"9",.0,"9",1.8,"",.0,"9",13.7,"",.0,"9",.0,"9",.0,"9",.0,"9",1,"",0,"","R",0,"8",0,"8",0,"8"
"349190650","KASPROWY WIERCH","2018","03","06",-1.9,"",-7.0,"",-3.6,"",.0,"8",2.0,"","S",238,"",2.9,"",.0,"9",.0,"9",13.4,"",.0,"9",.0,"9",22.8,"",.0,"9",22.8,"",.0,"9",.0,"9",24.0,"",.0,"9",12.8,"",.0,"9",.0,"9",.0,"9",.0,"9",1,"",0,"","R",0,"8",0,"8",0,"8"
"349190650","KASPROWY WIERCH","2018","03","07",-3.1,"",-5.7,"",-4.2,"",.0,"8",.3,"","S",239,"",2.9,"",1.8,"",.0,"9",5.6,"",.0,"9",.0,"9",15.9,"",.0,"9",15.9,"",.0,"9",.0,"9",24.0,"",.0,"9",.7,"",.0,"9",.0,"9",.0,"9",.0,"9",1,"",0,"","R",0,"8",0,"8",0,"8"
"349190650","KASPROWY WIERCH","2018","03","08",-4.2,"",-7.8,"",-6.1,"",.0,"8",1.2,"","S",238,"",3.0,"",.0,"9",.0,"9",8.3,"",.0,"9",.0,"9",7.4,"",.0,"9",7.4,"",.0,"9",.0,"9",1.5,"",.0,"9",.3,"",.0,"9",.0,"9",.0,"9",.0,"9",1,"",0,"","R",0,"8",0,"8",0,"8"
"349190650","KASPROWY WIERCH","2018","03","09",-4.6,"",-8.7,"",-6.0,"",.0,"8",.0,"","S",239,"",3.1,"",4.3,"",.0,"9",.6,"",.0,"9",.0,"9",.8,"",.0,"9",.8,"",.0,"9",.0,"9",22.7,"",.0,"9",9.5,"",.0,"9",.0,"9",.0,"9",.0,"9",1,"",0,"","",0,"8",0,"8",0,"8"
"349190650","KASPROWY WIERCH","2018","03","10",-.4,"",-5.5,"",-2.2,"",.0,"8",.0,"","S",238,"",3.1,"",.4,"",.0,"9",2.7,"",.0,"9",.0,"9",11.3,"",.0,"9",3.3,"",.0,"9",.0,"9",3.3,"",.0,"9",.0,"9",.0,"9",.0,"9",.0,"9",.0,"9",1,"",0,"","",0,"8",0,"8",0,"8"
"349190650","KASPROWY WIERCH","2018","03","11",.6,"",-2.3,"",-.6,"",.0,"8",3.5,"","W",233,"",3.2,"",6.7,"",4.3,"",.0,"9",.0,"9",.0,"9",13.3,"",.0,"9",4.3,"",.0,"9",.0,"9",.0,"9",.0,"9",9.7,"",2.7,"",.0,"9",.0,"9",.0,"9",1,"",0,"","R",0,"8",0,"8",0,"8"
"349190650","KASPROWY WIERCH","2018","03","12",1.8,"",-1.6,"",-.1,"",.0,"8",8.6,"","S",224,"",3.6,"",.0,"9",6.0,"",.6,"",4.0,"",.0,"9",24.0,"",.0,"9",10.9,"",3.7,"",.0,"9",8.9,"",.0,"9",23.5,"",9.0,"",.0,"9",.0,"9",.0,"9",1,"",0,"","R",0,"8",0,"8",0,"8"
"349190650","KASPROWY WIERCH","2018","03","13",-1.2,"",-3.8,"",-2.9,"",.0,"8",.0,"9","",221,"",3.7,"",.3,"",.0,"9",1.9,"",.0,"9",.0,"9",5.7,"",.0,"9",5.2,"",.0,"9",.0,"9",2.7,"",.0,"9",1.8,"",.0,"9",.0,"9",.0,"9",.0,"9",1,"",0,"","R",0,"8",0,"8",0,"8"
"349190650","KASPROWY WIERCH","2018","03","14",-2.5,"",-4.9,"",-4.2,"",.0,"8",2.3,"","S",220,"",3.7,"",.0,"9",.0,"9",1.3,"",.0,"9",.0,"9",19.4,"",.0,"9",19.4,"",.0,"9",.0,"9",.0,"9",.0,"9",.0,"9",.0,"9",.0,"9",.0,"9",.0,"9",1,"",0,"","R",0,"8",0,"8",0,"8"
"349190650","KASPROWY WIERCH","2018","03","15",-4.2,"",-6.5,"",-5.3,"",.0,"8",1.8,"","S",222,"",3.7,"",.4,"",.0,"9",6.5,"",.0,"9",.0,"9",20.2,"",.0,"9",20.2,"",.0,"9",.0,"9",8.4,"",.0,"9",6.3,"",.0,"9",.0,"9",.0,"9",.0,"9",1,"",0,"","R",0,"8",0,"8",0,"8"
"349190650","KASPROWY WIERCH","2018","03","16",-3.1,"",-6.1,"",-4.0,"",.0,"8",7.6,"","S",219,"",3.7,"",.0,"9",.0,"9",19.4,"",.3,"",.0,"9",24.0,"",.0,"9",23.8,"",.3,"",.0,"9",19.4,"",.0,"9",9.2,"",.0,"9",.0,"9",.0,"9",.0,"9",1,"",0,"","R",0,"8",0,"8",0,"8"
"349190650","KASPROWY WIERCH","2018","03","17",-2.7,"",-7.7,"",-6.4,"",.0,"8",.1,"","S",221,"",3.6,"",4.9,"",.0,"9",3.2,"",.0,"9",.0,"9",4.2,"",.0,"9",4.2,"",.0,"9",.0,"9",11.0,"",.0,"9",.5,"",.0,"9",.0,"9",.0,"9",.0,"9",1,"",0,"","R",0,"8",0,"8",0,"8"
"349190650","KASPROWY WIERCH","2018","03","18",-7.2,"",-20.4,"",-15.4,"",.0,"8",3.3,"","S",220,"",3.7,"",.0,"9",.0,"9",18.2,"",.0,"9",.0,"9",18.3,"",.0,"9",18.3,"",.0,"9",.0,"9",18.5,"",.0,"9",3.0,"",.0,"9",.0,"9",.0,"9",.0,"9",1,"",0,"","R",0,"8",0,"8",0,"8"
"349190650","KASPROWY WIERCH","2018","03","19",-5.6,"",-20.3,"",-7.8,"",.0,"8",.1,"","S",226,"",3.6,"",10.4,"",.0,"9",3.8,"",.0,"9",.0,"9",.0,"9",.0,"9",.0,"9",.0,"9",.0,"9",.0,"9",.0,"9",.0,"9",.0,"9",.0,"9",.0,"9",.0,"9",1,"",0,"","R",0,"8",0,"8",0,"8"
"349190650","KASPROWY WIERCH","2018","03","20",-5.0,"",-15.9,"",-10.6,"",.0,"8",3.1,"","S",223,"",3.6,"",.1,"",.0,"9",14.7,"",.0,"9",.0,"9",17.3,"",.0,"9",17.3,"",.0,"9",.0,"9",6.8,"",.0,"9",1.8,"",.0,"9",.0,"9",.0,"9",.0,"9",1,"",0,"","R",0,"8",0,"8",0,"8"
"349190650","KASPROWY WIERCH","2018","03","21",-12.9,"",-17.0,"",-14.4,"",.0,"8",1.2,"","S",230,"",3.5,"",.1,"",.0,"9",16.4,"",.0,"9",.0,"9",23.7,"",.0,"9",23.7,"",.0,"9",.0,"9",24.0,"",.0,"9",.2,"",.0,"9",.0,"9",.0,"9",.0,"9",1,"",0,"","R",0,"8",0,"8",0,"8"
"349190650","KASPROWY WIERCH","2018","03","22",-8.5,"",-16.6,"",-11.4,"",.0,"8",.0,"9","",232,"",3.5,"",11.8,"",.0,"9",.0,"9",.0,"9",.0,"9",.0,"9",.0,"9",.0,"9",.0,"9",.0,"9",6.6,"",.0,"9",.0,"9",.0,"9",.0,"9",.0,"9",.0,"9",1,"",0,"","R",0,"8",0,"8",0,"8"
"349190650","KASPROWY WIERCH","2018","03","23",-6.9,"",-12.8,"",-9.7,"",.0,"8",.0,"9","",230,"",3.5,"",8.6,"",.0,"9",.0,"9",.0,"9",.0,"9",3.3,"",.0,"9",3.3,"",.0,"9",.0,"9",.0,"9",.0,"9",.0,"9",.0,"9",.0,"9",.0,"9",.0,"9",1,"",0,"","R",0,"8",0,"8",0,"8"
"349190650","KASPROWY WIERCH","2018","03","24",-4.6,"",-11.8,"",-7.7,"",.0,"8",.0,"9","",223,"",3.5,"",9.2,"",.0,"9",.0,"9",.0,"9",.0,"9",.2,"",.0,"9",.2,"",.0,"9",.0,"9",.0,"9",.0,"9",.0,"9",.0,"9",.0,"9",.0,"9",.0,"9",1,"",0,"","R",0,"8",0,"8",0,"8"
"349190650","KASPROWY WIERCH","2018","03","25",-5.1,"",-9.2,"",-7.5,"",.0,"8",.0,"9","",221,"",3.6,"",8.6,"",.0,"9",.0,"9",.0,"9",.0,"9",3.6,"",.0,"9",3.6,"",.0,"9",.0,"9",.0,"9",.0,"9",1.2,"",.0,"9",.0,"9",.0,"9",.0,"9",1,"",0,"","R",0,"8",0,"8",0,"8"
"349190650","KASPROWY WIERCH","2018","03","26",-5.7,"",-10.6,"",-7.8,"",.0,"8",.2,"","S",220,"",3.6,"",3.4,"",.0,"9",.7,"",.0,"9",.0,"9",16.4,"",.0,"9",16.4,"",.0,"9",.0,"9",.0,"9",.0,"9",.0,"9",.0,"9",.0,"9",.0,"9",.0,"9",1,"",0,"","R",0,"8",0,"8",0,"8"
"349190650","KASPROWY WIERCH","2018","03","27",-6.3,"",-10.2,"",-8.6,"",.0,"8",1.7,"","S",216,"",3.6,"",.0,"9",.0,"9",7.4,"",.0,"9",.0,"9",17.9,"",.0,"9",17.9,"",.0,"9",.0,"9",3.0,"",.0,"9",.0,"9",.0,"9",.0,"9",.0,"9",.0,"9",1,"",0,"","R",0,"8",0,"8",0,"8"
"349190650","KASPROWY WIERCH","2018","03","28",-5.4,"",-11.9,"",-8.0,"",.0,"8",2.0,"","S",217,"",3.6,"",4.5,"",.0,"9",11.3,"",.0,"9",.0,"9",7.2,"",.0,"9",7.2,"",.0,"9",.0,"9",8.8,"",.0,"9",5.8,"",.0,"9",.0,"9",.0,"9",.0,"9",1,"",0,"","R",0,"8",0,"8",0,"8"
"349190650","KASPROWY WIERCH","2018","03","29",-1.3,"",-6.9,"",-3.9,"",.0,"8",.9,"","S",216,"",3.6,"",1.0,"",.0,"9",10.3,"",.0,"9",.0,"9",21.3,"",.0,"9",21.3,"",.0,"9",.0,"9",24.0,"",.0,"9",7.2,"",.3,"",.0,"9",.0,"9",.0,"9",1,"",0,"","R",0,"8",0,"8",0,"8"
"349190650","KASPROWY WIERCH","2018","03","30",-1.7,"",-5.5,"",-2.9,"",.0,"8",3.4,"","S",216,"",3.6,"",2.1,"",.0,"9",9.2,"",.8,"",.0,"9",24.0,"",.0,"9",24.0,"",.0,"9",.0,"9",12.0,"",.0,"9",9.3,"",.8,"",.0,"9",.0,"9",.0,"9",1,"",0,"","R",0,"8",0,"8",0,"8"
"349190650","KASPROWY WIERCH","2018","03","31",.7,"",-2.0,"",-.1,"",.0,"8",18.9,"","S",214,"",3.7,"",.0,"9",.0,"9",7.7,"",8.7,"",.0,"9",23.4,"",.0,"9",7.7,"",.0,"9",.0,"9",6.8,"",.0,"9",13.3,"",.8,"",.0,"9",.0,"9",.0,"9",1,"",0,"","R",0,"8",0,"8",0,"8"
"349190650","KASPROWY WIERCH","2018","04","01",-.2,"",-7.3,"",-4.7,"",.0,"8",17.7,"","S",225,"",3.6,"",.0,"9",.0,"9",17.7,"",.0,"9",.0,"9",22.3,"",.0,"9",22.3,"",.0,"9",.0,"9",17.3,"",.0,"9",5.2,"",.0,"9",.0,"9",.0,"9",.0,"9",1,"",0,"","R",0,"8",0,"8",0,"8"
"349190650","KASPROWY WIERCH","2018","04","02",-5.9,"",-9.5,"",-8.0,"",.0,"8",2.3,"","S",240,"",3.8,"",8.1,"",.0,"9",7.1,"",.0,"9",.0,"9",8.3,"",.0,"9",8.3,"",.0,"9",.0,"9",20.2,"",.0,"9",8.3,"",.0,"9",.0,"9",.0,"9",.0,"9",1,"",0,"","R",0,"8",0,"8",0,"8"
"349190650","KASPROWY WIERCH","2018","04","03",2.7,"",-7.2,"",-.5,"",.0,"8",.0,"9","",240,"",3.5,"",9.9,"",.0,"9",.0,"9",.0,"9",.0,"9",.0,"9",.0,"9",.0,"9",.0,"9",.0,"9",10.2,"",.0,"9",18.8,"",.3,"",.0,"9",.0,"9",.0,"9",1,"",0,"","R",0,"8",0,"8",0,"8"
"349190650","KASPROWY WIERCH","2018","04","04",5.8,"",-.1,"",2.0,"",.0,"8",.0,"9","",239,"",3.5,"",8.7,"",.0,"9",.0,"9",.0,"9",.0,"9",.0,"9",.0,"9",.0,"9",.0,"9",.0,"9",.0,"9",.0,"9",18.7,"",2.3,"",.0,"9",.0,"9",.0,"9",1,"",0,"","R",0,"8",0,"8",0,"8"
"349190650","KASPROWY WIERCH","2018","04","05",5.1,"",-1.3,"",1.7,"",.0,"8",15.8,"","S",230,"",3.5,"",5.5,"",2.0,"",10.0,"",.0,"9",.0,"9",6.5,"",.0,"9",.0,"9",.0,"9",.0,"9",.0,"9",.0,"9",.7,"",.0,"9",.0,"9",.0,"9",.0,"9",1,"",0,"","R",0,"8",0,"8",0,"8"
"349190650","KASPROWY WIERCH","2018","04","06",-.3,"",-5.4,"",-3.0,"",.0,"8",.3,"","S",230,"",3.6,"",6.4,"",.0,"9",6.3,"",.0,"9",.0,"9",13.7,"",.0,"9",10.3,"",.0,"9",.0,"9",3.0,"",.0,"9",.0,"9",.0,"9",.0,"9",.0,"9",.0,"9",1,"",0,"","R",0,"8",0,"8",0,"8"
"349190650","KASPROWY WIERCH","2018","04","07",4.9,"",-4.3,"",2.7,"",.0,"8",.0,"9","",220,"",3.8,"",7.0,"",.0,"9",.0,"9",.0,"9",.0,"9",.0,"9",.0,"9",.0,"9",.0,"9",.0,"9",.0,"9",.0,"9",2.2,"",.0,"9",.0,"9",.0,"9",.0,"9",1,"",0,"","R",0,"8",0,"8",0,"8"
"349190650","KASPROWY WIERCH","2018","04","08",5.0,"",1.1,"",2.8,"",.0,"8",.0,"9","",205,"",3.9,"",9.9,"",.0,"9",.0,"9",.0,"9",.0,"9",.0,"9",.0,"9",.0,"9",.0,"9",.0,"9",.0,"9",.0,"9",18.7,"",3.2,"",.0,"9",.0,"9",.0,"9",1,"",0,"","R",0,"8",0,"8",0,"8"
"349190650","KASPROWY WIERCH","2018","04","09",6.5,"",2.3,"",4.5,"",.0,"8",.0,"9","",196,"",4.0,"",12.9,"",.0,"9",.0,"9",.0,"9",.0,"9",.0,"9",.0,"9",.0,"9",.0,"9",.0,"9",.0,"9",.0,"9",16.5,"",.0,"9",.0,"9",.0,"9",.0,"9",1,"",0,"","R",0,"8",0,"8",0,"8"
"349190650","KASPROWY WIERCH","2018","04","10",5.2,"",.2,"",2.3,"",.0,"8",1.3,"","S",187,"",4.1,"",4.6,"",.0,"9",.6,"",2.2,"",.0,"9",4.4,"",.0,"9",.0,"9",.0,"9",.0,"9",.0,"9",.0,"9",1.5,"",.0,"9",.0,"9",.0,"9",.0,"9",1,"",0,"","R",0,"8",0,"8",0,"8"
"349190650","KASPROWY WIERCH","2018","04","11",4.7,"",.1,"",2.4,"",.0,"8",.0,"9","",183,"",4.2,"",7.4,"",.0,"9",.0,"9",.0,"9",.0,"9",1.3,"",.0,"9",.0,"9",.0,"9",.0,"9",.0,"9",.0,"9",6.7,"",.0,"9",.0,"9",.0,"9",.0,"9",1,"",0,"","R",0,"8",0,"8",0,"8"
"349190650","KASPROWY WIERCH","2018","04","12",8.4,"",2.8,"",5.9,"",.0,"8",.0,"9","",173,"",4.3,"",11.8,"",.0,"9",.0,"9",.0,"9",.0,"9",.0,"9",.0,"9",.0,"9",.0,"9",.0,"9",.0,"9",.0,"9",5.2,"",.0,"9",.0,"9",.0,"9",.0,"9",1,"",0,"","R",0,"8",0,"8",0,"8"
"349190650","KASPROWY WIERCH","2018","04","13",7.8,"",2.6,"",4.5,"",.0,"8",2.5,"","W",165,"",4.3,"",1.3,"",1.9,"",.0,"9",.0,"9",.0,"",6.1,"",.0,"9",.0,"9",.0,"9",.0,"9",.0,"9",.0,"9",8.0,"",.5,"",.0,"9",.0,"9",.0,"9",1,"",0,"","",0,"8",0,"8",0,"8"
"349190650","KASPROWY WIERCH","2018","04","14",8.9,"",1.3,"",4.7,"",.0,"8",.0,"9","",161,"",4.3,"",13.2,"",.0,"9",.0,"9",.0,"9",.0,"9",.0,"9",.0,"9",.0,"9",.0,"9",.0,"9",.0,"9",.0,"9",.2,"",.0,"9",.0,"9",.0,"9",.0,"9",1,"",0,"","R",0,"8",0,"8",0,"8"
"349190650","KASPROWY WIERCH","2018","04","15",8.3,"",3.2,"",5.8,"",.0,"8",1.2,"","W",155,"",4.4,"",8.0,"",.0,"9",.0,"9",.0,"9",.0,"9",.0,"9",.0,"9",.0,"9",.0,"9",.0,"9",.0,"9",.0,"9",4.7,"",.0,"9",.0,"9",.0,"9",.0,"9",1,"",0,"","R",0,"8",0,"8",0,"8"
"349190650","KASPROWY WIERCH","2018","04","16",7.7,"",4.2,"",5.7,"",.0,"8",1.7,"","W",147,"",4.5,"",2.1,"",6.2,"",.0,"9",.0,"9",.0,"9",5.5,"",.0,"9",.0,"9",.0,"9",.0,"9",.0,"9",.0,"9",7.3,"",.0,"9",.0,"9",.0,"9",.0,"9",1,"",0,"","R",0,"8",0,"8",0,"8"
"349190650","KASPROWY WIERCH","2018","04","17",5.8,"",1.4,"",2.9,"",.0,"8",6.1,"","W",119,"",4.5,"",.0,"9",7.6,"",.0,"9",.0,"9",.0,"9",20.9,"",.0,"9",.0,"9",.0,"9",.0,"9",.0,"9",.0,"9",6.2,"",.0,"9",.0,"9",.0,"9",.0,"9",1,"",0,"","R",0,"8",0,"8",0,"8"
"349190650","KASPROWY WIERCH","2018","04","18",5.2,"",-.4,"",1.8,"",.0,"8",.0,"9","",106,"",4.6,"",9.1,"",.0,"9",.0,"9",.0,"9",.0,"9",9.4,"",.0,"9",.0,"9",.0,"9",.0,"9",.0,"9",.0,"9",2.0,"",.0,"9",.0,"9",.0,"9",.0,"9",1,"",0,"","R",0,"8",0,"8",0,"8"
"349190650","KASPROWY WIERCH","2018","04","19",7.5,"",.7,"",4.0,"",.0,"8",.0,"","W",99,"",4.7,"",9.6,"",.3,"",.0,"9",.0,"9",.0,"9",4.4,"",.0,"9",.0,"9",.0,"9",.0,"9",.0,"9",.0,"9",9.5,"",.0,"9",.0,"9",.0,"9",.0,"9",1,"",0,"","R",0,"8",0,"8",0,"8"
"349190650","KASPROWY WIERCH","2018","04","20",8.9,"",-.2,"",4.8,"",.0,"8",.0,"9","",93,"",5.0,"",13.8,"",.0,"9",.0,"9",.0,"9",.0,"9",.3,"",.0,"9",.0,"9",.0,"9",.0,"9",.0,"9",.0,"9",5.7,"",.0,"9",.0,"9",.0,"9",.0,"9",1,"",0,"","R",0,"8",0,"8",0,"8"
"349190650","KASPROWY WIERCH","2018","04","21",12.9,"",6.4,"",9.2,"",.0,"8",.0,"9","",76,"",5.0,"",13.8,"",.0,"9",.0,"9",.0,"9",.0,"9",.0,"9",.0,"9",.0,"9",.0,"9",.0,"9",.0,"9",.0,"9",.0,"9",.0,"9",.0,"9",.0,"9",.0,"9",1,"",0,"","R",0,"8",0,"8",0,"8"
"349190650","KASPROWY WIERCH","2018","04","22",10.6,"",4.5,"",6.8,"",.0,"8",.0,"9","",70,"",5.0,"",10.2,"",.0,"9",.0,"9",.0,"9",.0,"9",.0,"9",.0,"9",.0,"9",.0,"9",.0,"9",.0,"9",.0,"9",.0,"9",.0,"9",.0,"9",.0,"9",.0,"9",1,"",0,"","R",0,"8",0,"8",0,"8"
"349190650","KASPROWY WIERCH","2018","04","23",11.2,"",4.4,"",6.8,"",.0,"8",3.2,"","W",67,"",5.1,"",7.8,"",1.3,"",.0,"9",.0,"9",.0,"9",1.0,"",.0,"9",.0,"9",.0,"9",.0,"9",.0,"9",.0,"9",1.0,"",.0,"9",2.4,"",.0,"9",.0,"9",1,"",0,"","R",0,"8",0,"8",0,"8"
"349190650","KASPROWY WIERCH","2018","04","24",8.3,"",2.5,"",4.9,"",.0,"8",.0,"9","",55,"",5.2,"",3.4,"",1.2,"",.0,"9",.0,"9",.0,"9",6.7,"",.0,"9",.0,"9",.0,"9",.0,"9",.0,"9",.0,"9",.0,"9",.0,"9",.0,"9",.0,"9",.0,"9",1,"",0,"","R",0,"8",0,"8",0,"8"
"349190650","KASPROWY WIERCH","2018","04","25",9.6,"",3.3,"",6.1,"",.0,"8",1.3,"","S",48,"",5.2,"",10.1,"",.3,"",.0,"9",.0,"9",.0,"9",.0,"9",.0,"9",.0,"9",.0,"9",.0,"9",.0,"9",.0,"9",9.5,"",.0,"9",.0,"9",.0,"9",.0,"9",1,"",0,"","R",0,"8",0,"8",0,"8"
"349190650","KASPROWY WIERCH","2018","04","26",7.6,"",-1.5,"",1.2,"",.0,"8",5.2,"","S",44,"",5.2,"",.2,"",.1,"",8.9,"",.0,"9",.0,"9",7.1,"",.0,"9",3.8,"",.0,"9",.0,"9",2.6,"",.0,"9",2.0,"",.0,"9",.0,"9",.0,"9",.0,"9",1,"",0,"","R",0,"8",0,"8",0,"8"
"349190650","KASPROWY WIERCH","2018","04","27",4.0,"",-4.4,"",-.6,"",.0,"8",.0,"9","",47,"",5.1,"",12.4,"",.0,"9",.0,"9",.0,"9",.0,"9",.8,"",.0,"9",.8,"",.0,"9",.0,"9",.0,"9",.0,"9",6.3,"",.0,"9",.0,"9",.0,"9",.0,"9",1,"",0,"","R",0,"8",0,"8",0,"8"
"349190650","KASPROWY WIERCH","2018","04","28",12.0,"",-.6,"",7.1,"",.0,"8",.5,"","W",40,"",5.2,"",12.2,"",.0,"9",.0,"9",.0,"9",.0,"9",.0,"9",.0,"9",.0,"9",.0,"9",.0,"9",.0,"9",.0,"9",7.3,"",.0,"9",.0,"9",.0,"9",.0,"9",1,"",0,"","R",0,"8",0,"8",0,"8"
"349190650","KASPROWY WIERCH","2018","04","29",11.1,"",5.3,"",8.3,"",.0,"8",.5,"","W",36,"",5.2,"",3.5,"",.6,"",.0,"9",.0,"9",.0,"9",1.4,"",.0,"9",.0,"9",.0,"9",.0,"9",.0,"9",.0,"9",10.2,"",.0,"9",.0,"9",.0,"9",.0,"9",1,"",1,"","R",0,"8",0,"8",0,"8"
"349190650","KASPROWY WIERCH","2018","04","30",9.9,"",6.0,"",7.8,"",.0,"8",.3,"","W",32,"",5.3,"",6.1,"",1.1,"",.0,"9",.0,"9",.0,"9",.0,"9",.0,"9",.0,"9",.0,"9",.0,"9",.0,"9",.0,"9",19.8,"",1.0,"",.0,"9",.0,"9",.0,"9",1,"",0,"","R",0,"8",0,"8",0,"8"
"349190650","KASPROWY WIERCH","2018","05","01",10.5,"",5.4,"",7.1,"",.0,"8",4.8,"","W",25,"",5.2,"",11.3,"",.0,"9",.0,"9",.0,"9",.0,"9",.0,"9",.0,"9",.0,"9",.0,"9",.0,"9",.0,"9",.0,"9",12.3,"",.0,"9",.0,"9",.0,"9",.0,"9",1,"",0,"","R",0,"8",0,"8",0,"8"
"349190650","KASPROWY WIERCH","2018","05","02",12.8,"",4.5,"",8.5,"",.0,"8",3.6,"","W",22,"",5.2,"",4.2,"",4.0,"",.0,"9",.0,"9",.0,"9",3.4,"",.0,"9",.0,"9",.0,"9",.0,"9",.0,"9",.0,"9",.0,"9",.0,"9",.0,"9",.0,"9",.0,"9",1,"",1,"","R",0,"8",0,"8",0,"8"
"349190650","KASPROWY WIERCH","2018","05","03",15.1,"",8.5,"",10.9,"",.0,"8",.0,"","W",19,"",5.2,"",7.9,"",.2,"",.0,"9",.0,"9",.0,"9",.0,"9",.0,"9",.0,"9",.0,"9",.0,"9",.0,"9",.0,"9",.0,"9",.0,"9",.0,"9",.0,"9",.0,"9",1,"",0,"","R",0,"8",0,"8",0,"8"
"349190650","KASPROWY WIERCH","2018","05","04",11.2,"",4.8,"",7.7,"",.0,"8",24.0,"","W",0,"9",.0,"9",5.4,"",2.5,"",.0,"9",.0,"9",.3,"",8.8,"",.0,"9",.0,"9",.0,"9",.0,"9",.0,"9",.0,"9",.0,"9",.0,"9",2.0,"",.0,"9",.0,"9",0,"",0,"","R",0,"8",0,"8",0,"8"
"349190650","KASPROWY WIERCH","2018","05","05",8.4,"",4.0,"",5.9,"",.0,"8",.0,"9","",0,"9",.0,"9",2.7,"",.0,"9",.0,"9",.0,"9",.0,"9",16.3,"",.0,"9",.0,"9",.0,"9",.0,"9",.0,"9",.0,"9",.0,"9",.0,"9",.0,"9",.0,"9",.0,"9",0,"",0,"","R",0,"8",0,"8",0,"8"
"349190650","KASPROWY WIERCH","2018","05","06",7.8,"",1.5,"",4.0,"",.0,"8",.0,"9","",0,"9",.0,"9",13.8,"",.0,"9",.0,"9",.0,"9",.0,"9",.0,"9",.0,"9",.0,"9",.0,"9",.0,"9",.0,"9",.0,"9",.0,"9",.0,"9",.0,"9",.0,"9",.0,"9",0,"",0,"","R",0,"8",0,"8",0,"8"
"349190650","KASPROWY WIERCH","2018","05","07",8.1,"",.3,"",4.8,"",.0,"8",.9,"","W",0,"9",.0,"9",14.2,"",.3,"",.0,"9",.0,"9",.0,"9",3.8,"",.0,"9",.0,"9",.0,"9",.0,"9",.0,"9",.0,"9",3.3,"",.0,"9",.0,"9",.0,"9",.0,"9",0,"",0,"","R",0,"8",0,"8",0,"8"
"349190650","KASPROWY WIERCH","2018","05","08",6.1,"",1.9,"",4.2,"",.0,"8",18.0,"","W",0,"9",.0,"9",.7,"",10.6,"",.0,"9",.0,"9",.0,"9",15.1,"",.0,"9",.0,"9",.0,"9",.0,"9",.0,"9",.0,"9",2.0,"",.0,"9",.0,"9",.0,"9",.0,"9",0,"",1,"","R",0,"8",0,"8",0,"8"
"349190650","KASPROWY WIERCH","2018","05","09",11.4,"",5.0,"",7.5,"",.0,"8",6.2,"","W",0,"9",.0,"9",5.2,"",3.1,"",.0,"9",.0,"9",.0,"9",1.8,"",.0,"9",.0,"9",.0,"9",.0,"9",.0,"9",.0,"9",2.5,"",.0,"9",.5,"",.0,"9",.0,"9",0,"",0,"","R",0,"8",0,"8",0,"8"
"349190650","KASPROWY WIERCH","2018","05","10",10.7,"",3.6,"",7.4,"",.0,"8",.0,"9","",0,"9",.0,"9",8.7,"",.0,"9",.0,"9",.0,"9",.0,"9",1.8,"",.0,"9",.0,"9",.0,"9",.0,"9",.0,"9",.0,"9",2.5,"",.0,"9",.0,"9",.0,"9",.0,"9",0,"",0,"","R",0,"8",0,"8",0,"8"
"349190650","KASPROWY WIERCH","2018","05","11",10.4,"",5.7,"",7.6,"",.0,"8",21.5,"","W",0,"9",.0,"9",5.7,"",7.7,"",.0,"9",.0,"9",.1,"",.8,"",.0,"9",.0,"9",.0,"9",.0,"9",.0,"9",.0,"9",.0,"9",.0,"9",.6,"",.0,"9",.0,"9",0,"",0,"","R",0,"8",0,"8",0,"8"
"349190650","KASPROWY WIERCH","2018","05","12",11.2,"",5.3,"",7.6,"",.0,"8",.0,"9","",0,"9",.0,"9",4.6,"",.3,"",.0,"9",.0,"9",.0,"9",2.2,"",.0,"9",.0,"9",.0,"9",.0,"9",.0,"9",.0,"9",.0,"9",.0,"9",.0,"9",.0,"9",.0,"9",0,"",0,"","R",0,"8",0,"8",0,"8"
"349190650","KASPROWY WIERCH","2018","05","13",9.2,"",3.9,"",6.4,"",.0,"8",.0,"9","",0,"9",.0,"9",11.9,"",.0,"9",.0,"9",.0,"9",.0,"9",.0,"9",.0,"9",.0,"9",.0,"9",.0,"9",.0,"9",.0,"9",.0,"9",.0,"9",.0,"9",.0,"9",.0,"9",0,"",0,"","R",0,"8",0,"8",0,"8"
"349190650","KASPROWY WIERCH","2018","05","14",6.1,"",1.2,"",2.7,"",.0,"8",.0,"9","",0,"9",.0,"9",8.3,"",.0,"9",.0,"9",.0,"9",.0,"9",.6,"",.0,"9",.0,"9",.0,"9",.0,"9",.0,"9",.0,"9",.0,"9",.0,"9",.0,"9",.0,"9",.0,"9",0,"",0,"","R",0,"8",0,"8",0,"8"
"349190650","KASPROWY WIERCH","2018","05","15",3.8,"",.1,"",2.0,"",.0,"8",3.0,"","S",0,"9",.0,"9",1.4,"",2.2,"",.0,"9",2.3,"",.0,"9",10.3,"",.0,"9",.0,"9",.0,"9",.0,"9",.0,"9",.0,"9",.3,"",.0,"9",.0,"9",.0,"9",.0,"9",0,"",0,"","R",0,"8",0,"8",0,"8"
"349190650","KASPROWY WIERCH","2018","05","16",4.6,"",.7,"",2.1,"",.0,"8",4.6,"","W",0,"9",.0,"9",.0,"9",3.3,"",.0,"9",.0,"9",.0,"9",16.1,"",.0,"9",.0,"9",.0,"9",.0,"9",.0,"9",.0,"9",.7,"",.0,"9",.0,"9",.0,"9",.0,"9",0,"",0,"","R",0,"8",0,"8",0,"8"
"349190650","KASPROWY WIERCH","2018","05","17",3.3,"",.7,"",1.8,"",.0,"8",26.4,"","W",0,"9",.0,"9",.0,"9",13.5,"",.0,"9",.0,"9",.0,"9",22.4,"",.0,"9",.0,"9",.0,"9",.0,"9",.0,"9",.0,"9",7.7,"",.8,"",.0,"9",.0,"9",.0,"9",0,"",0,"","R",0,"8",0,"8",0,"8"
"349190650","KASPROWY WIERCH","2018","05","18",3.6,"",2.1,"",2.9,"",.0,"8",11.0,"","W",0,"9",.0,"9",.0,"9",8.5,"",.0,"9",.0,"9",.0,"9",24.0,"",.0,"9",.0,"9",.0,"9",.0,"9",.0,"9",.0,"9",.0,"9",.0,"9",.0,"9",.0,"9",.0,"9",0,"",0,"","R",0,"8",0,"8",0,"8"
"349190650","KASPROWY WIERCH","2018","05","19",4.9,"",2.1,"",3.0,"",.0,"8",.0,"9","",0,"9",.0,"9",.3,"",4.1,"",.0,"9",.0,"9",.0,"9",23.7,"",.0,"9",.0,"9",.0,"9",.0,"9",.0,"9",.0,"9",.0,"9",.0,"9",.0,"9",.0,"9",.0,"9",0,"",0,"","R",0,"8",0,"8",0,"8"
"349190650","KASPROWY WIERCH","2018","05","20",5.8,"",.1,"",2.3,"",.0,"8",.0,"","W",0,"9",.0,"9",2.7,"",.5,"",.0,"9",.0,"9",.0,"9",10.8,"",.0,"9",.0,"9",.0,"9",.0,"9",.0,"9",.0,"9",.0,"9",.0,"9",.0,"9",.0,"9",.0,"9",0,"",0,"","R",0,"8",0,"8",0,"8"
"349190650","KASPROWY WIERCH","2018","05","21",7.1,"",.2,"",3.6,"",.0,"8",.2,"","W",0,"9",.0,"9",6.4,"",.5,"",.0,"9",.0,"9",.0,"9",2.3,"",.0,"9",.0,"9",.0,"9",.0,"9",.0,"9",.0,"9",.0,"9",.0,"9",.0,"9",.0,"9",.0,"9",0,"",0,"","R",0,"8",0,"8",0,"8"
"349190650","KASPROWY WIERCH","2018","05","22",9.1,"",2.8,"",5.5,"",.0,"8",7.0,"","W",0,"9",.0,"9",5.2,"",.0,"",.0,"9",.0,"9",.0,"9",3.1,"",.0,"9",.0,"9",.0,"9",.0,"9",.0,"9",.0,"9",.0,"9",.0,"9",.0,"9",.0,"9",.0,"9",0,"",0,"","R",0,"8",0,"8",0,"8"
"349190650","KASPROWY WIERCH","2018","05","23",11.1,"",3.9,"",7.3,"",.0,"8",1.2,"","W",0,"9",.0,"9",3.8,"",2.8,"",.0,"9",.0,"9",.0,"9",7.8,"",.0,"9",.0,"9",.0,"9",.0,"9",.0,"9",.0,"9",.0,"9",.0,"9",2.0,"",.0,"9",.0,"9",0,"",0,"","R",0,"8",0,"8",0,"8"
"349190650","KASPROWY WIERCH","2018","05","24",9.7,"",6.6,"",7.4,"",.0,"8",.1,"","W",0,"9",.0,"9",3.2,"",.3,"",.0,"9",.0,"9",.0,"9",14.8,"",.0,"9",.0,"9",.0,"9",.0,"9",.0,"9",.0,"9",.0,"9",.0,"9",3.4,"",.0,"9",.0,"9",0,"",0,"","R",0,"8",0,"8",0,"8"
"349190650","KASPROWY WIERCH","2018","05","25",8.1,"",5.0,"",6.3,"",.0,"8",9.4,"","W",0,"9",.0,"9",2.1,"",1.4,"",.0,"9",.0,"9",.0,"9",8.4,"",.0,"9",.0,"9",.0,"9",.0,"9",.0,"9",.0,"9",.0,"9",.0,"9",.0,"9",.0,"9",.0,"9",0,"",0,"","R",0,"8",0,"8",0,"8"
"349190650","KASPROWY WIERCH","2018","05","26",11.9,"",5.0,"",8.5,"",.0,"8",5.1,"","W",0,"9",.0,"9",5.5,"",1.5,"",.0,"9",.0,"9",.0,"9",5.5,"",.0,"9",.0,"9",.0,"9",.0,"9",.0,"9",.0,"9",.0,"9",.0,"9",.0,"9",.0,"9",.0,"9",0,"",0,"","R",0,"8",0,"8",0,"8"
"349190650","KASPROWY WIERCH","2018","05","27",12.9,"",8.0,"",9.6,"",.0,"8",1.2,"","W",0,"9",.0,"9",5.2,"",2.6,"",.0,"9",.0,"9",.0,"9",2.2,"",.0,"9",.0,"9",.0,"9",.0,"9",.0,"9",.0,"9",.0,"9",.0,"9",4.0,"",.0,"9",.0,"9",0,"",0,"","R",0,"8",0,"8",0,"8"
"349190650","KASPROWY WIERCH","2018","05","28",15.7,"",8.3,"",11.1,"",.0,"8",.0,"9","",0,"9",.0,"9",12.3,"",.0,"9",.0,"9",.0,"9",.0,"9",.0,"9",.0,"9",.0,"9",.0,"9",.0,"9",.0,"9",.0,"9",.0,"9",.0,"9",.0,"9",.0,"9",.0,"9",0,"",0,"","R",0,"8",0,"8",0,"8"
"349190650","KASPROWY WIERCH","2018","05","29",13.3,"",7.7,"",9.1,"",.0,"8",6.4,"","W",0,"9",.0,"9",7.9,"",.5,"",.0,"9",.0,"9",.0,"9",.0,"9",.0,"9",.0,"9",.0,"9",.0,"9",.0,"9",.0,"9",.5,"",.0,"9",6.7,"",.0,"9",.0,"9",0,"",0,"","R",0,"8",0,"8",0,"8"
"349190650","KASPROWY WIERCH","2018","05","30",13.4,"",7.1,"",10.2,"",.0,"8",.0,"9","",0,"9",.0,"9",6.8,"",.0,"9",.0,"9",.0,"9",.0,"9",.0,"9",.0,"9",.0,"9",.0,"9",.0,"9",.0,"9",.0,"9",.0,"9",.0,"9",.0,"9",.0,"9",.0,"9",0,"",0,"","R",0,"8",0,"8",0,"8"
"349190650","KASPROWY WIERCH","2018","05","31",14.2,"",8.6,"",11.0,"",.0,"8",18.2,"","W",0,"9",.0,"9",4.3,"",2.8,"",.0,"9",.0,"9",.0,"9",.0,"9",.0,"9",.0,"9",.0,"9",.0,"9",.0,"9",.0,"9",.0,"9",.0,"9",3.1,"",.0,"9",.0,"9",0,"",0,"","R",0,"8",0,"8",0,"8"
"349190650","KASPROWY WIERCH","2018","06","01",14.7,"",9.3,"",11.2,"",.0,"8",9.8,"","W",0,"9",.0,"9",5.0,"",1.2,"",.0,"9",.0,"9",.1,"",.0,"9",.0,"9",.0,"9",.0,"9",.0,"9",.0,"9",.0,"9",.0,"9",.0,"9",2.5,"",.0,"9",.0,"9",0,"",0,"","R",0,"8",0,"8",0,"8"
"349190650","KASPROWY WIERCH","2018","06","02",12.9,"",7.5,"",9.8,"",.0,"8",23.4,"","W",0,"9",.0,"9",2.9,"",3.1,"",.0,"9",.0,"9",.0,"9",10.8,"",.0,"9",.0,"9",.0,"9",.0,"9",.0,"9",.0,"9",.3,"",.0,"9",3.8,"",.0,"9",.0,"9",0,"",0,"","R",0,"8",0,"8",0,"8"
"349190650","KASPROWY WIERCH","2018","06","03",10.5,"",6.6,"",8.4,"",.0,"8",1.2,"","W",0,"9",.0,"9",.3,"",4.2,"",.0,"9",.0,"9",.0,"9",20.5,"",.0,"9",.0,"9",.0,"9",.0,"9",.0,"9",.0,"9",.0,"9",.0,"9",.0,"9",.0,"9",.0,"9",0,"",0,"","R",0,"8",0,"8",0,"8"
"349190650","KASPROWY WIERCH","2018","06","04",12.2,"",6.7,"",9.1,"",.0,"8",.5,"","W",0,"9",.0,"9",5.1,"",.9,"",.0,"9",.0,"9",.0,"9",1.7,"",.0,"9",.0,"9",.0,"9",.0,"9",.0,"9",.0,"9",.0,"9",.0,"9",4.8,"",.0,"9",.0,"9",0,"",0,"","R",0,"8",0,"8",0,"8"
"349190650","KASPROWY WIERCH","2018","06","05",13.9,"",7.5,"",9.4,"",.0,"8",7.7,"","W",0,"9",.0,"9",4.9,"",1.4,"",.0,"9",.0,"9",.0,"9",12.6,"",.0,"9",.0,"9",.0,"9",.0,"9",.0,"9",.0,"9",.0,"9",.0,"9",.0,"9",.0,"9",.0,"9",0,"",0,"","R",0,"8",0,"8",0,"8"
"349190650","KASPROWY WIERCH","2018","06","06",9.7,"",6.9,"",8.1,"",.0,"8",.9,"","W",0,"9",.0,"9",2.9,"",.0,"9",.0,"9",.0,"9",.0,"9",13.3,"",.0,"9",.0,"9",.0,"9",.0,"9",.0,"9",.0,"9",.0,"9",.0,"9",.0,"9",.0,"9",.0,"9",0,"",0,"","R",0,"8",0,"8",0,"8"
"349190650","KASPROWY WIERCH","2018","06","07",11.5,"",7.5,"",8.7,"",.0,"8",.8,"","W",0,"9",.0,"9",1.5,"",1.9,"",.0,"9",.0,"9",.0,"9",11.3,"",.0,"9",.0,"9",.0,"9",.0,"9",.0,"9",.0,"9",.0,"9",.0,"9",.0,"9",.0,"9",.0,"9",0,"",0,"","R",0,"8",0,"8",0,"8"
"349190650","KASPROWY WIERCH","2018","06","08",13.0,"",7.5,"",10.4,"",.0,"8",37.6,"","W",0,"9",.0,"9",5.3,"",4.1,"",.0,"9",.0,"9",.1,"",2.9,"",.0,"9",.0,"9",.0,"9",.0,"9",.0,"9",.0,"9",.0,"9",.0,"9",3.4,"",.0,"9",.0,"9",0,"",0,"","R",0,"8",0,"8",0,"8"
"349190650","KASPROWY WIERCH","2018","06","09",14.7,"",9.1,"",10.9,"",.0,"8",11.4,"","W",0,"9",.0,"9",4.5,"",1.5,"",.0,"9",.0,"9",.0,"9",2.0,"",.0,"9",.0,"9",.0,"9",.0,"9",.0,"9",.0,"9",.0,"9",.0,"9",4.0,"",.0,"9",.0,"9",0,"",0,"","R",0,"8",0,"8",0,"8"
"349190650","KASPROWY WIERCH","2018","06","10",14.9,"",9.5,"",11.4,"",.0,"8",29.2,"","W",0,"9",.0,"9",2.5,"",5.1,"",.0,"9",.0,"9",.0,"9",.0,"9",.0,"9",.0,"9",.0,"9",.0,"9",.0,"9",.0,"9",.0,"9",.0,"9",4.1,"",.0,"9",.0,"9",0,"",0,"","R",0,"8",0,"8",0,"8"
"349190650","KASPROWY WIERCH","2018","06","11",14.2,"",9.8,"",11.2,"",.0,"8",4.7,"","W",0,"9",.0,"9",3.6,"",.4,"",.0,"9",.0,"9",.0,"9",3.8,"",.0,"9",.0,"9",.0,"9",.0,"9",.0,"9",.0,"9",.0,"9",.0,"9",1.1,"",.0,"9",.0,"9",0,"",0,"","R",0,"8",0,"8",0,"8"
"349190650","KASPROWY WIERCH","2018","06","12",13.4,"",8.2,"",10.3,"",.0,"8",2.3,"","W",0,"9",.0,"9",2.4,"",1.0,"",.0,"9",.0,"9",.0,"9",9.1,"",.0,"9",.0,"9",.0,"9",.0,"9",.0,"9",.0,"9",.3,"",.0,"9",.8,"",.0,"9",.0,"9",0,"",0,"","R",0,"8",0,"8",0,"8"
"349190650","KASPROWY WIERCH","2018","06","13",11.2,"",7.7,"",8.6,"",.0,"8",30.7,"","W",0,"9",.0,"9",1.7,"",8.7,"",.0,"9",.0,"9",.0,"9",23.6,"",.0,"9",.0,"9",.0,"9",.0,"9",.0,"9",.0,"9",.0,"9",.0,"9",1.0,"",.0,"9",.0,"9",0,"",0,"","R",0,"8",0,"8",0,"8"
"349190650","KASPROWY WIERCH","2018","06","14",7.9,"",3.8,"",4.9,"",.0,"8",20.1,"","W",0,"9",.0,"9",.0,"9",13.4,"",.0,"9",.0,"9",.0,"9",24.0,"",.0,"9",.0,"9",.0,"9",.0,"9",.0,"9",.0,"9",4.5,"",.0,"9",.0,"9",.0,"9",.0,"9",0,"",0,"","R",0,"8",0,"8",0,"8"
"349190650","KASPROWY WIERCH","2018","06","15",6.8,"",4.3,"",5.3,"",.0,"8",1.6,"","W",0,"9",.0,"9",.0,"9",2.3,"",.0,"9",.0,"9",.0,"9",24.0,"",.0,"9",.0,"9",.0,"9",.0,"9",.0,"9",.0,"9",1.5,"",.0,"9",.0,"9",.0,"9",.0,"9",0,"",0,"","R",0,"8",0,"8",0,"8"
"349190650","KASPROWY WIERCH","2018","06","16",10.2,"",5.9,"",7.5,"",.0,"8",.0,"9","",0,"9",.0,"9",2.4,"",.0,"9",.0,"9",.0,"9",.0,"9",8.2,"",.0,"9",.0,"9",.0,"9",.0,"9",.0,"9",.0,"9",.0,"9",.0,"9",.0,"9",.0,"9",.0,"9",0,"",0,"","R",0,"8",0,"8",0,"8"
"349190650","KASPROWY WIERCH","2018","06","17",11.5,"",6.5,"",8.1,"",.0,"8",4.3,"","W",0,"9",.0,"9",3.9,"",.0,"9",.0,"9",.0,"9",.0,"9",4.7,"",.0,"9",.0,"9",.0,"9",.0,"9",.0,"9",.0,"9",.0,"9",.0,"9",.0,"9",.0,"9",.0,"9",0,"",0,"","R",0,"8",0,"8",0,"8"
"349190650","KASPROWY WIERCH","2018","06","18",7.9,"",5.3,"",6.9,"",.0,"8",2.7,"","W",0,"9",.0,"9",.0,"9",6.8,"",.0,"9",.0,"9",.0,"9",22.9,"",.0,"9",.0,"9",.0,"9",.0,"9",.0,"9",.0,"9",2.5,"",.0,"9",.0,"9",.0,"9",.0,"9",0,"",0,"","R",0,"8",0,"8",0,"8"
"349190650","KASPROWY WIERCH","2018","06","19",11.2,"",7.6,"",9.0,"",.0,"8",.0,"9","",0,"9",.0,"9",.3,"",2.7,"",.0,"9",.0,"9",.0,"9",21.2,"",.0,"9",.0,"9",.0,"9",.0,"9",.0,"9",.0,"9",.0,"9",.0,"9",.0,"9",.0,"9",.0,"9",0,"",0,"","R",0,"8",0,"8",0,"8"
"349190650","KASPROWY WIERCH","2018","06","20",12.8,"",7.4,"",10.2,"",.0,"8",.0,"9","",0,"9",.0,"9",1.1,"",.0,"9",.0,"9",.0,"9",.0,"9",9.8,"",.0,"9",.0,"9",.0,"9",.0,"9",.0,"9",.0,"9",.7,"",.0,"9",.0,"9",.0,"9",.0,"9",0,"",0,"","R",0,"8",0,"8",0,"8"
"349190650","KASPROWY WIERCH","2018","06","21",15.5,"",10.0,"",11.9,"",.0,"8",14.0,"","W",0,"9",.0,"9",8.7,"",2.9,"",.0,"9",.0,"9",.0,"9",2.0,"",.0,"9",.0,"9",.0,"9",.0,"9",.0,"9",.0,"9",3.5,"",.0,"9",1.8,"",.0,"9",.0,"9",0,"",0,"","R",0,"8",0,"8",0,"8"
"349190650","KASPROWY WIERCH","2018","06","22",13.2,"",-.1,"",1.9,"",.0,"8",9.8,"","S",0,"9",.0,"9",.4,"",3.8,"",1.5,"",2.5,"",.0,"9",19.5,"",.0,"9",1.7,"",.0,"9",.0,"9",.0,"9",.0,"9",.0,"9",.0,"9",.0,"9",.0,"9",.0,"9",0,"",1,"","R",0,"8",0,"8",0,"8"
"349190650","KASPROWY WIERCH","2018","06","23",.4,"",-1.9,"",-.8,"",.0,"8",4.6,"","S",4,"",.0,"9",.0,"9",.0,"9",7.7,"",.0,"9",.0,"9",21.1,"",.0,"9",10.0,"",.0,"9",.0,"9",.0,"9",.0,"9",.0,"9",.0,"9",.0,"9",.0,"9",.0,"9",1,"",0,"","R",0,"8",0,"8",0,"8"
"349190650","KASPROWY WIERCH","2018","06","24",4.2,"",-.9,"",.9,"",.0,"8",.9,"","S",3,"",.0,"9",.7,"",1.4,"",.2,"",.0,"9",.0,"9",19.8,"",.0,"9",5.1,"",.0,"9",.0,"9",.0,"9",.0,"9",.0,"9",.0,"9",.0,"9",.0,"9",.0,"9",1,"",0,"","R",0,"8",0,"8",0,"8"
"349190650","KASPROWY WIERCH","2018","06","25",4.9,"",.7,"",2.1,"",.0,"8",10.2,"","W",0,"9",.0,"9",.2,"",6.5,"",.0,"9",.0,"9",.0,"9",13.8,"",.0,"9",.0,"9",.0,"9",.0,"9",.0,"9",.0,"9",.0,"9",.0,"9",.0,"9",.0,"9",.0,"9",0,"",0,"","R",0,"8",0,"8",0,"8"
"349190650","KASPROWY WIERCH","2018","06","26",6.8,"",.8,"",3.1,"",.0,"8",1.4,"","S",0,"9",.0,"9",1.4,"",.6,"",.0,"9",.4,"",.0,"9",11.5,"",.0,"9",.0,"9",.0,"9",.0,"9",.0,"9",.0,"9",.0,"9",.0,"9",.0,"9",.0,"9",.0,"9",0,"",0,"","R",0,"8",0,"8",0,"8"
"349190650","KASPROWY WIERCH","2018","06","27",6.5,"",1.8,"",4.7,"",.0,"8",82.2,"","W",0,"9",.0,"9",3.6,"",11.2,"",.0,"9",.0,"9",.0,"9",19.8,"",.0,"9",.0,"9",.0,"9",.0,"9",.0,"9",.0,"9",8.3,"",.0,"9",.0,"9",.0,"9",.0,"9",0,"",0,"","R",0,"8",0,"8",0,"8"
"349190650","KASPROWY WIERCH","2018","06","28",9.9,"",6.2,"",8.5,"",.0,"8",19.2,"","W",0,"9",.0,"9",.3,"",14.7,"",.0,"9",.0,"9",.0,"9",24.0,"",.0,"9",.0,"9",.0,"9",.0,"9",.0,"9",.0,"9",.0,"9",.0,"9",.0,"9",.0,"9",.0,"9",0,"",0,"","R",0,"8",0,"8",0,"8"
"349190650","KASPROWY WIERCH","2018","06","29",10.7,"",9.0,"",9.7,"",.0,"8",19.1,"","W",0,"9",.0,"9",.0,"9",11.8,"",.0,"9",.0,"9",.0,"9",24.0,"",.0,"9",.0,"9",.0,"9",.0,"9",.0,"9",.0,"9",11.7,"",.0,"9",1.0,"",.0,"9",.0,"9",0,"",0,"","R",0,"8",0,"8",0,"8"
"349190650","KASPROWY WIERCH","2018","06","30",10.1,"",-.4,"",2.4,"",.0,"8",1.4,"","S",0,"9",.0,"9",.4,"",.8,"",.0,"9",.0,"9",.0,"9",24.0,"",.0,"9",.0,"9",.0,"9",.0,"9",.0,"9",.0,"9",12.5,"",.0,"9",.0,"9",.0,"9",.0,"9",0,"",0,"","R",0,"8",0,"8",0,"8"
"349190650","KASPROWY WIERCH","2018","07","01",.7,"",-1.4,"",-.5,"",.0,"8",3.3,"","S",0,"",.0,"9",.4,"",.1,"",4.6,"",.0,"9",.0,"9",22.6,"",.0,"9",5.0,"",.0,"9",.0,"9",.0,"9",.0,"9",.0,"9",.0,"9",.0,"9",.0,"9",.0,"9",0,"",0,"","R",0,"8",0,"8",0,"8"
"349190650","KASPROWY WIERCH","2018","07","02",7.2,"",-.9,"",1.8,"",.0,"8",.0,"9","",0,"",.0,"9",2.7,"",.0,"9",.0,"9",.0,"9",.0,"9",6.3,"",.0,"9",3.0,"",.0,"9",.0,"9",.0,"9",.0,"9",.0,"9",.0,"9",.0,"9",.0,"9",.0,"9",0,"",0,"","R",0,"8",0,"8",0,"8"
"349190650","KASPROWY WIERCH","2018","07","03",9.0,"",1.1,"",5.2,"",.0,"8",.0,"9","",0,"9",.0,"9",5.3,"",.0,"9",.0,"9",.0,"9",.0,"9",.0,"9",.0,"9",.0,"9",.0,"9",.0,"9",.0,"9",.0,"9",.0,"9",.0,"9",.0,"9",.0,"9",.0,"9",0,"",0,"","R",0,"8",0,"8",0,"8"
"349190650","KASPROWY WIERCH","2018","07","04",14.2,"",5.6,"",9.2,"",.0,"8",.0,"9","",0,"9",.0,"9",9.3,"",.0,"9",.0,"9",.0,"9",.0,"9",.0,"9",.0,"9",.0,"9",.0,"9",.0,"9",.0,"9",.0,"9",.0,"9",.0,"9",.0,"9",.0,"9",.0,"9",0,"",0,"","R",0,"8",0,"8",0,"8"
"349190650","KASPROWY WIERCH","2018","07","05",18.3,"",8.5,"",12.4,"",.0,"8",.0,"9","",0,"9",.0,"9",12.2,"",.0,"9",.0,"9",.0,"9",.0,"9",.0,"9",.0,"9",.0,"9",.0,"9",.0,"9",.0,"9",.0,"9",.0,"9",.0,"9",.0,"9",.0,"9",.0,"9",0,"",0,"","R",0,"8",0,"8",0,"8"
"349190650","KASPROWY WIERCH","2018","07","06",14.0,"",8.2,"",10.9,"",.0,"8",27.1,"","W",0,"9",.0,"9",4.5,"",4.5,"",.0,"9",.0,"9",.4,"",7.9,"",.0,"9",.0,"9",.0,"9",.0,"9",.0,"9",.0,"9",.0,"9",.0,"9",3.0,"",.0,"9",.0,"9",0,"",0,"","R",0,"8",0,"8",0,"8"
"349190650","KASPROWY WIERCH","2018","07","07",10.0,"",5.6,"",7.5,"",.0,"8",.0,"9","",0,"9",.0,"9",2.4,"",1.2,"",.0,"9",.0,"9",.0,"9",15.6,"",.0,"9",.0,"9",.0,"9",.0,"9",.0,"9",.0,"9",.0,"9",.0,"9",.0,"9",.0,"9",.0,"9",0,"",0,"","R",0,"8",0,"8",0,"8"
"349190650","KASPROWY WIERCH","2018","07","08",11.5,"",5.6,"",7.8,"",.0,"8",.0,"9","",0,"9",.0,"9",8.1,"",.0,"9",.0,"9",.0,"9",.0,"9",.0,"9",.0,"9",.0,"9",.0,"9",.0,"9",.0,"9",.0,"9",.0,"9",.0,"9",.0,"9",.0,"9",.0,"9",0,"",0,"","R",0,"8",0,"8",0,"8"
"349190650","KASPROWY WIERCH","2018","07","09",11.2,"",6.0,"",8.0,"",.0,"8",5.9,"","W",0,"9",.0,"9",1.1,"",3.6,"",.0,"9",.0,"9",.0,"9",9.3,"",.0,"9",.0,"9",.0,"9",.0,"9",.0,"9",.0,"9",.0,"9",.0,"9",.0,"9",.0,"9",.0,"9",0,"",0,"","R",0,"8",0,"8",0,"8"
"349190650","KASPROWY WIERCH","2018","07","10",11.7,"",7.3,"",9.2,"",.0,"8",3.2,"","W",0,"9",.0,"9",5.7,"",1.8,"",.0,"9",.0,"9",.2,"",.0,"9",.0,"9",.0,"9",.0,"9",.0,"9",.0,"9",.0,"9",.0,"9",.0,"9",.4,"",.0,"9",.0,"9",0,"",0,"","R",0,"8",0,"8",0,"8"
"349190650","KASPROWY WIERCH","2018","07","11",10.2,"",7.3,"",8.5,"",.0,"8",7.7,"","W",0,"9",.0,"9",2.3,"",5.1,"",.0,"9",.0,"9",.0,"9",14.4,"",.0,"9",.0,"9",.0,"9",.0,"9",.0,"9",.0,"9",.0,"9",.0,"9",.0,"9",.0,"9",.0,"9",0,"",0,"","R",0,"8",0,"8",0,"8"
"349190650","KASPROWY WIERCH","2018","07","12",10.7,"",5.1,"",7.5,"",.0,"8",.0,"9","",0,"9",.0,"9",9.4,"",.0,"9",.0,"9",.0,"9",.0,"9",2.2,"",.0,"9",.0,"9",.0,"9",.0,"9",.0,"9",.0,"9",.0,"9",.0,"9",.0,"9",.0,"9",.0,"9",0,"",0,"","R",0,"8",0,"8",0,"8"
"349190650","KASPROWY WIERCH","2018","07","13",10.8,"",4.9,"",6.9,"",.0,"8",2.7,"","W",0,"9",.0,"9",2.5,"",.1,"",.0,"9",.0,"9",.0,"9",10.4,"",.0,"9",.0,"9",.0,"9",.0,"9",.0,"9",.0,"9",.0,"9",.0,"9",.0,"9",.0,"9",.0,"9",0,"",0,"","R",0,"8",0,"8",0,"8"
"349190650","KASPROWY WIERCH","2018","07","14",10.2,"",5.4,"",7.1,"",.0,"8",8.5,"","W",0,"9",.0,"9",1.2,"",4.9,"",.0,"9",.0,"9",.0,"",21.1,"",.0,"9",.0,"9",.0,"9",.0,"9",.0,"9",.0,"9",.0,"9",.0,"9",.0,"9",.0,"9",.0,"9",0,"",0,"","R",0,"8",0,"8",0,"8"
"349190650","KASPROWY WIERCH","2018","07","15",9.0,"",5.8,"",7.2,"",.0,"8",.0,"","W",0,"9",.0,"9",.4,"",.6,"",.0,"9",.0,"9",.0,"9",19.9,"",.0,"9",.0,"9",.0,"9",.0,"9",.0,"9",.0,"9",.0,"9",.0,"9",.0,"9",.0,"9",.0,"9",0,"",0,"","R",0,"8",0,"8",0,"8"
"349190650","KASPROWY WIERCH","2018","07","16",11.0,"",6.9,"",7.7,"",.0,"8",18.7,"","W",0,"9",.0,"9",1.2,"",3.0,"",.0,"9",.0,"9",.0,"9",18.3,"",.0,"9",.0,"9",.0,"9",.0,"9",.0,"9",.0,"9",.0,"9",.0,"9",.0,"9",.0,"9",.0,"9",0,"",0,"","R",0,"8",0,"8",0,"8"
"349190650","KASPROWY WIERCH","2018","07","17",8.5,"",6.9,"",7.9,"",.0,"8",45.4,"","W",0,"9",.0,"9",.0,"9",12.4,"",.0,"9",.0,"9",.0,"9",24.0,"",.0,"9",.0,"9",.0,"9",.0,"9",.0,"9",.0,"9",.0,"9",.0,"9",.0,"9",.0,"9",.0,"9",0,"",0,"","R",0,"8",0,"8",0,"8"
"349190650","KASPROWY WIERCH","2018","07","18",10.3,"",7.6,"",9.4,"",.0,"8",167.6,"","W",0,"9",.0,"9",.0,"9",23.7,"",.0,"9",.0,"9",.0,"9",24.0,"",.0,"9",.0,"9",.0,"9",.0,"9",.0,"9",.0,"9",.7,"",.0,"9",.0,"9",.0,"9",.0,"9",0,"",0,"","R",0,"8",0,"8",0,"8"
"349190650","KASPROWY WIERCH","2018","07","19",10.2,"",9.1,"",9.5,"",.0,"8",26.1,"","W",0,"9",.0,"9",.0,"9",19.7,"",.0,"9",.0,"9",.0,"9",24.0,"",.0,"9",.0,"9",.0,"9",.0,"9",.0,"9",.0,"9",.0,"9",.0,"9",.0,"9",.0,"9",.0,"9",0,"",0,"","R",0,"8",0,"8",0,"8"
"349190650","KASPROWY WIERCH","2018","07","20",12.3,"",7.5,"",9.5,"",.0,"8",14.8,"","W",0,"9",.0,"9",3.1,"",6.7,"",.0,"9",.0,"9",.0,"9",20.4,"",.0,"9",.0,"9",.0,"9",.0,"9",.0,"9",.0,"9",.0,"9",.0,"9",.0,"9",.0,"9",.0,"9",0,"",0,"","R",0,"8",0,"8",0,"8"
"349190650","KASPROWY WIERCH","2018","07","21",16.0,"",7.9,"",11.3,"",.0,"8",.0,"9","",0,"9",.0,"9",11.7,"",.0,"9",.0,"9",.0,"9",.0,"9",.4,"",.0,"9",.0,"9",.0,"9",.0,"9",.0,"9",.0,"9",.0,"9",.0,"9",.0,"9",.0,"9",.0,"9",0,"",1,"","R",0,"8",0,"8",0,"8"
"349190650","KASPROWY WIERCH","2018","07","22",13.1,"",8.8,"",10.4,"",.0,"8",38.5,"","W",0,"9",.0,"9",1.1,"",7.6,"",.0,"9",.0,"9",.0,"9",14.8,"",.0,"9",.0,"9",.0,"9",.0,"9",.0,"9",.0,"9",.0,"9",.0,"9",4.6,"",.0,"9",.0,"9",0,"",0,"","R",0,"8",0,"8",0,"8"
"349190650","KASPROWY WIERCH","2018","07","23",11.1,"",8.2,"",9.3,"",.0,"8",.2,"","W",0,"9",.0,"9",2.4,"",.5,"",.0,"9",.0,"9",.0,"9",8.0,"",.0,"9",.0,"9",.0,"9",.0,"9",.0,"9",.0,"9",8.0,"",.0,"9",.3,"",.0,"9",.0,"9",0,"",0,"","R",0,"8",0,"8",0,"8"
"349190650","KASPROWY WIERCH","2018","07","24",11.7,"",7.0,"",9.3,"",.0,"8",.0,"9","",0,"9",.0,"9",1.8,"",.2,"",.0,"9",.0,"9",.0,"9",7.9,"",.0,"9",.0,"9",.0,"9",.0,"9",.0,"9",.0,"9",7.5,"",.0,"9",.0,"9",.0,"9",.0,"9",0,"",0,"","R",0,"8",0,"8",0,"8"
"349190650","KASPROWY WIERCH","2018","07","25",13.9,"",7.8,"",9.7,"",.0,"8",.2,"","W",0,"9",.0,"9",2.6,"",.0,"9",.0,"9",.0,"9",.0,"9",15.6,"",.0,"9",.0,"9",.0,"9",.0,"9",.0,"9",.0,"9",.0,"9",.0,"9",.0,"9",.0,"9",.0,"9",0,"",0,"","R",0,"8",0,"8",0,"8"
"349190650","KASPROWY WIERCH","2018","07","26",11.3,"",8.7,"",9.7,"",.0,"8",15.8,"","W",0,"9",.0,"9",.8,"",3.0,"",.0,"9",.0,"9",.0,"9",19.1,"",.0,"9",.0,"9",.0,"9",.0,"9",.0,"9",.0,"9",1.3,"",.0,"9",.0,"9",.0,"9",.0,"9",0,"",0,"","R",0,"8",0,"8",0,"8"
"349190650","KASPROWY WIERCH","2018","07","27",13.8,"",9.0,"",11.2,"",.0,"8",49.6,"","W",0,"9",.0,"9",5.0,"",3.2,"",.0,"9",.0,"9",.0,"9",10.6,"",.0,"9",.0,"9",.0,"9",.0,"9",.0,"9",.0,"9",.0,"9",.0,"9",2.2,"",.0,"9",.0,"9",0,"",0,"","R",0,"8",0,"8",0,"8"
"349190650","KASPROWY WIERCH","2018","07","28",14.8,"",10.8,"",12.5,"",.0,"8",7.3,"","W",0,"9",.0,"9",5.2,"",2.2,"",.0,"9",.0,"9",.0,"9",5.8,"",.0,"9",.0,"9",.0,"9",.0,"9",.0,"9",.0,"9",.0,"9",.0,"9",1.3,"",.0,"9",.0,"9",0,"",0,"","R",0,"8",0,"8",0,"8"
"349190650","KASPROWY WIERCH","2018","07","29",15.2,"",10.9,"",12.5,"",.0,"8",.4,"","W",0,"9",.0,"9",3.1,"",.3,"",.0,"9",.0,"9",.0,"9",16.9,"",.0,"9",.0,"9",.0,"9",.0,"9",.0,"9",.0,"9",.0,"9",.0,"9",7.5,"",.0,"9",.0,"9",0,"",0,"","R",0,"8",0,"8",0,"8"
"349190650","KASPROWY WIERCH","2018","07","30",14.8,"",10.5,"",12.2,"",.0,"8",.0,"9","",0,"9",.0,"9",2.1,"",.0,"9",.0,"9",.0,"9",.0,"9",18.2,"",.0,"9",.0,"9",.0,"9",.0,"9",.0,"9",.0,"9",.0,"9",.0,"9",.0,"9",.0,"9",.0,"9",0,"",0,"","R",0,"8",0,"8",0,"8"
"349190650","KASPROWY WIERCH","2018","07","31",14.3,"",9.8,"",11.7,"",.0,"8",.0,"9","",0,"9",.0,"9",2.9,"",.0,"9",.0,"9",.0,"9",.0,"9",16.5,"",.0,"9",.0,"9",.0,"9",.0,"9",.0,"9",.0,"9",.0,"9",.0,"9",.0,"9",.0,"9",.0,"9",0,"",0,"","R",0,"8",0,"8",0,"8"
"349190650","KASPROWY WIERCH","2018","08","01",15.1,"",10.8,"",13.0,"",.0,"8",9.4,"","W",0,"9",.0,"9",1.2,"",3.3,"",.0,"9",.0,"9",.0,"9",5.3,"",.0,"9",.0,"9",.0,"9",.0,"9",.0,"9",.0,"9",.0,"9",.0,"9",3.6,"",.0,"9",.0,"9",0,"",0,"","R",0,"8",0,"8",0,"8"
"349190650","KASPROWY WIERCH","2018","08","02",17.0,"",12.0,"",14.1,"",.0,"8",.0,"9","",0,"9",.0,"9",7.6,"",.0,"9",.0,"9",.0,"9",.0,"9",2.8,"",.0,"9",.0,"9",.0,"9",.0,"9",.0,"9",.0,"9",.0,"9",.0,"9",.0,"9",.0,"9",.0,"9",0,"",0,"","R",0,"8",0,"8",0,"8"
"349190650","KASPROWY WIERCH","2018","08","03",17.0,"",10.9,"",13.3,"",.0,"8",.0,"9","",0,"9",.0,"9",13.3,"",.0,"9",.0,"9",.0,"9",.0,"9",.0,"9",.0,"9",.0,"9",.0,"9",.0,"9",.0,"9",.0,"9",.0,"9",.0,"9",.0,"9",.0,"9",.0,"9",0,"",0,"","R",0,"8",0,"8",0,"8"
"349190650","KASPROWY WIERCH","2018","08","04",18.0,"",10.5,"",14.1,"",.0,"8",2.5,"","W",0,"9",.0,"9",11.5,"",.0,"9",.0,"9",.0,"9",.0,"9",.0,"9",.0,"9",.0,"9",.0,"9",.0,"9",.0,"9",.0,"9",.0,"9",.0,"9",.0,"9",.0,"9",.0,"9",0,"",0,"","R",0,"8",0,"8",0,"8"
"349190650","KASPROWY WIERCH","2018","08","05",16.2,"",10.0,"",12.9,"",.0,"8",5.5,"","W",0,"9",.0,"9",1.2,"",2.4,"",.0,"9",.0,"9",.0,"9",3.2,"",.0,"9",.0,"9",.0,"9",.0,"9",.0,"9",.0,"9",.0,"9",.0,"9",3.6,"",.0,"9",.0,"9",0,"",0,"","R",0,"8",0,"8",0,"8"
"349190650","KASPROWY WIERCH","2018","08","06",13.8,"",9.2,"",10.8,"",.0,"8",.1,"","W",0,"9",.0,"9",1.4,"",.7,"",.0,"9",.0,"9",.0,"9",12.8,"",.0,"9",.0,"9",.0,"9",.0,"9",.0,"9",.0,"9",.0,"9",.0,"9",.0,"9",.0,"9",.0,"9",0,"",0,"","R",0,"8",0,"8",0,"8"
"349190650","KASPROWY WIERCH","2018","08","07",17.3,"",9.2,"",13.1,"",.0,"8",.0,"9","",0,"9",.0,"9",12.2,"",.0,"9",.0,"9",.0,"9",.0,"9",.0,"9",.0,"9",.0,"9",.0,"9",.0,"9",.0,"9",.0,"9",.0,"9",.0,"9",.0,"9",.0,"9",.0,"9",0,"",0,"","R",0,"8",0,"8",0,"8"
"349190650","KASPROWY WIERCH","2018","08","08",18.1,"",10.8,"",13.6,"",.0,"8",.0,"9","",0,"9",.0,"9",9.3,"",.0,"9",.0,"9",.0,"9",.0,"9",.0,"9",.0,"9",.0,"9",.0,"9",.0,"9",.0,"9",.0,"9",.0,"9",.0,"9",.0,"9",.0,"9",.0,"9",0,"",0,"","R",0,"8",0,"8",0,"8"
"349190650","KASPROWY WIERCH","2018","08","09",16.8,"",12.5,"",14.4,"",.0,"8",12.5,"","W",0,"9",.0,"9",8.9,"",1.8,"",.0,"9",.0,"9",.0,"9",.0,"9",.0,"9",.0,"9",.0,"9",.0,"9",.0,"9",.0,"9",1.3,"",.0,"9",1.9,"",.0,"9",.0,"9",0,"",0,"","R",0,"8",0,"8",0,"8"
"349190650","KASPROWY WIERCH","2018","08","10",17.9,"",12.1,"",13.9,"",.0,"8",4.4,"","W",0,"9",.0,"9",9.8,"",.5,"",.0,"9",.0,"9",.0,"9",6.8,"",.0,"9",.0,"9",.0,"9",.0,"9",.0,"9",.0,"9",1.3,"",.0,"9",.0,"9",.0,"9",.0,"9",0,"",1,"","R",0,"8",0,"8",0,"8"
"349190650","KASPROWY WIERCH","2018","08","11",13.5,"",8.5,"",10.0,"",.0,"8",17.0,"","W",0,"9",.0,"9",.5,"",5.0,"",.0,"9",.0,"9",.0,"9",18.1,"",.0,"9",.0,"9",.0,"9",.0,"9",.0,"9",.0,"9",.7,"",.0,"9",1.3,"",.0,"9",.0,"9",0,"",0,"","R",0,"8",0,"8",0,"8"
"349190650","KASPROWY WIERCH","2018","08","12",13.6,"",6.3,"",9.9,"",.0,"8",.0,"9","",0,"9",.0,"9",12.3,"",.0,"9",.0,"9",.0,"9",.0,"9",5.6,"",.0,"9",.0,"9",.0,"9",.0,"9",.0,"9",.0,"9",2.2,"",.0,"9",.0,"9",.0,"9",.0,"9",0,"",0,"","R",0,"8",0,"8",0,"8"
"349190650","KASPROWY WIERCH","2018","08","13",15.9,"",9.0,"",11.9,"",.0,"8",.0,"9","",0,"9",.0,"9",13.5,"",.0,"9",.0,"9",.0,"9",.0,"9",.0,"9",.0,"9",.0,"9",.0,"9",.0,"9",.0,"9",.0,"9",5.8,"",.0,"9",.0,"9",.0,"9",.0,"9",0,"",0,"","R",0,"8",0,"8",0,"8"
"349190650","KASPROWY WIERCH","2018","08","14",15.1,"",9.8,"",11.5,"",.0,"8",25.4,"","W",0,"9",.0,"9",3.6,"",4.3,"",.0,"9",.0,"9",.0,"9",5.4,"",.0,"9",.0,"9",.0,"9",.0,"9",.0,"9",.0,"9",2.7,"",.0,"9",3.9,"",.0,"9",.0,"9",0,"",0,"","R",0,"8",0,"8",0,"8"
"349190650","KASPROWY WIERCH","2018","08","15",11.1,"",6.5,"",8.0,"",.0,"8",4.1,"","W",0,"9",.0,"9",1.3,"",4.3,"",.0,"9",.0,"9",.0,"9",21.2,"",.0,"9",.0,"9",.0,"9",.0,"9",.0,"9",.0,"9",.0,"9",.0,"9",.0,"9",.0,"9",.0,"9",0,"",0,"","R",0,"8",0,"8",0,"8"
"349190650","KASPROWY WIERCH","2018","08","16",11.5,"",6.1,"",8.6,"",.0,"8",.0,"9","",0,"9",.0,"9",2.6,"",.0,"9",.0,"9",.0,"9",.0,"9",15.5,"",.0,"9",.0,"9",.0,"9",.0,"9",.0,"9",.0,"9",.0,"9",.0,"9",.0,"9",.0,"9",.0,"9",0,"",0,"","R",0,"8",0,"8",0,"8"
"349190650","KASPROWY WIERCH","2018","08","17",14.2,"",8.3,"",10.8,"",.0,"8",.0,"9","",0,"9",.0,"9",7.9,"",.0,"9",.0,"9",.0,"9",.0,"9",2.2,"",.0,"9",.0,"9",.0,"9",.0,"9",.0,"9",.0,"9",.0,"9",.0,"9",.0,"9",.0,"9",.0,"9",0,"",0,"","R",0,"8",0,"8",0,"8"
"349190650","KASPROWY WIERCH","2018","08","18",16.8,"",9.9,"",11.9,"",.0,"8",.0,"9","",0,"9",.0,"9",5.3,"",.0,"9",.0,"9",.0,"9",.0,"9",.7,"",.0,"9",.0,"9",.0,"9",.0,"9",.0,"9",.0,"9",.0,"9",.0,"9",.0,"9",.0,"9",.0,"9",0,"",0,"","R",0,"8",0,"8",0,"8"
"349190650","KASPROWY WIERCH","2018","08","19",17.3,"",10.1,"",13.0,"",.0,"8",.0,"9","",0,"9",.0,"9",12.4,"",.0,"9",.0,"9",.0,"9",.0,"9",.0,"9",.0,"9",.0,"9",.0,"9",.0,"9",.0,"9",.0,"9",.0,"9",.0,"9",.0,"9",.0,"9",.0,"9",0,"",0,"","R",0,"8",0,"8",0,"8"
"349190650","KASPROWY WIERCH","2018","08","20",17.8,"",11.7,"",14.0,"",.0,"8",.0,"9","",0,"9",.0,"9",7.3,"",.0,"9",.0,"9",.0,"9",.0,"9",.0,"9",.0,"9",.0,"9",.0,"9",.0,"9",.0,"9",.0,"9",.0,"9",.0,"9",.0,"9",.0,"9",.0,"9",0,"",0,"","R",0,"8",0,"8",0,"8"
"349190650","KASPROWY WIERCH","2018","08","21",15.3,"",10.4,"",12.4,"",.0,"8",.0,"9","",0,"9",.0,"9",5.3,"",.0,"9",.0,"9",.0,"9",.0,"9",13.2,"",.0,"9",.0,"9",.0,"9",.0,"9",.0,"9",.0,"9",.0,"9",.0,"9",.0,"9",.0,"9",.0,"9",0,"",0,"","R",0,"8",0,"8",0,"8"
"349190650","KASPROWY WIERCH","2018","08","22",15.7,"",9.1,"",11.7,"",.0,"8",.0,"9","",0,"9",.0,"9",10.8,"",.0,"9",.0,"9",.0,"9",.0,"9",.0,"9",.0,"9",.0,"9",.0,"9",.0,"9",.0,"9",.0,"9",.0,"9",.0,"9",.0,"9",.0,"9",.0,"9",0,"",0,"","R",0,"8",0,"8",0,"8"
"349190650","KASPROWY WIERCH","2018","08","23",19.0,"",11.4,"",13.6,"",.0,"8",.0,"9","",0,"9",.0,"9",7.5,"",.0,"9",.0,"9",.0,"9",.0,"9",.0,"9",.0,"9",.0,"9",.0,"9",.0,"9",.0,"9",.0,"9",.0,"9",.0,"9",.0,"9",.0,"9",.0,"9",0,"",1,"","R",0,"8",0,"8",0,"8"
"349190650","KASPROWY WIERCH","2018","08","24",14.8,"",9.9,"",11.2,"",.0,"8",7.6,"","W",0,"9",.0,"9",3.8,"",1.7,"",.0,"9",.0,"9",.0,"9",2.5,"",.0,"9",.0,"9",.0,"9",.0,"9",.0,"9",.0,"9",2.7,"",.0,"9",1.7,"",.0,"9",.0,"9",0,"",0,"","R",0,"8",0,"8",0,"8"
"349190650","KASPROWY WIERCH","2018","08","25",11.1,"",5.7,"",8.1,"",.0,"8",9.3,"","W",0,"9",.0,"9",.0,"9",3.6,"",.0,"9",.0,"9",.0,"9",14.1,"",.0,"9",.0,"9",.0,"9",.0,"9",.0,"9",.0,"9",.3,"",.0,"9",.0,"9",.0,"9",.0,"9",0,"",0,"","R",0,"8",0,"8",0,"8"
"349190650","KASPROWY WIERCH","2018","08","26",7.8,"",1.9,"",3.6,"",.0,"8",21.7,"","W",0,"9",.0,"9",.0,"9",16.7,"",.0,"9",.0,"9",.0,"9",24.0,"",.0,"9",.0,"9",.0,"9",.0,"9",.0,"9",.0,"9",.0,"9",.0,"9",.0,"9",.0,"9",.0,"9",0,"",0,"","R",0,"8",0,"8",0,"8"
"349190650","KASPROWY WIERCH","2018","08","27",10.1,"",.7,"",6.7,"",.0,"8",.0,"9","",0,"9",.0,"9",8.6,"",.0,"9",.0,"9",.0,"9",.0,"9",6.6,"",.0,"9",.0,"9",.0,"9",.0,"9",.0,"9",.0,"9",.0,"9",.0,"9",.0,"9",.0,"9",.0,"9",0,"",0,"","R",0,"8",0,"8",0,"8"
"349190650","KASPROWY WIERCH","2018","08","28",11.3,"",5.2,"",7.1,"",.0,"8",.0,"9","",0,"9",.0,"9",4.2,"",.0,"9",.0,"9",.0,"9",.0,"9",6.9,"",.0,"9",.0,"9",.0,"9",.0,"9",.0,"9",.0,"9",.0,"9",.0,"9",.0,"9",.0,"9",.0,"9",0,"",0,"","R",0,"8",0,"8",0,"8"
"349190650","KASPROWY WIERCH","2018","08","29",11.9,"",5.0,"",7.8,"",.0,"8",.0,"9","",0,"9",.0,"9",9.2,"",.0,"9",.0,"9",.0,"9",.0,"9",7.2,"",.0,"9",.0,"9",.0,"9",.0,"9",.0,"9",.0,"9",.0,"9",.0,"9",.0,"9",.0,"9",.0,"9",0,"",0,"","R",0,"8",0,"8",0,"8"
"349190650","KASPROWY WIERCH","2018","08","30",13.5,"",6.8,"",9.5,"",.0,"8",.0,"9","",0,"9",.0,"9",9.0,"",.0,"9",.0,"9",.0,"9",.0,"9",.0,"9",.0,"9",.0,"9",.0,"9",.0,"9",.0,"9",.0,"9",.0,"9",.0,"9",.0,"9",.0,"9",.0,"9",0,"",0,"","R",0,"8",0,"8",0,"8"
"349190650","KASPROWY WIERCH","2018","08","31",10.6,"",8.1,"",9.0,"",.0,"8",3.7,"","W",0,"9",.0,"9",.2,"",1.1,"",.0,"9",.0,"9",.0,"9",12.2,"",.0,"9",.0,"9",.0,"9",.0,"9",.0,"9",.0,"9",.8,"",.0,"9",.0,"9",.0,"9",.0,"9",0,"",0,"","R",0,"8",0,"8",0,"8"
"349190650","KASPROWY WIERCH","2018","09","01",15.9,"",8.2,"",11.7,"",.0,"8",.0,"9","",0,"9",.0,"9",10.2,"",.0,"9",.0,"9",.0,"9",.0,"9",.0,"9",.0,"9",.0,"9",.0,"9",.0,"9",.0,"9",.0,"9",.0,"9",.0,"9",.0,"9",.0,"9",.0,"9",0,"",0,"","R",0,"8",0,"8",0,"8"
"349190650","KASPROWY WIERCH","2018","09","02",16.1,"",10.0,"",12.3,"",.0,"8",.0,"9","",0,"9",.0,"9",4.0,"",.0,"9",.0,"9",.0,"9",.0,"9",2.8,"",.0,"9",.0,"9",.0,"9",.0,"9",.0,"9",.0,"9",.0,"9",.0,"9",.0,"9",.0,"9",.0,"9",0,"",1,"","R",0,"8",0,"8",0,"8"
"349190650","KASPROWY WIERCH","2018","09","03",15.1,"",9.2,"",11.3,"",.0,"8",32.3,"","W",0,"9",.0,"9",5.7,"",4.5,"",.0,"9",.0,"9",.1,"",6.8,"",.0,"9",.0,"9",.0,"9",.0,"9",.0,"9",.0,"9",2.0,"",.0,"9",10.0,"",.0,"9",.0,"9",0,"",0,"","R",0,"8",0,"8",0,"8"
"349190650","KASPROWY WIERCH","2018","09","04",11.0,"",6.3,"",8.6,"",.0,"8",2.9,"","W",0,"9",.0,"9",.6,"",2.7,"",.0,"9",.0,"9",.0,"9",14.0,"",.0,"9",.0,"9",.0,"9",.0,"9",.0,"9",.0,"9",.0,"9",.0,"9",.0,"9",.0,"9",.0,"9",0,"",0,"","R",0,"8",0,"8",0,"8"
"349190650","KASPROWY WIERCH","2018","09","05",9.0,"",6.2,"",7.5,"",.0,"8",26.7,"","W",0,"9",.0,"9",.0,"9",7.0,"",.0,"9",.0,"9",.0,"9",24.0,"",.0,"9",.0,"9",.0,"9",.0,"9",.0,"9",.0,"9",.0,"9",.0,"9",.0,"9",.0,"9",.0,"9",0,"",0,"","R",0,"8",0,"8",0,"8"
"349190650","KASPROWY WIERCH","2018","09","06",10.3,"",4.4,"",6.6,"",.0,"8",.0,"9","",0,"9",.0,"9",4.3,"",.0,"9",.0,"9",.0,"9",.0,"9",13.3,"",.0,"9",.0,"9",.0,"9",.0,"9",.0,"9",.0,"9",.0,"9",.0,"9",.0,"9",.0,"9",.0,"9",0,"",0,"","R",0,"8",0,"8",0,"8"
"349190650","KASPROWY WIERCH","2018","09","07",10.1,"",5.2,"",7.4,"",.0,"8",.0,"9","",0,"9",.0,"9",5.1,"",.0,"9",.0,"9",.0,"9",.0,"9",2.7,"",.0,"9",.0,"9",.0,"9",.0,"9",.0,"9",.0,"9",.0,"9",.0,"9",.0,"9",2.0,"",.0,"9",0,"",0,"","R",0,"8",0,"8",0,"8"
"349190650","KASPROWY WIERCH","2018","09","08",9.0,"",5.8,"",6.8,"",.0,"8",15.2,"","W",0,"9",.0,"9",.2,"",3.0,"",.0,"9",.0,"9",.0,"9",22.4,"",.0,"9",.0,"9",.0,"9",.0,"9",.0,"9",.0,"9",.0,"9",.0,"9",.4,"",.0,"9",.0,"9",0,"",0,"","R",0,"8",0,"8",0,"8"
"349190650","KASPROWY WIERCH","2018","09","09",8.7,"",3.6,"",5.7,"",.0,"8",.0,"9","",0,"9",.0,"9",1.3,"",.0,"9",.0,"9",.0,"9",.0,"9",17.3,"",.0,"9",.0,"9",.0,"9",.0,"9",.0,"9",.0,"9",.0,"9",.0,"9",.0,"9",.0,"9",.0,"9",0,"",0,"","R",0,"8",0,"8",0,"8"
"349190650","KASPROWY WIERCH","2018","09","10",10.4,"",4.7,"",6.5,"",.0,"8",.0,"9","",0,"9",.0,"9",6.1,"",.0,"9",.0,"9",.0,"9",.0,"9",5.3,"",.0,"9",.0,"9",.0,"9",.0,"9",.0,"9",.0,"9",.0,"9",.0,"9",.0,"9",.0,"9",.0,"9",0,"",0,"","R",0,"8",0,"8",0,"8"
"349190650","KASPROWY WIERCH","2018","09","11",9.5,"",5.2,"",7.4,"",.0,"8",.0,"","W",0,"9",.0,"9",3.1,"",1.3,"",.0,"9",.0,"9",.0,"9",.0,"9",.0,"9",.0,"9",.0,"9",.0,"9",.0,"9",.0,"9",.0,"9",.0,"9",.0,"9",.0,"9",.0,"9",0,"",0,"","R",0,"8",0,"8",0,"8"
"349190650","KASPROWY WIERCH","2018","09","12",17.3,"",8.0,"",12.7,"",.0,"8",.0,"9","",0,"9",.0,"9",12.4,"",.0,"9",.0,"9",.0,"9",.0,"9",.0,"9",.0,"9",.0,"9",.0,"9",.0,"9",.0,"9",.0,"9",.0,"9",.0,"9",.0,"9",.0,"9",.0,"9",0,"",0,"","R",0,"8",0,"8",0,"8"
"349190650","KASPROWY WIERCH","2018","09","13",15.9,"",9.9,"",12.1,"",.0,"8",.0,"9","",0,"9",.0,"9",8.5,"",.0,"9",.0,"9",.0,"9",.0,"9",.0,"9",.0,"9",.0,"9",.0,"9",.0,"9",.0,"9",.0,"9",.0,"9",.0,"9",.0,"9",2.0,"",.0,"9",0,"",0,"","R",0,"8",0,"8",0,"8"
"349190650","KASPROWY WIERCH","2018","09","14",11.7,"",7.6,"",9.7,"",.0,"8",27.5,"","W",0,"9",.0,"9",2.5,"",1.4,"",.0,"9",.0,"9",.1,"",6.7,"",.0,"9",.0,"9",.0,"9",.0,"9",.0,"9",.0,"9",.0,"9",.0,"9",5.6,"",2.0,"",.0,"9",0,"",0,"","R",0,"8",0,"8",0,"8"
"349190650","KASPROWY WIERCH","2018","09","15",9.2,"",4.3,"",6.8,"",.0,"8",5.7,"","W",0,"9",.0,"9",.7,"",4.4,"",.0,"9",.0,"9",.0,"9",16.2,"",.0,"9",.0,"9",.0,"9",.0,"9",.0,"9",.0,"9",.0,"9",.0,"9",.0,"9",.0,"9",.0,"9",0,"",0,"","R",0,"8",0,"8",0,"8"
"349190650","KASPROWY WIERCH","2018","09","16",7.9,"",1.2,"",4.6,"",.0,"8",.0,"9","",0,"9",.0,"9",5.6,"",.0,"9",.0,"9",.0,"9",.0,"9",9.2,"",.0,"9",.0,"9",.0,"9",.0,"9",.0,"9",.0,"9",1.7,"",.0,"9",.0,"9",.0,"9",.0,"9",0,"",0,"","R",0,"8",0,"8",0,"8"
"349190650","KASPROWY WIERCH","2018","09","17",13.0,"",4.5,"",7.8,"",.0,"8",.0,"9","",0,"9",.0,"9",9.0,"",.0,"9",.0,"9",.0,"9",.0,"9",.0,"9",.0,"9",.0,"9",.0,"9",.0,"9",.0,"9",.0,"9",.0,"9",.0,"9",.0,"9",.0,"9",.0,"9",0,"",0,"","R",0,"8",0,"8",0,"8"
"349190650","KASPROWY WIERCH","2018","09","18",14.6,"",7.0,"",9.6,"",.0,"8",.0,"9","",0,"9",.0,"9",12.0,"",.0,"9",.0,"9",.0,"9",.0,"9",.0,"9",.0,"9",.0,"9",.0,"9",.0,"9",.0,"9",.0,"9",1.8,"",.0,"9",.0,"9",3.0,"",.0,"9",0,"",0,"","R",0,"8",0,"8",0,"8"
"349190650","KASPROWY WIERCH","2018","09","19",13.7,"",6.4,"",9.6,"",.0,"8",.0,"9","",0,"9",.0,"9",11.2,"",.0,"9",.0,"9",.0,"9",.0,"9",.0,"9",.0,"9",.0,"9",.0,"9",.0,"9",.0,"9",.0,"9",.0,"9",.0,"9",.0,"9",.0,"9",.0,"9",0,"",0,"","R",0,"8",0,"8",0,"8"
"349190650","KASPROWY WIERCH","2018","09","20",13.5,"",6.9,"",9.4,"",.0,"8",.0,"9","",0,"9",.0,"9",10.0,"",.0,"9",.0,"9",.0,"9",.0,"9",.0,"9",.0,"9",.0,"9",.0,"9",.0,"9",.0,"9",.0,"9",.0,"9",.0,"9",.0,"9",5.0,"",.0,"9",0,"",0,"","R",0,"8",0,"8",0,"8"
"349190650","KASPROWY WIERCH","2018","09","21",11.6,"",7.1,"",8.5,"",.0,"8",2.8,"","S",0,"9",.0,"9",7.9,"",.0,"9",.0,"9",.0,"9",.0,"9",.0,"9",.0,"9",.0,"9",.0,"9",.0,"9",.0,"9",.0,"9",15.8,"",.0,"9",.0,"9",4.0,"",.0,"9",0,"",0,"","R",0,"8",0,"8",0,"8"
"349190650","KASPROWY WIERCH","2018","09","22",9.5,"",-1.1,"",2.2,"",.0,"8",8.0,"","S",0,"9",.0,"9",.3,"",2.3,"",3.8,"",.9,"",.2,"",8.6,"",.0,"9",.0,"9",.0,"9",.0,"9",.0,"9",.0,"9",2.7,"",.0,"9",.0,"9",.0,"9",.0,"9",0,"",0,"","R",0,"8",0,"8",0,"8"
"349190650","KASPROWY WIERCH","2018","09","23",5.7,"",-1.2,"",1.9,"",.0,"8",14.4,"","S",3,"",.0,"9",1.9,"",2.6,"",.0,"9",.0,"9",.0,"9",11.8,"",.0,"9",.0,"9",.0,"9",.0,"9",.0,"9",.0,"9",11.8,"",2.3,"",.0,"9",.0,"9",.0,"9",1,"",0,"","R",0,"8",0,"8",0,"8"
"349190650","KASPROWY WIERCH","2018","09","24",7.3,"",-4.7,"",-2.2,"",.0,"8",15.4,"","S",1,"",.0,"9",.1,"",2.4,"",8.4,"",.0,"9",.0,"9",24.0,"",.0,"9",21.4,"",.0,"9",.0,"9",13.4,"",.0,"9",4.7,"",.7,"",.0,"9",.0,"9",.0,"9",1,"",0,"","R",0,"8",0,"8",0,"8"
"349190650","KASPROWY WIERCH","2018","09","25",-3.9,"",-6.1,"",-5.1,"",.0,"8",10.6,"","S",10,"",1.5,"",.0,"9",.0,"9",15.4,"",.0,"9",.0,"9",24.0,"",.0,"9",24.0,"",.0,"9",.0,"9",23.2,"",.0,"9",1.2,"",.0,"9",.0,"9",.0,"9",.0,"9",1,"",0,"","R",0,"8",0,"8",0,"8"
"349190650","KASPROWY WIERCH","2018","09","26",3.3,"",-6.6,"",-2.0,"",.0,"8",.0,"9","",20,"",1.4,"",11.3,"",.0,"9",.0,"9",.0,"9",.0,"9",2.3,"",.0,"9",2.3,"",.0,"9",.0,"9",2.1,"",.0,"9",.7,"",.0,"9",.0,"9",.0,"9",.0,"9",1,"",0,"","R",0,"8",0,"8",0,"8"
"349190650","KASPROWY WIERCH","2018","09","27",8.6,"",2.4,"",6.4,"",.0,"8",2.5,"","W",12,"",2.0,"",1.6,"",2.5,"",.0,"9",.0,"9",.0,"9",11.1,"",.0,"9",.0,"9",.0,"9",.0,"9",.0,"9",.0,"9",.0,"9",.0,"9",.0,"9",.0,"9",.0,"9",1,"",0,"","R",0,"8",0,"8",0,"8"
"349190650","KASPROWY WIERCH","2018","09","28",10.4,"",3.7,"",6.9,"",.0,"8",8.2,"","S",5,"",2.4,"",4.6,"",2.0,"",.0,"9",.2,"",.0,"9",11.6,"",.0,"9",.0,"9",.0,"9",.0,"9",.0,"9",.0,"9",1.3,"",.0,"9",.0,"9",.0,"9",.0,"9",1,"",0,"","R",0,"8",0,"8",0,"8"
"349190650","KASPROWY WIERCH","2018","09","29",3.7,"",-4.3,"",-3.1,"",.0,"8",.1,"","S",4,"",.0,"9",.3,"",.0,"9",4.1,"",2.1,"",.0,"9",18.0,"",.0,"9",15.9,"",.0,"9",.0,"9",8.1,"",.0,"9",5.8,"",.0,"9",.0,"9",.0,"9",.0,"9",1,"",0,"","R",0,"8",0,"8",0,"8"
"349190650","KASPROWY WIERCH","2018","09","30",3.7,"",-6.6,"",-.2,"",.0,"8",.0,"9","",3,"",.0,"9",11.4,"",.0,"9",.0,"9",.0,"9",.0,"9",.0,"9",.0,"9",.0,"9",.0,"9",.0,"9",.0,"9",.0,"9",8.2,"",.0,"9",.0,"9",.0,"9",.0,"9",1,"",0,"","Z",0,"8",0,"8",0,"8"
"349190650","KASPROWY WIERCH","2018","10","01",.6,"",-2.3,"",-.2,"",.0,"8",4.4,"","S",0,"9",.0,"9",.0,"9",2.1,"",.0,"9",.0,"9",.0,"9",22.6,"",.0,"9",8.2,"",.0,"9",.0,"9",.0,"9",.0,"9",10.7,"",.0,"9",.0,"9",.0,"9",.0,"9",0,"",0,"","R",0,"8",0,"8",0,"8"
"349190650","KASPROWY WIERCH","2018","10","02",.1,"",-4.8,"",-2.5,"",.0,"8",13.1,"","S",3,"",.0,"9",.0,"9",.0,"9",14.9,"",.0,"9",.0,"9",18.3,"",.0,"9",18.3,"",.0,"9",.0,"9",11.3,"",.0,"9",2.0,"",.0,"9",.0,"9",.0,"9",.0,"9",1,"",0,"","R",0,"8",0,"8",0,"8"
"349190650","KASPROWY WIERCH","2018","10","03",-.6,"",-4.8,"",-2.6,"",.0,"8",4.2,"","S",14,"",1.1,"",.5,"",.0,"9",7.0,"",.0,"9",.0,"9",17.3,"",.0,"9",18.5,"",.0,"9",.0,"9",24.0,"",.0,"9",10.8,"",.0,"9",.0,"9",.0,"9",.0,"9",1,"",0,"","R",0,"8",0,"8",0,"8"
"349190650","KASPROWY WIERCH","2018","10","04",-1.7,"",-5.1,"",-3.5,"",.0,"8",.0,"9","",16,"",1.9,"",2.7,"",.0,"9",.3,"",.0,"9",.0,"9",9.8,"",.0,"9",9.8,"",.0,"9",.0,"9",10.5,"",.0,"9",.0,"9",.0,"9",.0,"9",.0,"9",.0,"9",1,"",0,"","R",0,"8",0,"8",0,"8"
"349190650","KASPROWY WIERCH","2018","10","05",6.4,"",-3.7,"",4.4,"",.0,"8",.0,"9","",13,"",2.1,"",11.0,"",.0,"9",.0,"9",.0,"9",.0,"9",.0,"9",.0,"9",.0,"9",.0,"9",.0,"9",.0,"9",.0,"9",6.0,"",.0,"9",.0,"9",.0,"9",.0,"9",1,"",0,"","Z",0,"8",0,"8",0,"8"
"349190650","KASPROWY WIERCH","2018","10","06",9.1,"",2.9,"",6.6,"",.0,"8",.0,"","W",7,"",2.3,"",10.0,"",.0,"9",.0,"9",.0,"9",.0,"9",.0,"9",.0,"9",.0,"9",.0,"9",.0,"9",.0,"9",.0,"9",21.5,"",.3,"",.0,"9",.0,"9",.0,"9",1,"",0,"","R",0,"8",0,"8",0,"8"
"349190650","KASPROWY WIERCH","2018","10","07",8.2,"",5.3,"",6.6,"",.0,"8",.2,"","W",0,"9",.0,"9",.3,"",1.8,"",.0,"9",.0,"9",.0,"9",11.6,"",.0,"9",.0,"9",.0,"9",.0,"9",.0,"9",.0,"9",9.0,"",.8,"",.0,"9",.0,"9",.0,"9",0,"",0,"","R",0,"8",0,"8",0,"8"
"349190650","KASPROWY WIERCH","2018","10","08",9.9,"",5.0,"",6.5,"",.0,"8",.0,"9","",0,"9",.0,"9",2.4,"",1.1,"",.0,"9",.0,"9",.0,"9",11.8,"",.0,"9",.0,"9",.0,"9",.0,"9",.0,"9",.0,"9",.0,"9",.0,"9",.0,"9",.0,"9",.0,"9",0,"",0,"","R",0,"8",0,"8",0,"8"
"349190650","KASPROWY WIERCH","2018","10","09",11.2,"",5.6,"",7.6,"",.0,"8",.0,"9","",0,"9",.0,"9",7.8,"",.0,"9",.0,"9",.0,"9",.0,"9",5.2,"",.0,"9",.0,"9",.0,"9",.0,"9",.0,"9",.0,"9",.0,"9",.0,"9",.0,"9",4.0,"",.0,"9",0,"",0,"","R",0,"8",0,"8",0,"8"
"349190650","KASPROWY WIERCH","2018","10","10",12.3,"",6.1,"",8.7,"",.0,"8",.0,"9","",0,"9",.0,"9",7.1,"",.0,"9",.0,"9",.0,"9",.0,"9",5.5,"",.0,"9",.0,"9",.0,"9",.0,"9",.0,"9",.0,"9",.0,"9",.0,"9",.0,"9",5.0,"",.0,"9",0,"",0,"","R",0,"8",0,"8",0,"8"
"349190650","KASPROWY WIERCH","2018","10","11",12.4,"",7.3,"",9.6,"",.0,"8",.0,"9","",0,"9",.0,"9",10.5,"",.0,"9",.0,"9",.0,"9",.0,"9",.0,"9",.0,"9",.0,"9",.0,"9",.0,"9",.0,"9",.0,"9",.0,"9",.0,"9",.0,"9",.0,"9",.0,"9",0,"",0,"","R",0,"8",0,"8",0,"8"
"349190650","KASPROWY WIERCH","2018","10","12",11.2,"",5.8,"",8.1,"",.0,"8",.0,"9","",0,"9",.0,"9",10.5,"",.0,"9",.0,"9",.0,"9",.0,"9",.0,"9",.0,"9",.0,"9",.0,"9",.0,"9",.0,"9",.0,"9",.8,"",.0,"9",.0,"9",.0,"9",.0,"9",0,"",0,"","R",0,"8",0,"8",0,"8"
"349190650","KASPROWY WIERCH","2018","10","13",12.4,"",7.1,"",9.1,"",.0,"8",.0,"9","",0,"9",.0,"9",10.5,"",.0,"9",.0,"9",.0,"9",.0,"9",.0,"9",.0,"9",.0,"9",.0,"9",.0,"9",.0,"9",.0,"9",.0,"9",.0,"9",.0,"9",.0,"9",.0,"9",0,"",0,"","R",0,"8",0,"8",0,"8"
"349190650","KASPROWY WIERCH","2018","10","14",11.4,"",5.3,"",8.0,"",.0,"8",.0,"9","",0,"9",.0,"9",10.4,"",.0,"9",.0,"9",.0,"9",.0,"9",.0,"9",.0,"9",.0,"9",.0,"9",.0,"9",.0,"9",.0,"9",2.5,"",.0,"9",.0,"9",.0,"9",.0,"9",0,"",0,"","R",0,"8",0,"8",0,"8"
"349190650","KASPROWY WIERCH","2018","10","15",11.2,"",5.4,"",8.6,"",.0,"8",.0,"9","",0,"9",.0,"9",10.2,"",.0,"9",.0,"9",.0,"9",.0,"9",.0,"9",.0,"9",.0,"9",.0,"9",.0,"9",.0,"9",.0,"9",5.0,"",.0,"9",.0,"9",.0,"9",.0,"9",0,"",0,"","R",0,"8",0,"8",0,"8"
"349190650","KASPROWY WIERCH","2018","10","16",10.0,"",3.8,"",7.2,"",.0,"8",.0,"9","",0,"9",.0,"9",9.5,"",.0,"9",.0,"9",.0,"9",.0,"9",.0,"9",.0,"9",.0,"9",.0,"9",.0,"9",.0,"9",.0,"9",.0,"9",.0,"9",.0,"9",.0,"9",.0,"9",0,"",0,"","R",0,"8",0,"8",0,"8"
"349190650","KASPROWY WIERCH","2018","10","17",10.3,"",4.2,"",7.1,"",.0,"8",.0,"9","",0,"9",.0,"9",8.3,"",.0,"9",.0,"9",.0,"9",.0,"9",.0,"9",.0,"9",.0,"9",.0,"9",.0,"9",.0,"9",.0,"9",.0,"9",.0,"9",.0,"9",.0,"9",.0,"9",0,"",0,"","R",0,"8",0,"8",0,"8"
"349190650","KASPROWY WIERCH","2018","10","18",10.0,"",5.1,"",6.8,"",.0,"8",.0,"9","",0,"9",.0,"9",3.7,"",.0,"9",.0,"9",.0,"9",.0,"9",.0,"9",.0,"9",.0,"9",.0,"9",.0,"9",.0,"9",.0,"9",.0,"9",.0,"9",.0,"9",.0,"9",.0,"9",0,"",0,"","R",0,"8",0,"8",0,"8"
"349190650","KASPROWY WIERCH","2018","10","19",6.0,"",2.7,"",3.8,"",.0,"8",1.5,"","W",0,"9",.0,"9",1.2,"",.4,"",.0,"9",.0,"9",.0,"",17.0,"",.0,"9",.0,"9",.0,"9",.0,"9",.0,"9",.0,"9",.0,"9",.0,"9",.0,"9",.0,"9",.0,"9",0,"",0,"","R",0,"8",0,"8",0,"8"
"349190650","KASPROWY WIERCH","2018","10","20",6.0,"",.2,"",2.2,"",.0,"8",10.6,"","S",0,"9",.0,"9",4.2,"",4.0,"",5.0,"",.0,"9",.0,"9",14.5,"",.0,"9",5.3,"",.0,"9",.0,"9",.0,"9",.0,"9",.0,"9",.0,"9",.0,"9",.0,"9",.0,"9",0,"",0,"","R",0,"8",0,"8",0,"8"
"349190650","KASPROWY WIERCH","2018","10","21",.2,"",-5.5,"",-2.8,"",.0,"8",1.5,"","S",3,"",.0,"9",.0,"9",.0,"9",1.1,"",.0,"9",.0,"9",18.7,"",.0,"9",18.7,"",.0,"9",.0,"9",.0,"9",.0,"9",1.7,"",.0,"9",.0,"9",.0,"9",.0,"9",1,"",0,"","R",0,"8",0,"8",0,"8"
"349190650","KASPROWY WIERCH","2018","10","22",2.2,"",-2.2,"",-.1,"",.0,"8",2.1,"","S",2,"",.0,"9",6.6,"",.0,"9",.0,"9",.0,"9",.0,"9",10.6,"",.0,"9",7.3,"",.0,"9",.0,"9",.0,"9",.0,"9",.0,"9",.0,"9",.0,"9",.0,"9",.0,"9",1,"",0,"","R",0,"8",0,"8",0,"8"
"349190650","KASPROWY WIERCH","2018","10","23",1.8,"",-4.8,"",-1.4,"",.0,"8",13.4,"","S",4,"",.0,"9",2.4,"",.0,"9",14.6,"",.0,"9",.0,"9",13.9,"",.0,"9",13.9,"",.0,"9",.0,"9",10.0,"",.0,"9",14.3,"",3.5,"",.0,"9",.0,"9",.0,"9",1,"",0,"","R",0,"8",0,"8",0,"8"
"349190650","KASPROWY WIERCH","2018","10","24",-1.5,"",-8.5,"",-6.1,"",.0,"8",12.6,"","S",15,"",1.9,"",.0,"9",.0,"9",10.9,"",.0,"9",.0,"9",19.8,"",.0,"9",19.8,"",.0,"9",.0,"9",24.0,"",.0,"9",18.2,"",.3,"",.0,"9",.0,"9",.0,"9",1,"",0,"","R",0,"8",0,"8",0,"8"
"349190650","KASPROWY WIERCH","2018","10","25",-.4,"",-8.6,"",-3.6,"",.0,"8",5.2,"","S",18,"",2.2,"",.1,"",.0,"9",14.1,"",.0,"9",.0,"9",24.0,"",.0,"9",22.8,"",.0,"9",.0,"9",24.0,"",.0,"9",10.2,"",.0,"9",.0,"9",.0,"9",.0,"9",1,"",0,"","R",0,"8",0,"8",0,"8"
"349190650","KASPROWY WIERCH","2018","10","26",-1.2,"",-3.9,"",-2.6,"",.0,"8",.0,"9","",21,"",2.7,"",1.7,"",.0,"9",.0,"9",.0,"9",.0,"9",10.8,"",.0,"9",10.8,"",.0,"9",.0,"9",6.5,"",.0,"9",12.0,"",2.5,"",.0,"9",.0,"9",.0,"9",1,"",0,"","R",0,"8",0,"8",0,"8"
"349190650","KASPROWY WIERCH","2018","10","27",4.0,"",-2.1,"",2.1,"",.0,"8",15.9,"","S",18,"",2.8,"",1.3,"",11.7,"",1.0,"",.0,"9",.0,"9",11.8,"",.0,"9",.0,"9",.0,"9",.0,"9",.0,"9",.0,"9",11.7,"",1.5,"",.0,"9",.0,"9",.0,"9",1,"",0,"","R",0,"8",0,"8",0,"8"
"349190650","KASPROWY WIERCH","2018","10","28",4.7,"",2.4,"",4.3,"",.0,"8",10.1,"","W",10,"",3.3,"",.0,"9",8.9,"",.0,"9",.0,"9",.0,"9",24.0,"",.0,"9",.0,"9",.0,"9",.0,"9",.0,"9",.0,"9",22.7,"",5.0,"",.0,"9",.0,"9",.0,"9",1,"",0,"","R",0,"8",0,"8",0,"8"
"349190650","KASPROWY WIERCH","2018","10","29",6.9,"",4.3,"",6.1,"",.0,"8",1.6,"","W",0,"9",.0,"9",.0,"9",3.7,"",.0,"9",.0,"9",.0,"9",19.2,"",.0,"9",.0,"9",.0,"9",.0,"9",.0,"9",.0,"9",21.3,"",2.5,"",.0,"9",.0,"9",.0,"9",0,"",0,"","R",0,"8",0,"8",0,"8"
"349190650","KASPROWY WIERCH","2018","10","30",8.2,"",1.9,"",4.6,"",.0,"8",2.8,"","W",0,"9",.0,"9",.0,"9",6.0,"",.0,"9",.0,"9",.0,"9",8.1,"",.0,"9",.0,"9",.0,"9",.0,"9",.0,"9",.0,"9",23.0,"",7.3,"",.0,"9",.0,"9",.0,"9",0,"",0,"","R",0,"8",0,"8",0,"8"
"349190650","KASPROWY WIERCH","2018","10","31",3.2,"",.2,"",1.6,"",.0,"8",.0,"9","",0,"9",.0,"9",5.2,"",.0,"9",.0,"9",.0,"9",.0,"9",.0,"9",.0,"9",.0,"9",.0,"9",.0,"9",.0,"9",.0,"9",16.5,"",.2,"",.0,"9",.0,"9",.0,"9",0,"",0,"","R",0,"8",0,"8",0,"8"
"349190650","KASPROWY WIERCH","2018","11","01",7.6,"",.3,"",4.4,"",.0,"8",.1,"","W",0,"9",.0,"9",7.6,"",.0,"9",.0,"9",.0,"9",.0,"9",.0,"9",.0,"9",.0,"9",.0,"9",.0,"9",.0,"9",.0,"9",21.2,"",1.3,"",.0,"9",.0,"9",.0,"9",0,"",0,"","R",0,"8",0,"8",0,"8"
"349190650","KASPROWY WIERCH","2018","11","02",7.1,"",4.4,"",6.0,"",.0,"8",5.4,"","W",0,"9",.0,"9",2.5,"",2.1,"",.0,"9",.0,"9",.0,"9",16.0,"",.0,"9",.0,"9",.0,"9",.0,"9",.0,"9",.0,"9",5.5,"",.0,"9",.0,"9",.0,"9",.0,"9",0,"",0,"","R",0,"8",0,"8",0,"8"
"349190650","KASPROWY WIERCH","2018","11","03",9.9,"",5.6,"",7.9,"",.0,"8",.0,"9","",0,"9",.0,"9",4.7,"",.0,"9",.0,"9",.0,"9",.0,"9",4.6,"",.0,"9",.0,"9",.0,"9",.0,"9",.0,"9",.0,"9",4.7,"",.0,"9",.0,"9",.0,"9",.0,"9",0,"",0,"","R",0,"8",0,"8",0,"8"
"349190650","KASPROWY WIERCH","2018","11","04",12.7,"",7.5,"",9.6,"",.0,"8",.0,"9","",0,"9",.0,"9",8.8,"",.0,"9",.0,"9",.0,"9",.0,"9",.0,"9",.0,"9",.0,"9",.0,"9",.0,"9",.0,"9",.0,"9",1.7,"",.0,"9",.0,"9",.0,"9",.0,"9",0,"",0,"","R",0,"8",0,"8",0,"8"
"349190650","KASPROWY WIERCH","2018","11","05",12.2,"",6.1,"",9.1,"",.0,"8",.0,"9","",0,"9",.0,"9",8.1,"",.0,"9",.0,"9",.0,"9",.0,"9",.0,"9",.0,"9",.0,"9",.0,"9",.0,"9",.0,"9",.0,"9",4.5,"",.0,"9",.0,"9",.0,"9",.0,"9",0,"",0,"","R",0,"8",0,"8",0,"8"
"349190650","KASPROWY WIERCH","2018","11","06",8.4,"",2.9,"",6.0,"",.0,"8",.0,"9","",0,"9",.0,"9",8.8,"",.0,"9",.0,"9",.0,"9",.0,"9",.0,"9",.0,"9",.0,"9",.0,"9",.0,"9",.0,"9",.0,"9",6.2,"",.0,"9",.0,"9",.0,"9",.0,"9",0,"",0,"","R",0,"8",0,"8",0,"8"
"349190650","KASPROWY WIERCH","2018","11","07",7.1,"",.9,"",4.3,"",.0,"8",.0,"9","",0,"9",.0,"9",8.4,"",.0,"9",.0,"9",.0,"9",.0,"9",.0,"9",.0,"9",.0,"9",.0,"9",.0,"9",.0,"9",.0,"9",2.2,"",.0,"9",.0,"9",.0,"9",.0,"9",0,"",0,"","R",0,"8",0,"8",0,"8"
"349190650","KASPROWY WIERCH","2018","11","08",8.4,"",2.9,"",5.1,"",.0,"8",.0,"9","",0,"9",.0,"9",8.2,"",.0,"9",.0,"9",.0,"9",.0,"9",.0,"9",.0,"9",.0,"9",.0,"9",.0,"9",.0,"9",.0,"9",.3,"",.0,"9",.0,"9",.0,"9",.0,"9",0,"",0,"","R",0,"8",0,"8",0,"8"
"349190650","KASPROWY WIERCH","2018","11","09",5.7,"",2.0,"",3.5,"",.0,"8",.0,"9","",0,"9",.0,"9",6.7,"",.0,"9",.0,"9",.0,"9",.0,"9",2.3,"",.0,"9",.0,"9",.0,"9",.0,"9",.0,"9",.0,"9",1.3,"",.0,"9",.0,"9",.0,"9",.0,"9",0,"",0,"","R",0,"8",0,"8",0,"8"
"349190650","KASPROWY WIERCH","2018","11","10",5.4,"",.8,"",2.6,"",.0,"8",.0,"9","",0,"9",.0,"9",7.6,"",.0,"9",.0,"9",.0,"9",.0,"9",.0,"9",.0,"9",.0,"9",.0,"9",.0,"9",.0,"9",.0,"9",10.5,"",.0,"9",.0,"9",.0,"9",.0,"9",0,"",0,"","R",0,"8",0,"8",0,"8"
"349190650","KASPROWY WIERCH","2018","11","11",4.4,"",-.6,"",1.8,"",.0,"8",.0,"9","",0,"9",.0,"9",.7,"",.0,"9",.0,"9",.0,"9",.0,"9",11.6,"",.0,"9",.0,"9",.0,"9",.0,"9",.0,"9",.0,"9",15.5,"",.5,"",.0,"9",.0,"9",.0,"9",0,"",0,"","R",0,"8",0,"8",0,"8"
"349190650","KASPROWY WIERCH","2018","11","12",6.9,"",2.4,"",4.4,"",.0,"8",.0,"9","",0,"9",.0,"9",6.3,"",.0,"9",.0,"9",.0,"9",.0,"9",12.6,"",.0,"9",.0,"9",.0,"9",.0,"9",.0,"9",.0,"9",16.3,"",2.7,"",.0,"9",.0,"9",.0,"9",0,"",0,"","R",0,"8",0,"8",0,"8"
"349190650","KASPROWY WIERCH","2018","11","13",4.5,"",1.6,"",2.4,"",.0,"8",4.9,"","S",0,"9",.0,"9",6.6,"",.5,"",.7,"",.6,"",.0,"9",17.0,"",.0,"9",.5,"",.0,"9",.0,"9",.0,"9",.0,"9",11.5,"",.0,"9",.0,"9",.0,"9",.0,"9",0,"",0,"","R",0,"8",0,"8",0,"8"
"349190650","KASPROWY WIERCH","2018","11","14",3.1,"",-4.4,"",-3.4,"",.0,"8",5.4,"","S",2,"",.0,"9",.0,"9",.0,"9",5.2,"",.0,"9",.0,"9",23.2,"",.0,"9",23.2,"",.0,"9",.0,"9",12.4,"",.0,"9",.0,"9",.0,"9",.0,"9",.0,"9",.0,"9",1,"",0,"","R",0,"8",0,"8",0,"8"
"349190650","KASPROWY WIERCH","2018","11","15",-3.4,"",-5.8,"",-5.1,"",.0,"8",3.1,"","S",4,"",.0,"9",.0,"9",.0,"9",5.9,"",.0,"9",.0,"9",24.0,"",.0,"9",24.0,"",.0,"9",.0,"9",13.0,"",.0,"9",.0,"9",.0,"9",.0,"9",.0,"9",.0,"9",1,"",0,"","R",0,"8",0,"8",0,"8"
"349190650","KASPROWY WIERCH","2018","11","16",-2.8,"",-7.2,"",-5.7,"",.0,"8",.0,"9","",6,"",2.5,"",8.0,"",.0,"9",.0,"9",.0,"9",.0,"9",6.9,"",.0,"9",6.9,"",.0,"9",.0,"9",3.6,"",.0,"9",.2,"",.0,"9",.0,"9",.0,"9",.0,"9",1,"",0,"","R",0,"8",0,"8",0,"8"
"349190650","KASPROWY WIERCH","2018","11","17",-3.2,"",-7.1,"",-5.4,"",.0,"8",.0,"9","",5,"",2.6,"",7.6,"",.0,"9",.0,"9",.0,"9",.0,"9",.7,"",.0,"9",.7,"",.0,"9",.0,"9",4.0,"",.0,"9",.7,"",.0,"9",.0,"9",.0,"9",.0,"9",1,"",0,"","R",0,"8",0,"8",0,"8"
"349190650","KASPROWY WIERCH","2018","11","18",-2.3,"",-8.9,"",-5.8,"",.0,"8",1.9,"","S",4,"",.0,"9",3.0,"",.0,"9",4.4,"",.0,"9",.0,"9",13.5,"",.0,"9",12.7,"",.0,"9",.0,"9",.0,"9",.0,"9",.0,"9",.0,"9",.0,"9",.0,"9",.0,"9",1,"",0,"","R",0,"8",0,"8",0,"8"
"349190650","KASPROWY WIERCH","2018","11","19",-6.4,"",-9.5,"",-8.1,"",.0,"8",.0,"","S",6,"",1.5,"",1.3,"",.0,"9",1.7,"",.0,"9",.0,"9",7.4,"",.0,"9",7.4,"",.0,"9",.0,"9",.0,"9",.0,"9",.0,"9",.0,"9",.0,"9",.0,"9",.0,"9",1,"",0,"","",0,"8",0,"8",0,"8"
"349190650","KASPROWY WIERCH","2018","11","20",-1.1,"",-8.8,"",-3.3,"",.0,"8",3.5,"","S",5,"",1.6,"",1.9,"",.0,"9",5.5,"",.0,"9",.0,"9",8.8,"",.0,"9",8.8,"",.0,"9",.0,"9",14.8,"",.0,"9",5.0,"",.0,"9",.0,"9",.0,"9",.0,"9",1,"",0,"","R",0,"8",0,"8",0,"8"
"349190650","KASPROWY WIERCH","2018","11","21",.1,"",-3.6,"",-.6,"",.0,"8",.0,"9","",6,"",2.0,"",2.1,"",.0,"9",.0,"9",.0,"9",.0,"9",13.5,"",.0,"9",9.3,"",.0,"9",.0,"9",.7,"",.0,"9",.0,"9",.0,"9",.0,"9",.0,"9",.0,"9",1,"",0,"","Z",0,"8",0,"8",0,"8"
"349190650","KASPROWY WIERCH","2018","11","22",.1,"",-2.5,"",-1.3,"",.0,"8",.3,"","S",4,"",.0,"9",.1,"",.0,"9",4.0,"",.0,"9",.0,"9",14.2,"",.0,"9",14.2,"",.0,"9",.0,"9",.0,"9",.0,"9",.0,"9",.0,"9",.0,"9",.0,"9",.0,"9",1,"",0,"","R",0,"8",0,"8",0,"8"
"349190650","KASPROWY WIERCH","2018","11","23",-.2,"",-3.8,"",-2.2,"",.0,"8",.0,"9","",4,"",.0,"9",4.2,"",.0,"9",.0,"9",.0,"9",.0,"9",11.9,"",.0,"9",11.9,"",.0,"9",.0,"9",1.8,"",.0,"9",4.8,"",.0,"9",.0,"9",.0,"9",.0,"9",1,"",0,"","R",0,"8",0,"8",0,"8"
"349190650","KASPROWY WIERCH","2018","11","24",-.5,"",-4.1,"",-2.0,"",.0,"8",3.5,"","S",3,"",.0,"9",.0,"9",.0,"9",4.2,"",.0,"9",.0,"9",21.4,"",.0,"9",21.4,"",.0,"9",.0,"9",19.7,"",.0,"9",19.3,"",3.8,"",.0,"9",.0,"9",.0,"9",1,"",0,"","R",0,"8",0,"8",0,"8"
"349190650","KASPROWY WIERCH","2018","11","25",-.1,"",-2.2,"",-1.2,"",.0,"8",2.3,"","S",5,"",2.2,"",5.9,"",.0,"9",4.7,"",.0,"9",.0,"9",11.8,"",.0,"9",11.8,"",.0,"9",.0,"9",.0,"9",.0,"9",.0,"9",.0,"9",.0,"9",.0,"9",.0,"9",1,"",0,"","R",0,"8",0,"8",0,"8"
"349190650","KASPROWY WIERCH","2018","11","26",-.3,"",-7.0,"",-4.5,"",.0,"8",4.7,"","S",7,"",2.3,"",.0,"9",.0,"9",19.9,"",.0,"9",.0,"9",24.0,"",.0,"9",24.0,"",.0,"9",.0,"9",12.9,"",.0,"9",.3,"",.0,"9",.0,"9",.0,"9",.0,"9",1,"",0,"","R",0,"8",0,"8",0,"8"
"349190650","KASPROWY WIERCH","2018","11","27",-6.3,"",-12.3,"",-9.4,"",.0,"8",.1,"","S",11,"",2.2,"",3.5,"",.0,"9",6.6,"",.0,"9",.0,"9",11.7,"",.0,"9",11.7,"",.0,"9",.0,"9",24.0,"",.0,"9",7.5,"",.0,"9",.0,"9",.0,"9",.0,"9",1,"",0,"","R",0,"8",0,"8",0,"8"
"349190650","KASPROWY WIERCH","2018","11","28",-8.7,"",-14.3,"",-12.2,"",.0,"8",.0,"","S",10,"",2.1,"",7.9,"",.0,"9",2.2,"",.0,"9",.0,"9",4.9,"",.0,"9",4.9,"",.0,"9",.0,"9",13.2,"",.0,"9",4.2,"",.0,"9",.0,"9",.0,"9",.0,"9",1,"",0,"","",0,"8",0,"8",0,"8"
"349190650","KASPROWY WIERCH","2018","11","29",-2.7,"",-12.4,"",-5.6,"",.0,"8",.0,"9","",10,"",2.1,"",7.9,"",.0,"9",.0,"9",.0,"9",.0,"9",.0,"9",.0,"9",.0,"9",.0,"9",.0,"9",.0,"9",.0,"9",2.8,"",.0,"9",.0,"9",.0,"9",.0,"9",1,"",0,"","R",0,"8",0,"8",0,"8"
"349190650","KASPROWY WIERCH","2018","11","30",-1.1,"",-11.4,"",-5.1,"",.0,"8",.0,"9","",10,"",2.1,"",7.4,"",.0,"9",.0,"9",.0,"9",.0,"9",.0,"9",.0,"9",.0,"9",.0,"9",.0,"9",.0,"9",.0,"9",.0,"9",.0,"9",.0,"9",.0,"9",.0,"9",1,"",0,"","R",0,"8",0,"8",0,"8"
"349190650","KASPROWY WIERCH","2018","12","01",-4.1,"",-11.2,"",-5.9,"",.0,"8",1.1,"","S",9,"",2.2,"",4.1,"",.0,"9",3.0,"",.0,"9",.0,"9",9.7,"",.0,"9",9.7,"",.0,"9",.0,"9",2.4,"",.0,"9",.0,"9",.0,"9",.0,"9",.0,"9",.0,"9",1,"",0,"","R",0,"8",0,"8",0,"8"
"349190650","KASPROWY WIERCH","2018","12","02",-3.0,"",-7.5,"",-5.7,"",.0,"8",.0,"9","",11,"",2.2,"",.1,"",.0,"9",.0,"9",.0,"9",.0,"9",14.3,"",.0,"9",14.3,"",.0,"9",.0,"9",18.7,"",.0,"9",19.5,"",9.0,"",.0,"9",.0,"9",.0,"9",1,"",0,"","R",0,"8",0,"8",0,"8"
"349190650","KASPROWY WIERCH","2018","12","03",.6,"",-5.8,"",-.6,"",.0,"8",1.5,"","S",9,"",2.3,"",.5,"",.0,"9",.0,"9",.0,"9",.0,"9",20.0,"",.0,"9",13.3,"",.0,"9",.0,"9",3.2,"",.0,"9",13.8,"",.0,"9",.0,"9",.0,"9",.0,"9",1,"",0,"","R",0,"8",0,"8",0,"8"
"349190650","KASPROWY WIERCH","2018","12","04",.1,"",-5.0,"",-2.2,"",.0,"8",16.5,"","S",8,"",2.6,"",.0,"9",1.0,"",13.1,"",.0,"9",.0,"9",24.0,"",.0,"9",23.0,"",1.0,"",.0,"9",10.3,"",.0,"9",5.2,"",.0,"9",.0,"9",.0,"9",.0,"9",1,"",0,"","R",0,"8",0,"8",0,"8"
"349190650","KASPROWY WIERCH","2018","12","05",-5.0,"",-12.5,"",-10.5,"",.0,"8",.1,"","S",23,"",1.9,"",2.7,"",.0,"9",5.9,"",.0,"9",.0,"9",12.3,"",.0,"9",12.3,"",.0,"9",.0,"9",22.2,"",.0,"9",1.8,"",.0,"9",.0,"9",.0,"9",.0,"9",1,"",0,"","R",0,"8",0,"8",0,"8"
"349190650","KASPROWY WIERCH","2018","12","06",-3.7,"",-11.1,"",-7.5,"",.0,"8",2.1,"","S",22,"",1.8,"",5.6,"",.0,"9",2.5,"",.0,"9",.0,"9",2.1,"",.0,"9",2.1,"",.0,"9",.0,"9",3.5,"",.0,"9",1.5,"",.0,"9",.0,"9",.0,"9",.0,"9",1,"",0,"","Z",0,"8",0,"8",0,"8"
"349190650","KASPROWY WIERCH","2018","12","07",1.4,"",-4.8,"",-.6,"",.0,"8",3.7,"","S",22,"",1.9,"",.0,"9",.0,"9",1.2,"",.0,"9",.0,"9",14.3,"",.0,"9",12.0,"",.0,"9",.0,"9",1.2,"",.0,"9",8.2,"",2.5,"",.0,"9",.0,"9",.0,"9",1,"",0,"","R",0,"8",0,"8",0,"8"
"349190650","KASPROWY WIERCH","2018","12","08",2.3,"",-8.4,"",-4.5,"",.0,"8",3.6,"","S",20,"",2.4,"",.1,"",.0,"9",9.6,"",.0,"9",.0,"9",13.9,"",.0,"9",13.9,"",.0,"9",.0,"9",23.3,"",.0,"9",9.2,"",.2,"",.0,"9",.0,"9",.0,"9",1,"",0,"","R",0,"8",0,"8",0,"8"
"349190650","KASPROWY WIERCH","2018","12","09",-4.5,"",-7.6,"",-5.3,"",.0,"8",5.1,"","S",22,"",2.0,"",.0,"9",.0,"9",7.9,"",.0,"9",.0,"9",20.8,"",.0,"9",20.8,"",.0,"9",.0,"9",24.0,"",.0,"9",15.7,"",2.5,"",.0,"9",.0,"9",.0,"9",1,"",0,"","Z",0,"8",0,"8",0,"8"
"349190650","KASPROWY WIERCH","2018","12","10",-4.9,"",-10.4,"",-8.3,"",.0,"8",15.2,"","S",25,"",2.4,"",.0,"9",.0,"9",18.3,"",.0,"9",.0,"9",24.0,"",.0,"9",24.0,"",.0,"9",.0,"9",24.0,"",.0,"9",3.2,"",.0,"9",.0,"9",.0,"9",.0,"9",1,"",0,"","Z",0,"8",0,"8",0,"8"
"349190650","KASPROWY WIERCH","2018","12","11",-9.5,"",-11.8,"",-10.4,"",.0,"8",12.1,"","S",35,"",1.8,"",.1,"",.0,"9",15.8,"",.0,"9",.0,"9",20.9,"",.0,"9",20.9,"",.0,"9",1.0,"",3.1,"",.0,"9",.5,"",.0,"9",.0,"9",.0,"9",.0,"9",1,"",0,"","R",0,"8",0,"8",0,"8"
"349190650","KASPROWY WIERCH","2018","12","12",-8.7,"",-11.1,"",-10.4,"",.0,"8",5.7,"","S",53,"",1.8,"",.0,"9",.0,"9",19.3,"",.0,"9",.0,"9",22.7,"",.0,"9",22.7,"",.0,"9",.0,"9",.0,"9",.0,"9",.0,"9",.0,"9",.0,"9",.0,"9",.0,"9",1,"",0,"","R",0,"8",0,"8",0,"8"
"349190650","KASPROWY WIERCH","2018","12","13",-5.1,"",-12.9,"",-11.6,"",.0,"8",.0,"9","",58,"",1.9,"",7.7,"",.0,"9",.0,"9",.0,"9",.0,"9",.0,"9",.0,"9",.0,"9",.0,"9",.0,"9",.0,"9",.0,"9",.0,"9",.0,"9",.0,"9",.0,"9",.0,"9",1,"",0,"","R",0,"8",0,"8",0,"8"
"349190650","KASPROWY WIERCH","2018","12","14",-7.4,"",-11.8,"",-9.7,"",.0,"8",.0,"9","",55,"",2.1,"",7.3,"",.0,"9",.0,"9",.0,"9",.0,"9",.0,"9",.0,"9",.0,"9",.0,"9",.0,"9",.0,"9",.0,"9",.0,"9",.0,"9",.0,"9",.0,"9",.0,"9",1,"",0,"","R",0,"8",0,"8",0,"8"
"349190650","KASPROWY WIERCH","2018","12","15",-6.8,"",-12.4,"",-9.3,"",.0,"8",1.6,"","S",54,"",2.1,"",.1,"",.0,"9",10.8,"",.0,"9",.0,"9",7.9,"",.0,"9",7.9,"",.0,"9",.0,"9",9.3,"",.0,"9",.0,"9",.0,"9",.0,"9",.0,"9",.0,"9",1,"",0,"","R",0,"8",0,"8",0,"8"
"349190650","KASPROWY WIERCH","2018","12","16",-7.6,"",-12.2,"",-10.0,"",.0,"8",.0,"9","",54,"",2.1,"",5.0,"",.0,"9",5.3,"",.0,"9",.0,"9",12.8,"",.0,"9",12.8,"",.0,"9",.0,"9",17.3,"",.0,"9",2.5,"",.0,"9",.0,"9",.0,"9",.0,"9",1,"",0,"","R",0,"8",0,"8",0,"8"
"349190650","KASPROWY WIERCH","2018","12","17",-5.7,"",-10.0,"",-8.0,"",.0,"8",.0,"9","",52,"",2.1,"",2.3,"",.0,"9",.0,"9",.0,"9",.0,"9",2.9,"",.0,"9",2.9,"",.0,"9",.0,"9",.0,"9",.0,"9",.0,"9",.0,"9",.0,"9",.0,"9",.0,"9",1,"",0,"","Z",0,"8",0,"8",0,"8"
"349190650","KASPROWY WIERCH","2018","12","18",-4.0,"",-11.8,"",-7.0,"",.0,"8",.0,"9","",51,"",2.1,"",6.8,"",.0,"9",.0,"9",.0,"9",.0,"9",7.6,"",.0,"9",7.6,"",.0,"9",.0,"9",2.2,"",.0,"9",.0,"9",.0,"9",.0,"9",.0,"9",.0,"9",1,"",0,"","R",0,"8",0,"8",0,"8"
"349190650","KASPROWY WIERCH","2018","12","19",-1.3,"",-5.1,"",-3.5,"",.0,"8",.0,"9","",49,"",2.4,"",7.1,"",.0,"9",.0,"9",.0,"9",.0,"9",.0,"9",.0,"9",.0,"9",.0,"9",.0,"9",16.9,"",.0,"9",9.7,"",.0,"9",.0,"9",.0,"9",.0,"9",1,"",0,"","R",0,"8",0,"8",0,"8"
"349190650","KASPROWY WIERCH","2018","12","20",-3.7,"",-9.7,"",-6.3,"",.0,"8",2.6,"","S",46,"",2.4,"",.0,"9",.0,"9",8.1,"",.0,"9",.0,"9",15.0,"",.0,"9",15.0,"",.0,"9",.0,"9",24.0,"",.0,"9",18.0,"",.7,"",.0,"9",.0,"9",.0,"9",1,"",0,"","R",0,"8",0,"8",0,"8"
"349190650","KASPROWY WIERCH","2018","12","21",-5.1,"",-7.5,"",-6.1,"",.0,"8",4.1,"","S",46,"",2.5,"",.0,"9",.0,"9",12.9,"",.0,"9",.0,"9",17.4,"",.0,"9",17.4,"",.0,"9",.0,"9",24.0,"",.0,"9",20.8,"",7.3,"",.0,"9",.0,"9",.0,"9",1,"",0,"","R",0,"8",0,"8",0,"8"
"349190650","KASPROWY WIERCH","2018","12","22",-1.7,"",-6.5,"",-3.1,"",.0,"8",11.6,"","S",47,"",2.4,"",.0,"9",.0,"9",21.2,"",.0,"9",.0,"9",20.8,"",.0,"9",20.8,"",.0,"9",.0,"9",24.0,"",.0,"9",17.8,"",.8,"",.0,"9",.0,"9",.0,"9",1,"",0,"","R",0,"8",0,"8",0,"8"
"349190650","KASPROWY WIERCH","2018","12","23",-3.5,"",-6.8,"",-6.1,"",.0,"8",6.5,"","S",53,"",2.3,"",.0,"9",.0,"9",9.1,"",.0,"9",.0,"9",20.8,"",.0,"9",20.8,"",.0,"9",.0,"9",24.0,"",.0,"9",8.2,"",.0,"9",.0,"9",.0,"9",.0,"9",1,"",0,"","Z",0,"8",0,"8",0,"8"
"349190650","KASPROWY WIERCH","2018","12","24",-4.3,"",-13.8,"",-9.4,"",.0,"8",34.2,"","S",59,"",2.4,"",.0,"9",.0,"9",22.3,"",.0,"9",.0,"9",24.0,"",.0,"9",24.0,"",.0,"9",.0,"9",22.4,"",.0,"9",6.7,"",.0,"9",.0,"9",.0,"9",.0,"9",1,"",0,"","R",0,"8",0,"8",0,"8"
"349190650","KASPROWY WIERCH","2018","12","25",-9.0,"",-14.6,"",-11.7,"",.0,"8",15.1,"","S",83,"",2.1,"",.0,"9",.0,"9",24.0,"",.0,"9",.0,"9",24.0,"",.0,"9",24.0,"",.0,"9",.0,"9",18.8,"",.0,"9",.0,"9",.0,"9",.0,"9",.0,"9",.0,"9",1,"",0,"","R",0,"8",0,"8",0,"8"
"349190650","KASPROWY WIERCH","2018","12","26",-8.2,"",-9.2,"",-8.8,"",.0,"8",5.5,"","S",92,"",2.2,"",.0,"9",.0,"9",17.7,"",.0,"9",.0,"9",24.0,"",.0,"9",24.0,"",.0,"9",.0,"9",22.7,"",.0,"9",.0,"9",.0,"9",.0,"9",.0,"9",.0,"9",1,"",0,"","Z",0,"8",0,"8",0,"8"
"349190650","KASPROWY WIERCH","2018","12","27",-1.2,"",-8.8,"",-4.1,"",.0,"8",2.9,"","S",96,"",2.1,"",.0,"9",.0,"9",12.6,"",.0,"9",.0,"9",17.9,"",.0,"9",17.9,"",.0,"9",.0,"9",17.7,"",.0,"9",.2,"",.0,"9",.0,"9",.0,"9",.0,"9",1,"",0,"","R",0,"8",0,"8",0,"8"
"349190650","KASPROWY WIERCH","2018","12","28",-1.3,"",-6.7,"",-4.0,"",.0,"8",12.2,"","S",98,"",2.3,"",.0,"9",.5,"",11.7,"",.0,"9",.0,"9",22.3,"",.0,"9",21.9,"",.5,"",.0,"9",17.4,"",.0,"9",.0,"9",.0,"9",.0,"9",.0,"9",.0,"9",1,"",0,"","R",0,"8",0,"8",0,"8"
"349190650","KASPROWY WIERCH","2018","12","29",-6.7,"",-8.1,"",-7.4,"",.0,"8",3.8,"","S",106,"",2.3,"",.0,"9",.0,"9",18.4,"",.0,"9",.0,"9",21.6,"",.0,"9",21.6,"",.0,"9",.0,"9",10.3,"",.0,"9",.0,"9",.0,"9",.0,"9",.0,"9",.0,"9",1,"",0,"","Z",0,"8",0,"8",0,"8"
"349190650","KASPROWY WIERCH","2018","12","30",-5.2,"",-7.9,"",-6.5,"",.0,"8",13.2,"","S",105,"",2.4,"",1.7,"",.0,"9",12.3,"",.0,"9",.0,"9",18.0,"",.0,"9",18.0,"",.0,"9",.0,"9",7.6,"",.0,"9",.0,"9",.0,"9",.0,"9",.0,"9",.0,"9",1,"",0,"","R",0,"8",0,"8",0,"8"
"349190650","KASPROWY WIERCH","2018","12","31",-7.1,"",-10.3,"",-9.5,"",.0,"8",16.1,"","S",119,"",2.4,"",.0,"9",.0,"9",21.6,"",.0,"9",.0,"9",21.6,"",.0,"9",21.6,"",.0,"9",.0,"9",19.2,"",.0,"9",.0,"9",.0,"9",.0,"9",.0,"9",.0,"9",1,"",0,"","R",0,"8",0,"8",0,"8"
